,2019,2020,2021,2022,2023,mean
01-01 00:00:00,0.0,0.0,0.0,0.0,0.0,0.0
01-01 01:00:00,0.0,0.0,0.0,0.0,0.0,0.0
01-01 02:00:00,0.0,0.0,0.0,0.0,0.0,0.0
01-01 03:00:00,0.0,0.0,0.0,0.0,0.0,0.0
01-01 04:00:00,0.0,0.0,0.0,0.0,0.0,0.0
01-01 05:00:00,0.0,0.0,0.0,0.0,0.0,0.0
01-01 06:00:00,0.0,0.0,0.0,0.0,0.0,0.0
01-01 07:00:00,0.0,0.0,0.0,0.0,0.0,0.0
01-01 08:00:00,0.0,0.0,0.0,0.0,0.0,0.0
01-01 09:00:00,6.0,10.0,20.46,13.81,14.79,13.012
01-01 10:00:00,109.0,247.0,223.0,145.0,103.0,165.4
01-01 11:00:00,274.0,449.0,480.0,235.0,179.0,323.4
01-01 12:00:00,491.0,690.0,712.0,242.0,245.0,476.0
01-01 13:00:00,334.0,813.0,909.0,131.0,349.0,507.2
01-01 14:00:00,503.0,828.0,1038.0,201.0,503.0,614.6
01-01 15:00:00,866.0,903.0,1000.0,218.0,943.0,786.0
01-01 16:00:00,934.0,1071.0,417.0,475.0,939.0,767.2
01-01 17:00:00,864.0,947.0,112.0,194.0,908.0,605.0
01-01 18:00:00,93.0,714.0,135.0,142.0,740.0,364.8
01-01 19:00:00,608.0,438.0,55.0,66.0,473.0,328.0
01-01 20:00:00,33.0,50.0,33.0,33.0,353.0,100.4
01-01 21:00:00,12.0,12.0,12.0,12.0,71.0,23.8
01-01 22:00:00,0.0,0.0,0.0,0.0,0.0,0.0
01-01 23:00:00,0.0,0.0,0.0,0.0,0.0,0.0
02-01 00:00:00,0.0,0.0,0.0,0.0,0.0,0.0
02-01 01:00:00,0.0,0.0,0.0,0.0,0.0,0.0
02-01 02:00:00,0.0,0.0,0.0,0.0,0.0,0.0
02-01 03:00:00,0.0,0.0,0.0,0.0,0.0,0.0
02-01 04:00:00,0.0,0.0,0.0,0.0,0.0,0.0
02-01 05:00:00,0.0,0.0,0.0,0.0,0.0,0.0
02-01 06:00:00,0.0,0.0,0.0,0.0,0.0,0.0
02-01 07:00:00,0.0,0.0,0.0,0.0,0.0,0.0
02-01 08:00:00,0.0,0.0,0.0,0.0,0.0,0.0
02-01 09:00:00,6.0,6.0,2.0,2.0,11.0,5.4
02-01 10:00:00,236.0,153.0,126.0,83.0,234.0,166.4
02-01 11:00:00,437.0,246.0,300.0,409.0,387.0,355.8
02-01 12:00:00,425.0,245.0,594.0,315.0,253.0,366.4
02-01 13:00:00,686.0,565.0,896.0,639.0,760.0,709.2
02-01 14:00:00,949.0,762.0,864.0,1010.0,663.0,849.6
02-01 15:00:00,880.0,806.0,1083.0,973.0,1039.0,956.2
02-01 16:00:00,536.0,886.0,1048.0,601.0,997.0,813.6
02-01 17:00:00,450.0,846.0,827.0,559.0,645.0,665.4
02-01 18:00:00,830.0,528.0,584.0,444.0,524.0,582.0
02-01 19:00:00,633.0,178.0,575.0,125.0,55.0,313.2
02-01 20:00:00,118.0,33.0,364.0,33.0,33.0,116.2
02-01 21:00:00,12.0,12.0,133.0,12.0,12.0,36.2
02-01 22:00:00,0.0,0.0,0.0,0.0,0.0,0.0
02-01 23:00:00,0.0,0.0,0.0,0.0,0.0,0.0
03-01 00:00:00,0.0,0.0,0.0,0.0,0.0,0.0
03-01 01:00:00,0.0,0.0,0.0,0.0,0.0,0.0
03-01 02:00:00,0.0,0.0,0.0,0.0,0.0,0.0
03-01 03:00:00,0.0,0.0,0.0,0.0,0.0,0.0
03-01 04:00:00,0.0,0.0,0.0,0.0,0.0,0.0
03-01 05:00:00,0.0,0.0,0.0,0.0,0.0,0.0
03-01 06:00:00,0.0,0.0,0.0,0.0,0.0,0.0
03-01 07:00:00,0.0,0.0,0.0,0.0,0.0,0.0
03-01 08:00:00,0.0,0.0,0.0,0.0,0.0,0.0
03-01 09:00:00,10.0,4.0,13.79,12.81,10.0,10.120000000000001
03-01 10:00:00,240.0,233.0,198.0,210.0,37.0,183.6
03-01 11:00:00,496.0,384.0,480.0,350.0,147.0,371.4
03-01 12:00:00,726.0,557.0,698.0,536.0,252.0,553.8
03-01 13:00:00,908.0,480.0,758.0,300.0,766.0,642.4
03-01 14:00:00,1033.0,845.0,1027.0,898.0,745.0,909.6
03-01 15:00:00,1087.0,826.0,259.0,1084.0,571.0,765.4
03-01 16:00:00,1041.0,1055.0,162.0,1067.0,253.0,715.6
03-01 17:00:00,739.0,981.0,442.0,740.0,128.0,606.0
03-01 18:00:00,737.0,751.0,617.0,811.0,99.0,603.0
03-01 19:00:00,627.0,557.0,55.0,588.0,94.0,384.2
03-01 20:00:00,348.0,357.0,34.0,325.0,33.0,219.4
03-01 21:00:00,45.0,12.0,12.0,124.0,12.0,41.0
03-01 22:00:00,0.0,0.0,0.0,0.0,0.0,0.0
03-01 23:00:00,0.0,0.0,0.0,0.0,0.0,0.0
04-01 00:00:00,0.0,0.0,0.0,0.0,0.0,0.0
04-01 01:00:00,0.0,0.0,0.0,0.0,0.0,0.0
04-01 02:00:00,0.0,0.0,0.0,0.0,0.0,0.0
04-01 03:00:00,0.0,0.0,0.0,0.0,0.0,0.0
04-01 04:00:00,0.0,0.0,0.0,0.0,0.0,0.0
04-01 05:00:00,0.0,0.0,0.0,0.0,0.0,0.0
04-01 06:00:00,0.0,0.0,0.0,0.0,0.0,0.0
04-01 07:00:00,0.0,0.0,0.0,0.0,0.0,0.0
04-01 08:00:00,0.0,0.0,0.0,0.0,0.0,0.0
04-01 09:00:00,7.0,9.0,5.0,5.0,5.0,6.2
04-01 10:00:00,229.0,157.0,118.0,201.0,21.0,145.2
04-01 11:00:00,476.0,98.0,131.0,277.0,100.0,216.4
04-01 12:00:00,685.0,167.0,304.0,418.0,247.0,364.2
04-01 13:00:00,772.0,497.0,381.0,506.0,289.0,489.0
04-01 14:00:00,1023.0,460.0,441.0,738.0,454.0,623.2
04-01 15:00:00,1037.0,470.0,305.0,647.0,903.0,672.4
04-01 16:00:00,822.0,362.0,295.0,714.0,857.0,610.0
04-01 17:00:00,165.0,337.0,296.0,654.0,679.0,426.2
04-01 18:00:00,134.0,452.0,249.0,536.0,163.0,306.8
04-01 19:00:00,529.0,234.0,159.0,456.0,72.0,290.0
04-01 20:00:00,110.0,33.0,36.0,61.0,53.0,58.6
04-01 21:00:00,12.0,12.0,20.0,12.0,101.0,31.4
04-01 22:00:00,0.0,0.0,0.0,0.0,0.0,0.0
04-01 23:00:00,0.0,0.0,0.0,0.0,0.0,0.0
05-01 00:00:00,0.0,0.0,0.0,0.0,0.0,0.0
05-01 01:00:00,0.0,0.0,0.0,0.0,0.0,0.0
05-01 02:00:00,0.0,0.0,0.0,0.0,0.0,0.0
05-01 03:00:00,0.0,0.0,0.0,0.0,0.0,0.0
05-01 04:00:00,0.0,0.0,0.0,0.0,0.0,0.0
05-01 05:00:00,0.0,0.0,0.0,0.0,0.0,0.0
05-01 06:00:00,0.0,0.0,0.0,0.0,0.0,0.0
05-01 07:00:00,0.0,0.0,0.0,0.0,0.0,0.0
05-01 08:00:00,0.0,0.0,0.0,0.0,0.0,0.0
05-01 09:00:00,3.0,9.0,3.0,9.0,10.0,6.8
05-01 10:00:00,98.0,21.0,31.0,224.0,148.0,104.4
05-01 11:00:00,105.0,53.0,266.0,364.0,278.0,213.2
05-01 12:00:00,468.0,68.0,365.0,356.0,423.0,336.0
05-01 13:00:00,245.0,102.0,598.0,607.0,624.0,435.2
05-01 14:00:00,465.0,304.0,897.0,859.0,590.0,623.0
05-01 15:00:00,315.0,263.0,1011.0,965.0,619.0,634.6
05-01 16:00:00,902.0,976.0,941.0,1021.0,566.0,881.2
05-01 17:00:00,434.0,365.0,756.0,871.0,709.0,627.0
05-01 18:00:00,576.0,683.0,827.0,723.0,570.0,675.8
05-01 19:00:00,266.0,628.0,611.0,603.0,228.0,467.2
05-01 20:00:00,237.0,47.0,34.0,187.0,119.0,124.8
05-01 21:00:00,56.0,12.0,57.0,18.0,37.0,36.0
05-01 22:00:00,0.0,0.0,0.0,0.0,0.0,0.0
05-01 23:00:00,0.0,0.0,0.0,0.0,0.0,0.0
06-01 00:00:00,0.0,0.0,0.0,0.0,0.0,0.0
06-01 01:00:00,0.0,0.0,0.0,0.0,0.0,0.0
06-01 02:00:00,0.0,0.0,0.0,0.0,0.0,0.0
06-01 03:00:00,0.0,0.0,0.0,0.0,0.0,0.0
06-01 04:00:00,0.0,0.0,0.0,0.0,0.0,0.0
06-01 05:00:00,0.0,0.0,0.0,0.0,0.0,0.0
06-01 06:00:00,0.0,0.0,0.0,0.0,0.0,0.0
06-01 07:00:00,0.0,0.0,0.0,0.0,0.0,0.0
06-01 08:00:00,0.0,0.0,0.0,0.0,0.0,0.0
06-01 09:00:00,3.0,1.0,9.0,8.0,3.0,4.8
06-01 10:00:00,37.0,100.0,192.0,142.0,20.0,98.2
06-01 11:00:00,120.0,271.0,473.0,334.0,72.0,254.0
06-01 12:00:00,382.0,352.0,707.0,426.0,256.0,424.6
06-01 13:00:00,236.0,590.0,893.0,628.0,331.0,535.6
06-01 14:00:00,788.0,719.0,849.0,793.0,568.0,743.4
06-01 15:00:00,868.0,711.0,1037.0,635.0,646.0,779.4
06-01 16:00:00,1043.0,938.0,1052.0,1041.0,773.0,969.4
06-01 17:00:00,956.0,859.0,822.0,879.0,713.0,845.8
06-01 18:00:00,799.0,460.0,851.0,474.0,621.0,641.0
06-01 19:00:00,515.0,398.0,56.0,565.0,529.0,412.6
06-01 20:00:00,162.0,380.0,34.0,40.0,74.0,138.0
06-01 21:00:00,31.0,137.0,12.0,12.0,21.0,42.6
06-01 22:00:00,0.0,0.0,0.0,0.0,0.0,0.0
06-01 23:00:00,0.0,0.0,0.0,0.0,0.0,0.0
07-01 00:00:00,0.0,0.0,0.0,0.0,0.0,0.0
07-01 01:00:00,0.0,0.0,0.0,0.0,0.0,0.0
07-01 02:00:00,0.0,0.0,0.0,0.0,0.0,0.0
07-01 03:00:00,0.0,0.0,0.0,0.0,0.0,0.0
07-01 04:00:00,0.0,0.0,0.0,0.0,0.0,0.0
07-01 05:00:00,0.0,0.0,0.0,0.0,0.0,0.0
07-01 06:00:00,0.0,0.0,0.0,0.0,0.0,0.0
07-01 07:00:00,0.0,0.0,0.0,0.0,0.0,0.0
07-01 08:00:00,0.0,0.0,0.0,0.0,0.0,0.0
07-01 09:00:00,3.0,2.0,5.0,4.0,3.0,3.4
07-01 10:00:00,234.0,102.0,209.0,47.0,132.0,144.8
07-01 11:00:00,491.0,262.0,414.0,80.0,242.0,297.8
07-01 12:00:00,723.0,304.0,555.0,123.0,372.0,415.4
07-01 13:00:00,904.0,756.0,577.0,258.0,418.0,582.6
07-01 14:00:00,1003.0,947.0,905.0,143.0,622.0,724.0
07-01 15:00:00,1051.0,1004.0,517.0,218.0,575.0,673.0
07-01 16:00:00,1000.0,1012.0,136.0,131.0,727.0,601.2
07-01 17:00:00,891.0,656.0,127.0,533.0,862.0,613.8
07-01 18:00:00,690.0,556.0,281.0,630.0,850.0,601.4
07-01 19:00:00,603.0,85.0,56.0,458.0,261.0,292.6
07-01 20:00:00,367.0,42.0,34.0,43.0,196.0,136.4
07-01 21:00:00,60.0,13.0,12.0,76.0,106.0,53.4
07-01 22:00:00,0.0,0.0,0.0,0.0,0.0,0.0
07-01 23:00:00,0.0,0.0,0.0,0.0,0.0,0.0
08-01 00:00:00,0.0,0.0,0.0,0.0,0.0,0.0
08-01 01:00:00,0.0,0.0,0.0,0.0,0.0,0.0
08-01 02:00:00,0.0,0.0,0.0,0.0,0.0,0.0
08-01 03:00:00,0.0,0.0,0.0,0.0,0.0,0.0
08-01 04:00:00,0.0,0.0,0.0,0.0,0.0,0.0
08-01 05:00:00,0.0,0.0,0.0,0.0,0.0,0.0
08-01 06:00:00,0.0,0.0,0.0,0.0,0.0,0.0
08-01 07:00:00,0.0,0.0,0.0,0.0,0.0,0.0
08-01 08:00:00,0.0,0.0,0.0,0.0,0.0,0.0
08-01 09:00:00,5.0,4.0,8.0,1.0,2.0,4.0
08-01 10:00:00,231.0,117.0,120.0,158.0,111.0,147.4
08-01 11:00:00,490.0,451.0,427.0,255.0,202.0,365.0
08-01 12:00:00,723.0,696.0,684.0,341.0,295.0,547.8
08-01 13:00:00,811.0,727.0,909.0,156.0,617.0,644.0
08-01 14:00:00,899.0,531.0,1044.0,177.0,521.0,634.4
08-01 15:00:00,993.0,764.0,1119.0,169.0,563.0,721.6
08-01 16:00:00,1070.0,885.0,1120.0,205.0,605.0,777.0
08-01 17:00:00,960.0,737.0,1024.0,196.0,415.0,666.4
08-01 18:00:00,841.0,628.0,857.0,97.0,235.0,531.6
08-01 19:00:00,574.0,464.0,464.0,109.0,261.0,374.4
08-01 20:00:00,281.0,289.0,357.0,112.0,175.0,242.8
08-01 21:00:00,13.0,12.0,84.0,58.0,12.0,35.8
08-01 22:00:00,0.0,0.0,0.0,0.0,0.0,0.0
08-01 23:00:00,0.0,0.0,0.0,0.0,0.0,0.0
09-01 00:00:00,0.0,0.0,0.0,0.0,0.0,0.0
09-01 01:00:00,0.0,0.0,0.0,0.0,0.0,0.0
09-01 02:00:00,0.0,0.0,0.0,0.0,0.0,0.0
09-01 03:00:00,0.0,0.0,0.0,0.0,0.0,0.0
09-01 04:00:00,0.0,0.0,0.0,0.0,0.0,0.0
09-01 05:00:00,0.0,0.0,0.0,0.0,0.0,0.0
09-01 06:00:00,0.0,0.0,0.0,0.0,0.0,0.0
09-01 07:00:00,0.0,0.0,0.0,0.0,0.0,0.0
09-01 08:00:00,0.0,0.0,0.0,0.0,0.0,0.0
09-01 09:00:00,2.0,1.0,6.0,1.0,6.0,3.2
09-01 10:00:00,218.0,103.0,78.0,35.0,135.0,113.8
09-01 11:00:00,472.0,107.0,476.0,115.0,353.0,304.6
09-01 12:00:00,704.0,110.0,682.0,138.0,456.0,418.0
09-01 13:00:00,886.0,177.0,869.0,287.0,741.0,592.0
09-01 14:00:00,948.0,368.0,1021.0,363.0,658.0,671.6
09-01 15:00:00,988.0,767.0,1042.0,508.0,882.0,837.4
09-01 16:00:00,1027.0,1030.0,1093.0,633.0,585.0,873.6
09-01 17:00:00,870.0,760.0,971.0,485.0,133.0,643.8
09-01 18:00:00,576.0,509.0,784.0,311.0,214.0,478.8
09-01 19:00:00,580.0,309.0,264.0,290.0,77.0,304.0
09-01 20:00:00,371.0,320.0,34.0,120.0,34.0,175.8
09-01 21:00:00,117.0,111.0,12.0,71.0,12.0,64.6
09-01 22:00:00,0.0,0.0,0.0,0.0,0.0,0.0
09-01 23:00:00,0.0,0.0,0.0,0.0,0.0,0.0
10-01 00:00:00,0.0,0.0,0.0,0.0,0.0,0.0
10-01 01:00:00,0.0,0.0,0.0,0.0,0.0,0.0
10-01 02:00:00,0.0,0.0,0.0,0.0,0.0,0.0
10-01 03:00:00,0.0,0.0,0.0,0.0,0.0,0.0
10-01 04:00:00,0.0,0.0,0.0,0.0,0.0,0.0
10-01 05:00:00,0.0,0.0,0.0,0.0,0.0,0.0
10-01 06:00:00,0.0,0.0,0.0,0.0,0.0,0.0
10-01 07:00:00,0.0,0.0,0.0,0.0,0.0,0.0
10-01 08:00:00,0.0,0.0,0.0,0.0,0.0,0.0
10-01 09:00:00,2.0,2.0,3.0,2.0,5.0,2.8
10-01 10:00:00,229.0,164.0,84.0,28.0,201.0,141.2
10-01 11:00:00,479.0,446.0,110.0,42.0,322.0,279.8
10-01 12:00:00,531.0,621.0,319.0,94.0,547.0,422.4
10-01 13:00:00,907.0,854.0,589.0,268.0,871.0,697.8
10-01 14:00:00,1008.0,977.0,813.0,437.0,974.0,841.8
10-01 15:00:00,1014.0,1038.0,1028.0,333.0,717.0,826.0
10-01 16:00:00,1042.0,1037.0,1079.0,205.0,891.0,850.8
10-01 17:00:00,946.0,1000.0,937.0,114.0,938.0,787.0
10-01 18:00:00,810.0,769.0,101.0,98.0,540.0,463.6
10-01 19:00:00,69.0,604.0,380.0,86.0,315.0,290.8
10-01 20:00:00,35.0,191.0,344.0,313.0,356.0,247.8
10-01 21:00:00,13.0,27.0,136.0,12.0,12.0,40.0
10-01 22:00:00,0.0,0.0,0.0,0.0,0.0,0.0
10-01 23:00:00,0.0,0.0,0.0,0.0,0.0,0.0
11-01 00:00:00,0.0,0.0,0.0,0.0,0.0,0.0
11-01 01:00:00,0.0,0.0,0.0,0.0,0.0,0.0
11-01 02:00:00,0.0,0.0,0.0,0.0,0.0,0.0
11-01 03:00:00,0.0,0.0,0.0,0.0,0.0,0.0
11-01 04:00:00,0.0,0.0,0.0,0.0,0.0,0.0
11-01 05:00:00,0.0,0.0,0.0,0.0,0.0,0.0
11-01 06:00:00,0.0,0.0,0.0,0.0,0.0,0.0
11-01 07:00:00,0.0,0.0,0.0,0.0,0.0,0.0
11-01 08:00:00,0.0,0.0,0.0,0.0,0.0,0.0
11-01 09:00:00,2.0,1.0,1.0,5.0,5.0,2.8
11-01 10:00:00,148.0,95.0,96.0,22.0,210.0,114.2
11-01 11:00:00,238.0,315.0,334.0,164.0,379.0,286.0
11-01 12:00:00,132.0,440.0,641.0,187.0,598.0,399.6
11-01 13:00:00,566.0,859.0,714.0,118.0,773.0,606.0
11-01 14:00:00,746.0,1005.0,849.0,192.0,816.0,721.6
11-01 15:00:00,753.0,1091.0,907.0,184.0,923.0,771.6
11-01 16:00:00,811.0,1108.0,957.0,205.0,840.0,784.2
11-01 17:00:00,766.0,847.0,1007.0,441.0,853.0,782.8
11-01 18:00:00,770.0,663.0,817.0,576.0,403.0,645.8
11-01 19:00:00,317.0,649.0,491.0,301.0,465.0,444.6
11-01 20:00:00,35.0,370.0,302.0,319.0,276.0,260.4
11-01 21:00:00,13.0,135.0,109.0,80.0,13.0,70.0
11-01 22:00:00,0.0,0.0,0.0,0.0,0.0,0.0
11-01 23:00:00,0.0,0.0,0.0,0.0,0.0,0.0
12-01 00:00:00,0.0,0.0,0.0,0.0,0.0,0.0
12-01 01:00:00,0.0,0.0,0.0,0.0,0.0,0.0
12-01 02:00:00,0.0,0.0,0.0,0.0,0.0,0.0
12-01 03:00:00,0.0,0.0,0.0,0.0,0.0,0.0
12-01 04:00:00,0.0,0.0,0.0,0.0,0.0,0.0
12-01 05:00:00,0.0,0.0,0.0,0.0,0.0,0.0
12-01 06:00:00,0.0,0.0,0.0,0.0,0.0,0.0
12-01 07:00:00,0.0,0.0,0.0,0.0,0.0,0.0
12-01 08:00:00,0.0,0.0,0.0,0.0,0.0,0.0
12-01 09:00:00,1.0,3.0,1.0,1.0,1.0,1.4
12-01 10:00:00,96.0,218.0,114.0,31.0,166.0,125.0
12-01 11:00:00,396.0,476.0,131.0,214.0,449.0,333.2
12-01 12:00:00,682.0,714.0,254.0,194.0,627.0,494.2
12-01 13:00:00,876.0,892.0,434.0,138.0,913.0,650.6
12-01 14:00:00,976.0,1049.0,662.0,171.0,823.0,736.2
12-01 15:00:00,922.0,1109.0,743.0,188.0,841.0,760.6
12-01 16:00:00,1061.0,1120.0,911.0,405.0,1041.0,907.6
12-01 17:00:00,970.0,1003.0,989.0,329.0,876.0,833.4
12-01 18:00:00,607.0,670.0,518.0,365.0,383.0,508.6
12-01 19:00:00,56.0,636.0,446.0,188.0,209.0,307.0
12-01 20:00:00,35.0,409.0,128.0,233.0,355.0,232.0
12-01 21:00:00,13.0,121.0,41.0,13.0,77.0,53.0
12-01 22:00:00,0.0,0.0,0.0,0.0,0.0,0.0
12-01 23:00:00,0.0,0.0,0.0,0.0,0.0,0.0
13-01 00:00:00,0.0,0.0,0.0,0.0,0.0,0.0
13-01 01:00:00,0.0,0.0,0.0,0.0,0.0,0.0
13-01 02:00:00,0.0,0.0,0.0,0.0,0.0,0.0
13-01 03:00:00,0.0,0.0,0.0,0.0,0.0,0.0
13-01 04:00:00,0.0,0.0,0.0,0.0,0.0,0.0
13-01 05:00:00,0.0,0.0,0.0,0.0,0.0,0.0
13-01 06:00:00,0.0,0.0,0.0,0.0,0.0,0.0
13-01 07:00:00,0.0,0.0,0.0,0.0,0.0,0.0
13-01 08:00:00,0.0,0.0,0.0,0.0,0.0,0.0
13-01 09:00:00,0.0,0.0,0.0,0.0,0.0,0.0
13-01 10:00:00,178.0,213.0,185.0,77.0,149.0,160.4
13-01 11:00:00,468.0,481.0,286.0,154.0,376.0,353.0
13-01 12:00:00,709.0,708.0,658.0,458.0,542.0,615.0
13-01 13:00:00,892.0,886.0,808.0,467.0,493.0,709.2
13-01 14:00:00,1034.0,1026.0,800.0,586.0,726.0,834.4
13-01 15:00:00,958.0,1084.0,839.0,870.0,1044.0,959.0
13-01 16:00:00,1105.0,1091.0,692.0,894.0,1062.0,968.8
13-01 17:00:00,1011.0,981.0,692.0,699.0,1022.0,881.0
13-01 18:00:00,718.0,763.0,837.0,431.0,274.0,604.6
13-01 19:00:00,562.0,432.0,506.0,366.0,56.0,384.4
13-01 20:00:00,35.0,310.0,221.0,112.0,35.0,142.6
13-01 21:00:00,13.0,54.0,13.0,13.0,13.0,21.2
13-01 22:00:00,0.0,0.0,0.0,0.0,0.0,0.0
13-01 23:00:00,0.0,0.0,0.0,0.0,0.0,0.0
14-01 00:00:00,0.0,0.0,0.0,0.0,0.0,0.0
14-01 01:00:00,0.0,0.0,0.0,0.0,0.0,0.0
14-01 02:00:00,0.0,0.0,0.0,0.0,0.0,0.0
14-01 03:00:00,0.0,0.0,0.0,0.0,0.0,0.0
14-01 04:00:00,0.0,0.0,0.0,0.0,0.0,0.0
14-01 05:00:00,0.0,0.0,0.0,0.0,0.0,0.0
14-01 06:00:00,0.0,0.0,0.0,0.0,0.0,0.0
14-01 07:00:00,0.0,0.0,0.0,0.0,0.0,0.0
14-01 08:00:00,0.0,0.0,0.0,0.0,0.0,0.0
14-01 09:00:00,0.0,0.0,0.0,0.0,0.0,0.0
14-01 10:00:00,132.0,194.0,23.0,211.0,71.0,126.2
14-01 11:00:00,258.0,461.0,41.0,457.0,341.0,311.6
14-01 12:00:00,696.0,702.0,124.0,690.0,685.0,579.4
14-01 13:00:00,886.0,918.0,200.0,893.0,840.0,747.4
14-01 14:00:00,740.0,1064.0,258.0,913.0,1046.0,804.2
14-01 15:00:00,1093.0,1120.0,280.0,965.0,1113.0,914.2
14-01 16:00:00,1105.0,1067.0,365.0,1102.0,730.0,873.8
14-01 17:00:00,917.0,993.0,539.0,910.0,834.0,838.6
14-01 18:00:00,859.0,699.0,438.0,833.0,149.0,595.6
14-01 19:00:00,635.0,613.0,229.0,613.0,300.0,478.0
14-01 20:00:00,388.0,377.0,183.0,356.0,165.0,293.8
14-01 21:00:00,119.0,127.0,88.0,132.0,29.0,99.0
14-01 22:00:00,0.0,0.0,0.0,0.0,0.0,0.0
14-01 23:00:00,0.0,0.0,0.0,0.0,0.0,0.0
15-01 00:00:00,0.0,0.0,0.0,0.0,0.0,0.0
15-01 01:00:00,0.0,0.0,0.0,0.0,0.0,0.0
15-01 02:00:00,0.0,0.0,0.0,0.0,0.0,0.0
15-01 03:00:00,0.0,0.0,0.0,0.0,0.0,0.0
15-01 04:00:00,0.0,0.0,0.0,0.0,0.0,0.0
15-01 05:00:00,0.0,0.0,0.0,0.0,0.0,0.0
15-01 06:00:00,0.0,0.0,0.0,0.0,0.0,0.0
15-01 07:00:00,0.0,0.0,0.0,0.0,0.0,0.0
15-01 08:00:00,0.0,0.0,0.0,0.0,0.0,0.0
15-01 09:00:00,0.0,0.0,0.0,0.0,0.0,0.0
15-01 10:00:00,215.0,202.0,176.0,213.0,180.0,197.2
15-01 11:00:00,471.0,457.0,453.0,465.0,456.0,460.4
15-01 12:00:00,704.0,698.0,687.0,702.0,691.0,696.4
15-01 13:00:00,882.0,909.0,605.0,912.0,910.0,843.6
15-01 14:00:00,868.0,967.0,351.0,1095.0,774.0,811.0
15-01 15:00:00,912.0,1092.0,487.0,1155.0,1094.0,948.0
15-01 16:00:00,960.0,1057.0,171.0,1114.0,705.0,801.4
15-01 17:00:00,795.0,1011.0,119.0,998.0,187.0,622.0
15-01 18:00:00,733.0,831.0,88.0,849.0,440.0,588.2
15-01 19:00:00,624.0,619.0,56.0,657.0,605.0,512.2
15-01 20:00:00,327.0,356.0,54.0,363.0,39.0,227.8
15-01 21:00:00,16.0,131.0,49.0,106.0,13.0,63.0
15-01 22:00:00,0.0,0.0,0.0,0.0,0.0,0.0
15-01 23:00:00,0.0,0.0,0.0,0.0,0.0,0.0
16-01 00:00:00,0.0,0.0,0.0,0.0,0.0,0.0
16-01 01:00:00,0.0,0.0,0.0,0.0,0.0,0.0
16-01 02:00:00,0.0,0.0,0.0,0.0,0.0,0.0
16-01 03:00:00,0.0,0.0,0.0,0.0,0.0,0.0
16-01 04:00:00,0.0,0.0,0.0,0.0,0.0,0.0
16-01 05:00:00,0.0,0.0,0.0,0.0,0.0,0.0
16-01 06:00:00,0.0,0.0,0.0,0.0,0.0,0.0
16-01 07:00:00,0.0,0.0,0.0,0.0,0.0,0.0
16-01 08:00:00,0.0,0.0,0.0,0.0,0.0,0.0
16-01 09:00:00,0.0,0.0,0.0,0.0,0.0,0.0
16-01 10:00:00,191.0,203.0,99.0,212.0,19.0,144.8
16-01 11:00:00,450.0,444.0,69.0,466.0,41.0,294.0
16-01 12:00:00,674.0,684.0,77.0,703.0,227.0,473.0
16-01 13:00:00,884.0,907.0,112.0,890.0,620.0,682.6
16-01 14:00:00,1032.0,1036.0,199.0,1078.0,1033.0,875.6
16-01 15:00:00,1098.0,1039.0,218.0,1129.0,1111.0,919.0
16-01 16:00:00,1035.0,1069.0,353.0,1048.0,822.0,865.4
16-01 17:00:00,980.0,938.0,484.0,1008.0,899.0,861.8
16-01 18:00:00,837.0,714.0,243.0,821.0,557.0,634.4
16-01 19:00:00,620.0,409.0,394.0,452.0,267.0,428.4
16-01 20:00:00,288.0,35.0,235.0,124.0,62.0,148.8
16-01 21:00:00,142.0,13.0,13.0,14.0,13.0,39.0
16-01 22:00:00,0.0,0.0,0.0,0.0,0.0,0.0
16-01 23:00:00,0.0,0.0,0.0,0.0,0.0,0.0
17-01 00:00:00,0.0,0.0,0.0,0.0,0.0,0.0
17-01 01:00:00,0.0,0.0,0.0,0.0,0.0,0.0
17-01 02:00:00,0.0,0.0,0.0,0.0,0.0,0.0
17-01 03:00:00,0.0,0.0,0.0,0.0,0.0,0.0
17-01 04:00:00,0.0,0.0,0.0,0.0,0.0,0.0
17-01 05:00:00,0.0,0.0,0.0,0.0,0.0,0.0
17-01 06:00:00,0.0,0.0,0.0,0.0,0.0,0.0
17-01 07:00:00,0.0,0.0,0.0,0.0,0.0,0.0
17-01 08:00:00,0.0,0.0,0.0,0.0,0.0,0.0
17-01 09:00:00,0.0,0.0,0.0,0.0,0.0,0.0
17-01 10:00:00,127.0,92.0,68.0,198.0,169.0,130.8
17-01 11:00:00,192.0,114.0,205.0,320.0,333.0,232.8
17-01 12:00:00,374.0,333.0,399.0,532.0,632.0,454.0
17-01 13:00:00,631.0,559.0,698.0,840.0,929.0,731.4
17-01 14:00:00,560.0,505.0,885.0,1057.0,1073.0,816.0
17-01 15:00:00,1013.0,577.0,676.0,994.0,1147.0,881.4
17-01 16:00:00,1077.0,854.0,720.0,1093.0,977.0,944.2
17-01 17:00:00,898.0,689.0,840.0,876.0,999.0,860.4
17-01 18:00:00,729.0,372.0,718.0,152.0,859.0,566.0
17-01 19:00:00,483.0,57.0,424.0,73.0,647.0,336.8
17-01 20:00:00,35.0,35.0,35.0,245.0,390.0,148.0
17-01 21:00:00,13.0,76.0,13.0,13.0,91.0,41.2
17-01 22:00:00,0.0,0.0,0.0,0.0,0.0,0.0
17-01 23:00:00,0.0,0.0,0.0,0.0,0.0,0.0
18-01 00:00:00,0.0,0.0,0.0,0.0,0.0,0.0
18-01 01:00:00,0.0,0.0,0.0,0.0,0.0,0.0
18-01 02:00:00,0.0,0.0,0.0,0.0,0.0,0.0
18-01 03:00:00,0.0,0.0,0.0,0.0,0.0,0.0
18-01 04:00:00,0.0,0.0,0.0,0.0,0.0,0.0
18-01 05:00:00,0.0,0.0,0.0,0.0,0.0,0.0
18-01 06:00:00,0.0,0.0,0.0,0.0,0.0,0.0
18-01 07:00:00,0.0,0.0,0.0,0.0,0.0,0.0
18-01 08:00:00,0.0,0.0,0.0,0.0,0.0,0.0
18-01 09:00:00,0.0,0.0,0.0,0.0,0.0,0.0
18-01 10:00:00,203.0,125.0,102.0,111.0,203.0,148.8
18-01 11:00:00,430.0,373.0,194.0,305.0,454.0,351.2
18-01 12:00:00,674.0,663.0,594.0,661.0,597.0,637.8
18-01 13:00:00,871.0,873.0,760.0,856.0,878.0,847.6
18-01 14:00:00,1019.0,848.0,660.0,1034.0,992.0,910.6
18-01 15:00:00,1104.0,998.0,737.0,876.0,1088.0,960.6
18-01 16:00:00,876.0,968.0,1056.0,1063.0,1055.0,1003.6
18-01 17:00:00,683.0,815.0,566.0,1022.0,729.0,763.0
18-01 18:00:00,87.0,423.0,625.0,417.0,555.0,421.4
18-01 19:00:00,62.0,119.0,551.0,457.0,474.0,332.6
18-01 20:00:00,35.0,35.0,302.0,93.0,67.0,106.4
18-01 21:00:00,13.0,112.0,102.0,13.0,13.0,50.6
18-01 22:00:00,0.0,0.0,0.0,0.0,0.0,0.0
18-01 23:00:00,0.0,0.0,0.0,0.0,0.0,0.0
19-01 00:00:00,0.0,0.0,0.0,0.0,0.0,0.0
19-01 01:00:00,0.0,0.0,0.0,0.0,0.0,0.0
19-01 02:00:00,0.0,0.0,0.0,0.0,0.0,0.0
19-01 03:00:00,0.0,0.0,0.0,0.0,0.0,0.0
19-01 04:00:00,0.0,0.0,0.0,0.0,0.0,0.0
19-01 05:00:00,0.0,0.0,0.0,0.0,0.0,0.0
19-01 06:00:00,0.0,0.0,0.0,0.0,0.0,0.0
19-01 07:00:00,0.0,0.0,0.0,0.0,0.0,0.0
19-01 08:00:00,0.0,0.0,0.0,0.0,0.0,0.0
19-01 09:00:00,0.0,0.0,0.0,0.0,0.0,0.0
19-01 10:00:00,199.0,146.0,76.0,122.0,154.0,139.4
19-01 11:00:00,431.0,278.0,308.0,279.0,41.0,267.4
19-01 12:00:00,673.0,684.0,548.0,635.0,152.0,538.4
19-01 13:00:00,621.0,891.0,665.0,872.0,870.0,783.8
19-01 14:00:00,1014.0,998.0,590.0,883.0,1062.0,909.4
19-01 15:00:00,693.0,1059.0,630.0,919.0,1136.0,887.4
19-01 16:00:00,350.0,1001.0,663.0,894.0,1076.0,796.8
19-01 17:00:00,279.0,820.0,458.0,896.0,867.0,664.0
19-01 18:00:00,309.0,736.0,469.0,714.0,232.0,492.0
19-01 19:00:00,64.0,587.0,157.0,57.0,124.0,197.8
19-01 20:00:00,35.0,40.0,108.0,35.0,79.0,59.4
19-01 21:00:00,13.0,13.0,13.0,13.0,17.0,13.8
19-01 22:00:00,0.0,0.0,0.0,0.0,0.0,0.0
19-01 23:00:00,0.0,0.0,0.0,0.0,0.0,0.0
20-01 00:00:00,0.0,0.0,0.0,0.0,0.0,0.0
20-01 01:00:00,0.0,0.0,0.0,0.0,0.0,0.0
20-01 02:00:00,0.0,0.0,0.0,0.0,0.0,0.0
20-01 03:00:00,0.0,0.0,0.0,0.0,0.0,0.0
20-01 04:00:00,0.0,0.0,0.0,0.0,0.0,0.0
20-01 05:00:00,0.0,0.0,0.0,0.0,0.0,0.0
20-01 06:00:00,0.0,0.0,0.0,0.0,0.0,0.0
20-01 07:00:00,0.0,0.0,0.0,0.0,0.0,0.0
20-01 08:00:00,0.0,0.0,0.0,0.0,0.0,0.0
20-01 09:00:00,0.0,0.0,0.0,0.0,0.0,0.0
20-01 10:00:00,196.0,39.0,199.0,182.0,164.0,156.0
20-01 11:00:00,452.0,40.0,443.0,437.0,364.0,347.2
20-01 12:00:00,683.0,137.0,665.0,675.0,430.0,518.0
20-01 13:00:00,866.0,493.0,871.0,903.0,586.0,743.8
20-01 14:00:00,1025.0,971.0,961.0,1028.0,847.0,966.4
20-01 15:00:00,1041.0,1101.0,706.0,1091.0,708.0,929.4
20-01 16:00:00,973.0,1092.0,813.0,1106.0,652.0,927.2
20-01 17:00:00,845.0,942.0,651.0,998.0,514.0,790.0
20-01 18:00:00,541.0,398.0,626.0,863.0,613.0,608.2
20-01 19:00:00,444.0,397.0,429.0,651.0,452.0,474.6
20-01 20:00:00,35.0,35.0,334.0,316.0,97.0,163.4
20-01 21:00:00,13.0,13.0,77.0,121.0,13.0,47.4
20-01 22:00:00,0.0,0.0,0.0,0.0,0.0,0.0
20-01 23:00:00,0.0,0.0,0.0,0.0,0.0,0.0
21-01 00:00:00,0.0,0.0,0.0,0.0,0.0,0.0
21-01 01:00:00,0.0,0.0,0.0,0.0,0.0,0.0
21-01 02:00:00,0.0,0.0,0.0,0.0,0.0,0.0
21-01 03:00:00,0.0,0.0,0.0,0.0,0.0,0.0
21-01 04:00:00,0.0,0.0,0.0,0.0,0.0,0.0
21-01 05:00:00,0.0,0.0,0.0,0.0,0.0,0.0
21-01 06:00:00,0.0,0.0,0.0,0.0,0.0,0.0
21-01 07:00:00,0.0,0.0,0.0,0.0,0.0,0.0
21-01 08:00:00,0.0,0.0,0.0,0.0,0.0,0.0
21-01 09:00:00,0.0,0.0,0.0,0.0,0.0,0.0
21-01 10:00:00,195.0,94.0,202.0,191.0,105.0,157.4
21-01 11:00:00,443.0,318.0,430.0,437.0,170.0,359.6
21-01 12:00:00,674.0,529.0,683.0,676.0,492.0,610.8
21-01 13:00:00,883.0,763.0,885.0,901.0,476.0,781.6
21-01 14:00:00,1028.0,693.0,1025.0,1054.0,357.0,831.4
21-01 15:00:00,1029.0,845.0,991.0,1015.0,340.0,844.0
21-01 16:00:00,959.0,795.0,751.0,1099.0,163.0,753.4
21-01 17:00:00,608.0,834.0,223.0,1008.0,103.0,555.2
21-01 18:00:00,766.0,297.0,626.0,813.0,134.0,527.2
21-01 19:00:00,638.0,431.0,323.0,470.0,57.0,383.8
21-01 20:00:00,414.0,242.0,75.0,41.0,35.0,161.4
21-01 21:00:00,150.0,13.0,118.0,24.0,72.0,75.4
21-01 22:00:00,0.0,0.0,0.0,0.0,0.0,0.0
21-01 23:00:00,0.0,0.0,0.0,0.0,0.0,0.0
22-01 00:00:00,0.0,0.0,0.0,0.0,0.0,0.0
22-01 01:00:00,0.0,0.0,0.0,0.0,0.0,0.0
22-01 02:00:00,0.0,0.0,0.0,0.0,0.0,0.0
22-01 03:00:00,0.0,0.0,0.0,0.0,0.0,0.0
22-01 04:00:00,0.0,0.0,0.0,0.0,0.0,0.0
22-01 05:00:00,0.0,0.0,0.0,0.0,0.0,0.0
22-01 06:00:00,0.0,0.0,0.0,0.0,0.0,0.0
22-01 07:00:00,0.0,0.0,0.0,0.0,0.0,0.0
22-01 08:00:00,0.0,0.0,0.0,0.0,0.0,0.0
22-01 09:00:00,0.0,0.0,0.0,0.0,0.0,0.0
22-01 10:00:00,144.0,17.0,192.0,191.0,152.0,139.2
22-01 11:00:00,431.0,132.0,414.0,427.0,400.0,360.8
22-01 12:00:00,687.0,136.0,642.0,670.0,451.0,517.2
22-01 13:00:00,891.0,282.0,833.0,885.0,673.0,712.8
22-01 14:00:00,1027.0,454.0,1013.0,1009.0,760.0,852.6
22-01 15:00:00,766.0,474.0,1057.0,1084.0,571.0,790.4
22-01 16:00:00,0.0,591.0,887.0,1088.0,484.0,610.0
22-01 17:00:00,931.0,373.0,990.0,981.0,178.0,690.6
22-01 18:00:00,749.0,354.0,565.0,691.0,76.0,487.0
22-01 19:00:00,352.0,214.0,273.0,623.0,79.0,308.2
22-01 20:00:00,307.0,35.0,395.0,411.0,35.0,236.6
22-01 21:00:00,13.0,13.0,114.0,67.0,13.0,44.0
22-01 22:00:00,0.0,0.0,0.0,0.0,0.0,0.0
22-01 23:00:00,0.0,0.0,0.0,0.0,0.0,0.0
23-01 00:00:00,0.0,0.0,0.0,0.0,0.0,0.0
23-01 01:00:00,0.0,0.0,0.0,0.0,0.0,0.0
23-01 02:00:00,0.0,0.0,0.0,0.0,0.0,0.0
23-01 03:00:00,0.0,0.0,0.0,0.0,0.0,0.0
23-01 04:00:00,0.0,0.0,0.0,0.0,0.0,0.0
23-01 05:00:00,0.0,0.0,0.0,0.0,0.0,0.0
23-01 06:00:00,0.0,0.0,0.0,0.0,0.0,0.0
23-01 07:00:00,0.0,0.0,0.0,0.0,0.0,0.0
23-01 08:00:00,0.0,0.0,0.0,0.0,0.0,0.0
23-01 09:00:00,0.0,0.0,0.0,0.0,0.0,0.0
23-01 10:00:00,182.0,69.0,178.0,185.0,147.0,152.2
23-01 11:00:00,440.0,127.0,382.0,431.0,255.0,327.0
23-01 12:00:00,681.0,367.0,657.0,662.0,438.0,561.0
23-01 13:00:00,881.0,300.0,872.0,879.0,495.0,685.4
23-01 14:00:00,1022.0,572.0,857.0,1019.0,714.0,836.8
23-01 15:00:00,1104.0,667.0,1140.0,1113.0,769.0,958.6
23-01 16:00:00,1078.0,794.0,1073.0,1099.0,896.0,988.0
23-01 17:00:00,1006.0,373.0,996.0,909.0,897.0,836.2
23-01 18:00:00,824.0,163.0,881.0,757.0,592.0,643.4
23-01 19:00:00,592.0,87.0,563.0,623.0,436.0,460.2
23-01 20:00:00,380.0,35.0,395.0,294.0,175.0,255.8
23-01 21:00:00,124.0,13.0,109.0,120.0,142.0,101.6
23-01 22:00:00,0.0,0.0,0.0,0.0,0.0,0.0
23-01 23:00:00,0.0,0.0,0.0,0.0,0.0,0.0
24-01 00:00:00,0.0,0.0,0.0,0.0,0.0,0.0
24-01 01:00:00,0.0,0.0,0.0,0.0,0.0,0.0
24-01 02:00:00,0.0,0.0,0.0,0.0,0.0,0.0
24-01 03:00:00,0.0,0.0,0.0,0.0,0.0,0.0
24-01 04:00:00,0.0,0.0,0.0,0.0,0.0,0.0
24-01 05:00:00,0.0,0.0,0.0,0.0,0.0,0.0
24-01 06:00:00,0.0,0.0,0.0,0.0,0.0,0.0
24-01 07:00:00,0.0,0.0,0.0,0.0,0.0,0.0
24-01 08:00:00,0.0,0.0,0.0,0.0,0.0,0.0
24-01 09:00:00,0.0,0.0,0.0,0.0,0.0,0.0
24-01 10:00:00,57.0,26.0,185.0,184.0,95.0,109.4
24-01 11:00:00,385.0,78.0,412.0,418.0,357.0,330.0
24-01 12:00:00,666.0,292.0,676.0,664.0,465.0,552.6
24-01 13:00:00,862.0,520.0,869.0,863.0,642.0,751.2
24-01 14:00:00,931.0,583.0,966.0,1030.0,569.0,815.8
24-01 15:00:00,995.0,724.0,1107.0,1094.0,497.0,883.4
24-01 16:00:00,1000.0,735.0,895.0,1111.0,571.0,862.4
24-01 17:00:00,876.0,612.0,931.0,1014.0,771.0,840.8
24-01 18:00:00,795.0,570.0,865.0,855.0,627.0,742.4
24-01 19:00:00,630.0,204.0,511.0,624.0,407.0,475.2
24-01 20:00:00,320.0,35.0,214.0,261.0,60.0,178.0
24-01 21:00:00,119.0,13.0,15.0,78.0,103.0,65.6
24-01 22:00:00,0.0,0.0,0.0,0.0,0.0,0.0
24-01 23:00:00,0.0,0.0,0.0,0.0,0.0,0.0
25-01 00:00:00,0.0,0.0,0.0,0.0,0.0,0.0
25-01 01:00:00,0.0,0.0,0.0,0.0,0.0,0.0
25-01 02:00:00,0.0,0.0,0.0,0.0,0.0,0.0
25-01 03:00:00,0.0,0.0,0.0,0.0,0.0,0.0
25-01 04:00:00,0.0,0.0,0.0,0.0,0.0,0.0
25-01 05:00:00,0.0,0.0,0.0,0.0,0.0,0.0
25-01 06:00:00,0.0,0.0,0.0,0.0,0.0,0.0
25-01 07:00:00,0.0,0.0,0.0,0.0,0.0,0.0
25-01 08:00:00,0.0,0.0,0.0,0.0,0.0,0.0
25-01 09:00:00,0.0,0.0,0.0,0.0,0.0,0.0
25-01 10:00:00,162.0,111.0,112.0,187.0,90.0,132.4
25-01 11:00:00,411.0,51.0,402.0,366.0,353.0,316.6
25-01 12:00:00,412.0,134.0,549.0,614.0,587.0,459.2
25-01 13:00:00,661.0,368.0,840.0,755.0,823.0,689.4
25-01 14:00:00,963.0,187.0,953.0,797.0,977.0,775.4
25-01 15:00:00,1057.0,152.0,1014.0,717.0,990.0,786.0
25-01 16:00:00,810.0,171.0,990.0,617.0,923.0,702.2
25-01 17:00:00,753.0,130.0,611.0,314.0,958.0,553.2
25-01 18:00:00,840.0,445.0,575.0,360.0,145.0,473.0
25-01 19:00:00,286.0,406.0,491.0,95.0,77.0,271.0
25-01 20:00:00,36.0,380.0,253.0,135.0,39.0,168.6
25-01 21:00:00,13.0,13.0,13.0,13.0,17.0,13.8
25-01 22:00:00,0.0,0.0,0.0,0.0,0.0,0.0
25-01 23:00:00,0.0,0.0,0.0,0.0,0.0,0.0
26-01 00:00:00,0.0,0.0,0.0,0.0,0.0,0.0
26-01 01:00:00,0.0,0.0,0.0,0.0,0.0,0.0
26-01 02:00:00,0.0,0.0,0.0,0.0,0.0,0.0
26-01 03:00:00,0.0,0.0,0.0,0.0,0.0,0.0
26-01 04:00:00,0.0,0.0,0.0,0.0,0.0,0.0
26-01 05:00:00,0.0,0.0,0.0,0.0,0.0,0.0
26-01 06:00:00,0.0,0.0,0.0,0.0,0.0,0.0
26-01 07:00:00,0.0,0.0,0.0,0.0,0.0,0.0
26-01 08:00:00,0.0,0.0,0.0,0.0,0.0,0.0
26-01 09:00:00,0.0,0.0,0.0,0.0,0.0,0.0
26-01 10:00:00,81.0,27.0,59.0,92.0,160.0,83.8
26-01 11:00:00,115.0,64.0,397.0,112.0,263.0,190.2
26-01 12:00:00,385.0,173.0,652.0,258.0,217.0,337.0
26-01 13:00:00,259.0,338.0,805.0,283.0,100.0,357.0
26-01 14:00:00,727.0,507.0,915.0,571.0,261.0,596.2
26-01 15:00:00,671.0,620.0,979.0,801.0,497.0,713.6
26-01 16:00:00,396.0,892.0,900.0,663.0,804.0,731.0
26-01 17:00:00,458.0,696.0,146.0,863.0,954.0,623.4
26-01 18:00:00,513.0,533.0,121.0,762.0,632.0,512.2
26-01 19:00:00,151.0,602.0,409.0,545.0,57.0,352.8
26-01 20:00:00,257.0,228.0,363.0,238.0,35.0,224.2
26-01 21:00:00,13.0,26.0,13.0,57.0,13.0,24.4
26-01 22:00:00,0.0,0.0,0.0,0.0,0.0,0.0
26-01 23:00:00,0.0,0.0,0.0,0.0,0.0,0.0
27-01 00:00:00,0.0,0.0,0.0,0.0,0.0,0.0
27-01 01:00:00,0.0,0.0,0.0,0.0,0.0,0.0
27-01 02:00:00,0.0,0.0,0.0,0.0,0.0,0.0
27-01 03:00:00,0.0,0.0,0.0,0.0,0.0,0.0
27-01 04:00:00,0.0,0.0,0.0,0.0,0.0,0.0
27-01 05:00:00,0.0,0.0,0.0,0.0,0.0,0.0
27-01 06:00:00,0.0,0.0,0.0,0.0,0.0,0.0
27-01 07:00:00,0.0,0.0,0.0,0.0,0.0,0.0
27-01 08:00:00,0.0,0.0,0.0,0.0,0.0,0.0
27-01 09:00:00,0.0,0.0,0.0,0.0,0.0,0.0
27-01 10:00:00,53.0,121.0,154.0,171.0,40.0,107.8
27-01 11:00:00,235.0,368.0,258.0,329.0,276.0,293.2
27-01 12:00:00,163.0,225.0,644.0,475.0,349.0,371.2
27-01 13:00:00,388.0,441.0,855.0,595.0,449.0,545.6
27-01 14:00:00,440.0,827.0,750.0,890.0,621.0,705.6
27-01 15:00:00,661.0,913.0,545.0,914.0,1021.0,810.8
27-01 16:00:00,607.0,818.0,218.0,942.0,976.0,712.2
27-01 17:00:00,306.0,571.0,138.0,900.0,825.0,548.0
27-01 18:00:00,484.0,301.0,659.0,719.0,720.0,576.6
27-01 19:00:00,335.0,456.0,582.0,411.0,288.0,414.4
27-01 20:00:00,38.0,35.0,206.0,98.0,35.0,82.4
27-01 21:00:00,13.0,13.0,17.0,13.0,13.0,13.8
27-01 22:00:00,0.0,0.0,0.0,0.0,0.0,0.0
27-01 23:00:00,0.0,0.0,0.0,0.0,0.0,0.0
28-01 00:00:00,0.0,0.0,0.0,0.0,0.0,0.0
28-01 01:00:00,0.0,0.0,0.0,0.0,0.0,0.0
28-01 02:00:00,0.0,0.0,0.0,0.0,0.0,0.0
28-01 03:00:00,0.0,0.0,0.0,0.0,0.0,0.0
28-01 04:00:00,0.0,0.0,0.0,0.0,0.0,0.0
28-01 05:00:00,0.0,0.0,0.0,0.0,0.0,0.0
28-01 06:00:00,0.0,0.0,0.0,0.0,0.0,0.0
28-01 07:00:00,0.0,0.0,0.0,0.0,0.0,0.0
28-01 08:00:00,0.0,0.0,0.0,0.0,0.0,0.0
28-01 09:00:00,0.0,0.0,0.0,0.0,0.0,0.0
28-01 10:00:00,91.0,103.0,89.0,151.0,138.0,114.4
28-01 11:00:00,341.0,241.0,388.0,350.0,216.0,307.2
28-01 12:00:00,648.0,447.0,607.0,603.0,562.0,573.4
28-01 13:00:00,802.0,635.0,694.0,640.0,628.0,679.8
28-01 14:00:00,943.0,630.0,855.0,744.0,872.0,808.8
28-01 15:00:00,835.0,958.0,927.0,948.0,1000.0,933.6
28-01 16:00:00,1016.0,903.0,989.0,787.0,285.0,796.0
28-01 17:00:00,891.0,773.0,820.0,588.0,279.0,670.2
28-01 18:00:00,549.0,650.0,712.0,433.0,250.0,518.8
28-01 19:00:00,586.0,431.0,475.0,556.0,344.0,478.4
28-01 20:00:00,124.0,214.0,391.0,226.0,187.0,228.4
28-01 21:00:00,13.0,13.0,105.0,13.0,13.0,31.4
28-01 22:00:00,0.0,0.0,0.0,0.0,0.0,0.0
28-01 23:00:00,0.0,0.0,0.0,0.0,0.0,0.0
29-01 00:00:00,0.0,0.0,0.0,0.0,0.0,0.0
29-01 01:00:00,0.0,0.0,0.0,0.0,0.0,0.0
29-01 02:00:00,0.0,0.0,0.0,0.0,0.0,0.0
29-01 03:00:00,0.0,0.0,0.0,0.0,0.0,0.0
29-01 04:00:00,0.0,0.0,0.0,0.0,0.0,0.0
29-01 05:00:00,0.0,0.0,0.0,0.0,0.0,0.0
29-01 06:00:00,0.0,0.0,0.0,0.0,0.0,0.0
29-01 07:00:00,0.0,0.0,0.0,0.0,0.0,0.0
29-01 08:00:00,0.0,0.0,0.0,0.0,0.0,0.0
29-01 09:00:00,0.0,0.0,0.0,0.0,0.0,0.0
29-01 10:00:00,153.0,41.0,131.0,110.0,177.0,122.4
29-01 11:00:00,416.0,194.0,328.0,264.0,372.0,314.8
29-01 12:00:00,593.0,333.0,585.0,505.0,659.0,535.0
29-01 13:00:00,861.0,589.0,819.0,513.0,876.0,731.6
29-01 14:00:00,1002.0,764.0,994.0,467.0,971.0,839.6
29-01 15:00:00,1034.0,674.0,1065.0,511.0,1064.0,869.6
29-01 16:00:00,1079.0,759.0,901.0,703.0,830.0,854.4
29-01 17:00:00,1008.0,858.0,728.0,670.0,644.0,781.6
29-01 18:00:00,734.0,839.0,581.0,269.0,537.0,592.0
29-01 19:00:00,620.0,479.0,372.0,376.0,57.0,380.8
29-01 20:00:00,287.0,35.0,54.0,216.0,35.0,125.4
29-01 21:00:00,101.0,13.0,20.0,13.0,13.0,32.0
29-01 22:00:00,0.0,0.0,0.0,0.0,0.0,0.0
29-01 23:00:00,0.0,0.0,0.0,0.0,0.0,0.0
30-01 00:00:00,0.0,0.0,0.0,0.0,0.0,0.0
30-01 01:00:00,0.0,0.0,0.0,0.0,0.0,0.0
30-01 02:00:00,0.0,0.0,0.0,0.0,0.0,0.0
30-01 03:00:00,0.0,0.0,0.0,0.0,0.0,0.0
30-01 04:00:00,0.0,0.0,0.0,0.0,0.0,0.0
30-01 05:00:00,0.0,0.0,0.0,0.0,0.0,0.0
30-01 06:00:00,0.0,0.0,0.0,0.0,0.0,0.0
30-01 07:00:00,0.0,0.0,0.0,0.0,0.0,0.0
30-01 08:00:00,0.0,0.0,0.0,0.0,0.0,0.0
30-01 09:00:00,0.0,0.0,0.0,0.0,0.0,0.0
30-01 10:00:00,173.0,121.0,171.0,96.0,95.0,131.2
30-01 11:00:00,431.0,354.0,416.0,231.0,413.0,369.0
30-01 12:00:00,673.0,652.0,660.0,408.0,656.0,609.8
30-01 13:00:00,885.0,854.0,882.0,487.0,878.0,797.2
30-01 14:00:00,1041.0,1028.0,1021.0,615.0,954.0,931.8
30-01 15:00:00,1109.0,1043.0,1070.0,775.0,1049.0,1009.2
30-01 16:00:00,1133.0,762.0,1070.0,987.0,806.0,951.6
30-01 17:00:00,950.0,182.0,989.0,912.0,236.0,653.8
30-01 18:00:00,874.0,154.0,852.0,647.0,81.0,521.6
30-01 19:00:00,635.0,93.0,636.0,468.0,61.0,378.6
30-01 20:00:00,344.0,60.0,394.0,66.0,35.0,179.8
30-01 21:00:00,102.0,13.0,108.0,13.0,13.0,49.8
30-01 22:00:00,0.0,0.0,0.0,0.0,0.0,0.0
30-01 23:00:00,0.0,0.0,0.0,0.0,0.0,0.0
31-01 00:00:00,0.0,0.0,0.0,0.0,0.0,0.0
31-01 01:00:00,0.0,0.0,0.0,0.0,0.0,0.0
31-01 02:00:00,0.0,0.0,0.0,0.0,0.0,0.0
31-01 03:00:00,0.0,0.0,0.0,0.0,0.0,0.0
31-01 04:00:00,0.0,0.0,0.0,0.0,0.0,0.0
31-01 05:00:00,0.0,0.0,0.0,0.0,0.0,0.0
31-01 06:00:00,0.0,0.0,0.0,0.0,0.0,0.0
31-01 07:00:00,0.0,0.0,0.0,0.0,0.0,0.0
31-01 08:00:00,0.0,0.0,0.0,0.0,0.0,0.0
31-01 09:00:00,0.0,0.0,0.0,0.0,0.0,0.0
31-01 10:00:00,173.0,168.0,126.0,56.0,168.0,138.2
31-01 11:00:00,429.0,430.0,409.0,191.0,406.0,373.0
31-01 12:00:00,676.0,648.0,583.0,524.0,596.0,605.4
31-01 13:00:00,884.0,826.0,845.0,656.0,662.0,774.6
31-01 14:00:00,1035.0,892.0,990.0,500.0,579.0,799.2
31-01 15:00:00,1127.0,783.0,943.0,620.0,988.0,892.2
31-01 16:00:00,1128.0,763.0,972.0,545.0,331.0,747.8
31-01 17:00:00,1026.0,520.0,904.0,422.0,586.0,691.6
31-01 18:00:00,815.0,462.0,665.0,383.0,375.0,540.0
31-01 19:00:00,595.0,209.0,418.0,202.0,126.0,310.0
31-01 20:00:00,270.0,45.0,36.0,62.0,271.0,136.8
31-01 21:00:00,98.0,13.0,142.0,22.0,46.0,64.2
31-01 22:00:00,0.0,0.0,0.0,0.0,0.0,0.0
31-01 23:00:00,0.0,0.0,0.0,0.0,0.0,0.0
01-02 00:00:00,0.0,0.0,0.0,0.0,0.0,0.0
01-02 01:00:00,0.0,0.0,0.0,0.0,0.0,0.0
01-02 02:00:00,0.0,0.0,0.0,0.0,0.0,0.0
01-02 03:00:00,0.0,0.0,0.0,0.0,0.0,0.0
01-02 04:00:00,0.0,0.0,0.0,0.0,0.0,0.0
01-02 05:00:00,0.0,0.0,0.0,0.0,0.0,0.0
01-02 06:00:00,0.0,0.0,0.0,0.0,0.0,0.0
01-02 07:00:00,0.0,0.0,0.0,0.0,0.0,0.0
01-02 08:00:00,0.0,0.0,0.0,0.0,0.0,0.0
01-02 09:00:00,0.0,0.0,0.0,0.0,0.0,0.0
01-02 10:00:00,181.0,146.0,115.0,39.0,110.0,118.2
01-02 11:00:00,442.0,425.0,276.0,285.0,427.0,371.0
01-02 12:00:00,695.0,664.0,497.0,347.0,567.0,554.0
01-02 13:00:00,889.0,851.0,715.0,644.0,840.0,787.8
01-02 14:00:00,1041.0,945.0,948.0,647.0,838.0,883.8
01-02 15:00:00,1127.0,962.0,1102.0,693.0,1061.0,989.0
01-02 16:00:00,1092.0,885.0,1056.0,668.0,962.0,932.6
01-02 17:00:00,913.0,921.0,909.0,694.0,920.0,871.4
01-02 18:00:00,757.0,711.0,784.0,549.0,789.0,718.0
01-02 19:00:00,463.0,345.0,638.0,606.0,506.0,511.6
01-02 20:00:00,229.0,70.0,36.0,347.0,312.0,198.8
01-02 21:00:00,77.0,51.0,13.0,13.0,80.0,46.8
01-02 22:00:00,0.0,0.0,0.0,0.0,0.0,0.0
01-02 23:00:00,0.0,0.0,0.0,0.0,0.0,0.0
02-02 00:00:00,0.0,0.0,0.0,0.0,0.0,0.0
02-02 01:00:00,0.0,0.0,0.0,0.0,0.0,0.0
02-02 02:00:00,0.0,0.0,0.0,0.0,0.0,0.0
02-02 03:00:00,0.0,0.0,0.0,0.0,0.0,0.0
02-02 04:00:00,0.0,0.0,0.0,0.0,0.0,0.0
02-02 05:00:00,0.0,0.0,0.0,0.0,0.0,0.0
02-02 06:00:00,0.0,0.0,0.0,0.0,0.0,0.0
02-02 07:00:00,0.0,0.0,0.0,0.0,0.0,0.0
02-02 08:00:00,0.0,0.0,0.0,0.0,0.0,0.0
02-02 09:00:00,0.0,0.0,0.0,0.0,0.0,0.0
02-02 10:00:00,174.0,76.0,134.0,95.0,136.0,123.0
02-02 11:00:00,433.0,419.0,341.0,0.0,422.0,323.0
02-02 12:00:00,688.0,671.0,603.0,518.0,653.0,626.6
02-02 13:00:00,882.0,875.0,702.0,742.0,864.0,813.0
02-02 14:00:00,982.0,981.0,289.0,772.0,806.0,766.0
02-02 15:00:00,1113.0,828.0,369.0,911.0,790.0,802.2
02-02 16:00:00,1120.0,953.0,355.0,868.0,679.0,795.0
02-02 17:00:00,819.0,653.0,833.0,664.0,539.0,701.6
02-02 18:00:00,708.0,884.0,794.0,92.0,395.0,574.6
02-02 19:00:00,629.0,634.0,343.0,57.0,120.0,356.6
02-02 20:00:00,250.0,323.0,35.0,35.0,68.0,142.2
02-02 21:00:00,13.0,14.0,13.0,13.0,123.0,35.2
02-02 22:00:00,0.0,0.0,0.0,0.0,0.0,0.0
02-02 23:00:00,0.0,0.0,0.0,0.0,0.0,0.0
03-02 00:00:00,0.0,0.0,0.0,0.0,0.0,0.0
03-02 01:00:00,0.0,0.0,0.0,0.0,0.0,0.0
03-02 02:00:00,0.0,0.0,0.0,0.0,0.0,0.0
03-02 03:00:00,0.0,0.0,0.0,0.0,0.0,0.0
03-02 04:00:00,0.0,0.0,0.0,0.0,0.0,0.0
03-02 05:00:00,0.0,0.0,0.0,0.0,0.0,0.0
03-02 06:00:00,0.0,0.0,0.0,0.0,0.0,0.0
03-02 07:00:00,0.0,0.0,0.0,0.0,0.0,0.0
03-02 08:00:00,0.0,0.0,0.0,0.0,0.0,0.0
03-02 09:00:00,0.0,0.0,0.0,0.0,0.0,0.0
03-02 10:00:00,172.0,151.0,51.0,116.0,16.0,101.2
03-02 11:00:00,427.0,427.0,227.0,308.0,161.0,310.0
03-02 12:00:00,680.0,666.0,95.0,480.0,366.0,457.4
03-02 13:00:00,873.0,874.0,299.0,618.0,832.0,699.2
03-02 14:00:00,1062.0,1014.0,382.0,700.0,746.0,780.8
03-02 15:00:00,1103.0,1058.0,1036.0,1057.0,823.0,1015.4
03-02 16:00:00,1069.0,1054.0,1102.0,1025.0,1021.0,1054.2
03-02 17:00:00,685.0,810.0,986.0,932.0,939.0,870.4
03-02 18:00:00,838.0,731.0,142.0,811.0,669.0,638.2
03-02 19:00:00,647.0,58.0,120.0,573.0,201.0,319.8
03-02 20:00:00,266.0,145.0,40.0,344.0,36.0,166.2
03-02 21:00:00,106.0,86.0,13.0,145.0,13.0,72.6
03-02 22:00:00,0.0,0.0,0.0,0.0,0.0,0.0
03-02 23:00:00,0.0,0.0,0.0,0.0,0.0,0.0
04-02 00:00:00,0.0,0.0,0.0,0.0,0.0,0.0
04-02 01:00:00,0.0,0.0,0.0,0.0,0.0,0.0
04-02 02:00:00,0.0,0.0,0.0,0.0,0.0,0.0
04-02 03:00:00,0.0,0.0,0.0,0.0,0.0,0.0
04-02 04:00:00,0.0,0.0,0.0,0.0,0.0,0.0
04-02 05:00:00,0.0,0.0,0.0,0.0,0.0,0.0
04-02 06:00:00,0.0,0.0,0.0,0.0,0.0,0.0
04-02 07:00:00,0.0,0.0,0.0,0.0,0.0,0.0
04-02 08:00:00,0.0,0.0,0.0,0.0,0.0,0.0
04-02 09:00:00,0.0,0.0,0.0,0.0,0.0,0.0
04-02 10:00:00,99.0,30.0,63.0,167.0,125.0,96.8
04-02 11:00:00,223.0,123.0,196.0,417.0,385.0,268.8
04-02 12:00:00,310.0,342.0,123.0,652.0,588.0,403.0
04-02 13:00:00,530.0,803.0,496.0,866.0,799.0,698.8
04-02 14:00:00,755.0,1038.0,979.0,994.0,897.0,932.6
04-02 15:00:00,1114.0,1084.0,1079.0,1027.0,1018.0,1064.4
04-02 16:00:00,1122.0,1109.0,1110.0,850.0,769.0,992.0
04-02 17:00:00,1041.0,954.0,1005.0,688.0,624.0,862.4
04-02 18:00:00,865.0,805.0,847.0,814.0,594.0,785.0
04-02 19:00:00,639.0,536.0,550.0,621.0,481.0,565.4
04-02 20:00:00,72.0,328.0,377.0,298.0,317.0,278.4
04-02 21:00:00,13.0,77.0,96.0,139.0,119.0,88.8
04-02 22:00:00,0.0,0.0,0.0,0.0,0.0,0.0
04-02 23:00:00,0.0,0.0,0.0,0.0,0.0,0.0
05-02 00:00:00,0.0,0.0,0.0,0.0,0.0,0.0
05-02 01:00:00,0.0,0.0,0.0,0.0,0.0,0.0
05-02 02:00:00,0.0,0.0,0.0,0.0,0.0,0.0
05-02 03:00:00,0.0,0.0,0.0,0.0,0.0,0.0
05-02 04:00:00,0.0,0.0,0.0,0.0,0.0,0.0
05-02 05:00:00,0.0,0.0,0.0,0.0,0.0,0.0
05-02 06:00:00,0.0,0.0,0.0,0.0,0.0,0.0
05-02 07:00:00,0.0,0.0,0.0,0.0,0.0,0.0
05-02 08:00:00,0.0,0.0,0.0,0.0,0.0,0.0
05-02 09:00:00,0.0,0.0,0.0,0.0,0.0,0.0
05-02 10:00:00,90.0,122.0,115.0,35.0,79.0,88.2
05-02 11:00:00,244.0,249.0,201.0,317.0,211.0,244.4
05-02 12:00:00,629.0,436.0,500.0,373.0,464.0,480.4
05-02 13:00:00,868.0,411.0,778.0,733.0,718.0,701.6
05-02 14:00:00,997.0,645.0,671.0,648.0,917.0,775.6
05-02 15:00:00,1111.0,653.0,1047.0,796.0,1097.0,940.8
05-02 16:00:00,1036.0,878.0,861.0,804.0,1057.0,927.2
05-02 17:00:00,568.0,991.0,893.0,162.0,885.0,699.8
05-02 18:00:00,639.0,788.0,132.0,147.0,764.0,494.0
05-02 19:00:00,633.0,531.0,88.0,84.0,57.0,278.6
05-02 20:00:00,358.0,390.0,35.0,149.0,35.0,193.4
05-02 21:00:00,13.0,13.0,13.0,13.0,13.0,13.0
05-02 22:00:00,0.0,0.0,0.0,0.0,0.0,0.0
05-02 23:00:00,0.0,0.0,0.0,0.0,0.0,0.0
06-02 00:00:00,0.0,0.0,0.0,0.0,0.0,0.0
06-02 01:00:00,0.0,0.0,0.0,0.0,0.0,0.0
06-02 02:00:00,0.0,0.0,0.0,0.0,0.0,0.0
06-02 03:00:00,0.0,0.0,0.0,0.0,0.0,0.0
06-02 04:00:00,0.0,0.0,0.0,0.0,0.0,0.0
06-02 05:00:00,0.0,0.0,0.0,0.0,0.0,0.0
06-02 06:00:00,0.0,0.0,0.0,0.0,0.0,0.0
06-02 07:00:00,0.0,0.0,0.0,0.0,0.0,0.0
06-02 08:00:00,0.0,0.0,0.0,0.0,0.0,0.0
06-02 09:00:00,0.0,0.0,0.0,0.0,0.0,0.0
06-02 10:00:00,24.0,84.0,20.0,63.0,163.0,70.8
06-02 11:00:00,38.0,219.0,43.0,148.0,413.0,172.2
06-02 12:00:00,146.0,511.0,126.0,353.0,648.0,356.8
06-02 13:00:00,370.0,404.0,297.0,507.0,862.0,488.0
06-02 14:00:00,629.0,585.0,431.0,649.0,945.0,647.8
06-02 15:00:00,914.0,717.0,474.0,824.0,129.0,611.6
06-02 16:00:00,750.0,1044.0,359.0,827.0,140.0,624.0
06-02 17:00:00,831.0,731.0,332.0,570.0,105.0,513.8
06-02 18:00:00,592.0,607.0,259.0,505.0,113.0,415.2
06-02 19:00:00,478.0,343.0,68.0,624.0,127.0,328.0
06-02 20:00:00,59.0,35.0,35.0,194.0,153.0,95.2
06-02 21:00:00,98.0,13.0,13.0,144.0,13.0,56.2
06-02 22:00:00,0.0,0.0,0.0,0.0,0.0,0.0
06-02 23:00:00,0.0,0.0,0.0,0.0,0.0,0.0
07-02 00:00:00,0.0,0.0,0.0,0.0,0.0,0.0
07-02 01:00:00,0.0,0.0,0.0,0.0,0.0,0.0
07-02 02:00:00,0.0,0.0,0.0,0.0,0.0,0.0
07-02 03:00:00,0.0,0.0,0.0,0.0,0.0,0.0
07-02 04:00:00,0.0,0.0,0.0,0.0,0.0,0.0
07-02 05:00:00,0.0,0.0,0.0,0.0,0.0,0.0
07-02 06:00:00,0.0,0.0,0.0,0.0,0.0,0.0
07-02 07:00:00,0.0,0.0,0.0,0.0,0.0,0.0
07-02 08:00:00,0.0,0.0,0.0,0.0,0.0,0.0
07-02 09:00:00,0.0,0.0,0.0,0.0,0.0,0.0
07-02 10:00:00,53.0,28.0,31.0,106.0,151.0,73.8
07-02 11:00:00,252.0,83.0,119.0,117.0,300.0,174.2
07-02 12:00:00,124.0,247.0,195.0,306.0,553.0,285.0
07-02 13:00:00,196.0,296.0,316.0,605.0,747.0,432.0
07-02 14:00:00,387.0,482.0,342.0,364.0,981.0,511.2
07-02 15:00:00,1083.0,699.0,625.0,664.0,1106.0,835.4
07-02 16:00:00,152.0,647.0,656.0,867.0,1055.0,675.4
07-02 17:00:00,459.0,603.0,570.0,898.0,129.0,531.8
07-02 18:00:00,265.0,455.0,115.0,826.0,137.0,359.6
07-02 19:00:00,66.0,215.0,57.0,615.0,439.0,278.4
07-02 20:00:00,35.0,48.0,346.0,220.0,390.0,207.8
07-02 21:00:00,13.0,14.0,42.0,13.0,141.0,44.6
07-02 22:00:00,0.0,0.0,0.0,0.0,0.0,0.0
07-02 23:00:00,0.0,0.0,0.0,0.0,0.0,0.0
08-02 00:00:00,0.0,0.0,0.0,0.0,0.0,0.0
08-02 01:00:00,0.0,0.0,0.0,0.0,0.0,0.0
08-02 02:00:00,0.0,0.0,0.0,0.0,0.0,0.0
08-02 03:00:00,0.0,0.0,0.0,0.0,0.0,0.0
08-02 04:00:00,0.0,0.0,0.0,0.0,0.0,0.0
08-02 05:00:00,0.0,0.0,0.0,0.0,0.0,0.0
08-02 06:00:00,0.0,0.0,0.0,0.0,0.0,0.0
08-02 07:00:00,0.0,0.0,0.0,0.0,0.0,0.0
08-02 08:00:00,0.0,0.0,0.0,0.0,0.0,0.0
08-02 09:00:00,0.0,0.0,0.0,0.0,0.0,0.0
08-02 10:00:00,157.0,21.0,110.0,145.0,157.0,118.0
08-02 11:00:00,403.0,53.0,234.0,57.0,420.0,233.4
08-02 12:00:00,289.0,84.0,559.0,315.0,650.0,379.4
08-02 13:00:00,484.0,162.0,872.0,594.0,876.0,597.6
08-02 14:00:00,337.0,201.0,986.0,757.0,960.0,648.2
08-02 15:00:00,1034.0,383.0,1070.0,924.0,790.0,840.2
08-02 16:00:00,468.0,254.0,1049.0,815.0,1011.0,719.4
08-02 17:00:00,606.0,262.0,970.0,611.0,460.0,581.8
08-02 18:00:00,157.0,123.0,779.0,474.0,298.0,366.2
08-02 19:00:00,302.0,104.0,630.0,116.0,203.0,271.0
08-02 20:00:00,190.0,176.0,379.0,181.0,35.0,192.2
08-02 21:00:00,48.0,13.0,102.0,13.0,14.0,38.0
08-02 22:00:00,0.0,0.0,0.0,0.0,0.0,0.0
08-02 23:00:00,0.0,0.0,0.0,0.0,0.0,0.0
09-02 00:00:00,0.0,0.0,0.0,0.0,0.0,0.0
09-02 01:00:00,0.0,0.0,0.0,0.0,0.0,0.0
09-02 02:00:00,0.0,0.0,0.0,0.0,0.0,0.0
09-02 03:00:00,0.0,0.0,0.0,0.0,0.0,0.0
09-02 04:00:00,0.0,0.0,0.0,0.0,0.0,0.0
09-02 05:00:00,0.0,0.0,0.0,0.0,0.0,0.0
09-02 06:00:00,0.0,0.0,0.0,0.0,0.0,0.0
09-02 07:00:00,0.0,0.0,0.0,0.0,0.0,0.0
09-02 08:00:00,0.0,0.0,0.0,0.0,0.0,0.0
09-02 09:00:00,0.0,0.0,0.0,0.0,0.0,0.0
09-02 10:00:00,146.0,93.0,105.0,62.0,102.0,101.6
09-02 11:00:00,237.0,185.0,227.0,285.0,156.0,218.0
09-02 12:00:00,562.0,155.0,246.0,371.0,558.0,378.4
09-02 13:00:00,680.0,245.0,652.0,522.0,852.0,590.2
09-02 14:00:00,959.0,222.0,778.0,658.0,929.0,709.2
09-02 15:00:00,732.0,290.0,984.0,839.0,1004.0,769.8
09-02 16:00:00,1097.0,488.0,986.0,731.0,1022.0,864.8
09-02 17:00:00,1014.0,461.0,922.0,905.0,102.0,680.8
09-02 18:00:00,88.0,309.0,573.0,832.0,76.0,375.6
09-02 19:00:00,57.0,74.0,485.0,619.0,57.0,258.4
09-02 20:00:00,310.0,35.0,36.0,177.0,35.0,118.6
09-02 21:00:00,20.0,12.0,13.0,136.0,13.0,38.8
09-02 22:00:00,0.0,0.0,0.0,0.0,0.0,0.0
09-02 23:00:00,0.0,0.0,0.0,0.0,0.0,0.0
10-02 00:00:00,0.0,0.0,0.0,0.0,0.0,0.0
10-02 01:00:00,0.0,0.0,0.0,0.0,0.0,0.0
10-02 02:00:00,0.0,0.0,0.0,0.0,0.0,0.0
10-02 03:00:00,0.0,0.0,0.0,0.0,0.0,0.0
10-02 04:00:00,0.0,0.0,0.0,0.0,0.0,0.0
10-02 05:00:00,0.0,0.0,0.0,0.0,0.0,0.0
10-02 06:00:00,0.0,0.0,0.0,0.0,0.0,0.0
10-02 07:00:00,0.0,0.0,0.0,0.0,0.0,0.0
10-02 08:00:00,0.0,0.0,0.0,0.0,0.0,0.0
10-02 09:00:00,0.0,0.0,0.0,0.0,0.0,0.0
10-02 10:00:00,129.0,61.0,115.0,86.0,14.0,81.0
10-02 11:00:00,239.0,140.0,408.0,70.0,58.0,183.0
10-02 12:00:00,498.0,247.0,652.0,119.0,163.0,335.8
10-02 13:00:00,491.0,282.0,573.0,231.0,498.0,415.0
10-02 14:00:00,765.0,260.0,718.0,193.0,810.0,549.2
10-02 15:00:00,772.0,585.0,687.0,250.0,1065.0,671.8
10-02 16:00:00,902.0,688.0,785.0,319.0,273.0,593.4
10-02 17:00:00,721.0,488.0,788.0,594.0,105.0,539.2
10-02 18:00:00,464.0,841.0,536.0,443.0,85.0,473.8
10-02 19:00:00,101.0,632.0,197.0,127.0,57.0,222.8
10-02 20:00:00,35.0,379.0,53.0,142.0,35.0,128.8
10-02 21:00:00,12.0,27.0,13.0,73.0,12.0,27.4
10-02 22:00:00,0.0,0.0,0.0,0.0,0.0,0.0
10-02 23:00:00,0.0,0.0,0.0,0.0,0.0,0.0
11-02 00:00:00,0.0,0.0,0.0,0.0,0.0,0.0
11-02 01:00:00,0.0,0.0,0.0,0.0,0.0,0.0
11-02 02:00:00,0.0,0.0,0.0,0.0,0.0,0.0
11-02 03:00:00,0.0,0.0,0.0,0.0,0.0,0.0
11-02 04:00:00,0.0,0.0,0.0,0.0,0.0,0.0
11-02 05:00:00,0.0,0.0,0.0,0.0,0.0,0.0
11-02 06:00:00,0.0,0.0,0.0,0.0,0.0,0.0
11-02 07:00:00,0.0,0.0,0.0,0.0,0.0,0.0
11-02 08:00:00,0.0,0.0,0.0,0.0,0.0,0.0
11-02 09:00:00,0.0,0.0,0.0,0.0,0.0,0.0
11-02 10:00:00,78.0,108.0,127.0,58.0,116.0,97.4
11-02 11:00:00,78.0,390.0,356.0,222.0,371.0,283.4
11-02 12:00:00,179.0,581.0,473.0,473.0,645.0,470.2
11-02 13:00:00,464.0,847.0,678.0,539.0,698.0,645.2
11-02 14:00:00,836.0,975.0,748.0,335.0,823.0,743.4
11-02 15:00:00,931.0,1065.0,826.0,556.0,1073.0,890.2
11-02 16:00:00,994.0,840.0,812.0,582.0,1034.0,852.4
11-02 17:00:00,948.0,879.0,827.0,797.0,891.0,868.4
11-02 18:00:00,761.0,692.0,635.0,623.0,512.0,644.6
11-02 19:00:00,549.0,588.0,292.0,374.0,621.0,484.8
11-02 20:00:00,35.0,388.0,78.0,66.0,35.0,120.4
11-02 21:00:00,12.0,137.0,12.0,12.0,12.0,37.0
11-02 22:00:00,0.0,0.0,0.0,0.0,0.0,0.0
11-02 23:00:00,0.0,0.0,0.0,0.0,0.0,0.0
12-02 00:00:00,0.0,0.0,0.0,0.0,0.0,0.0
12-02 01:00:00,0.0,0.0,0.0,0.0,0.0,0.0
12-02 02:00:00,0.0,0.0,0.0,0.0,0.0,0.0
12-02 03:00:00,0.0,0.0,0.0,0.0,0.0,0.0
12-02 04:00:00,0.0,0.0,0.0,0.0,0.0,0.0
12-02 05:00:00,0.0,0.0,0.0,0.0,0.0,0.0
12-02 06:00:00,0.0,0.0,0.0,0.0,0.0,0.0
12-02 07:00:00,0.0,0.0,0.0,0.0,0.0,0.0
12-02 08:00:00,0.0,0.0,0.0,0.0,0.0,0.0
12-02 09:00:00,0.0,0.0,0.0,0.0,0.0,0.0
12-02 10:00:00,36.0,153.0,114.0,150.0,72.0,105.0
12-02 11:00:00,108.0,404.0,74.0,350.0,417.0,270.6
12-02 12:00:00,423.0,602.0,123.0,495.0,644.0,457.4
12-02 13:00:00,617.0,826.0,146.0,690.0,842.0,624.2
12-02 14:00:00,887.0,728.0,151.0,752.0,992.0,702.0
12-02 15:00:00,959.0,898.0,255.0,963.0,882.0,791.4
12-02 16:00:00,725.0,636.0,144.0,905.0,885.0,659.0
12-02 17:00:00,853.0,100.0,89.0,918.0,1025.0,597.0
12-02 18:00:00,95.0,90.0,89.0,768.0,675.0,343.4
12-02 19:00:00,86.0,62.0,57.0,470.0,205.0,176.0
12-02 20:00:00,35.0,35.0,60.0,41.0,72.0,48.6
12-02 21:00:00,83.0,12.0,12.0,74.0,72.0,50.6
12-02 22:00:00,0.0,0.0,0.0,0.0,0.0,0.0
12-02 23:00:00,0.0,0.0,0.0,0.0,0.0,0.0
13-02 00:00:00,0.0,0.0,0.0,0.0,0.0,0.0
13-02 01:00:00,0.0,0.0,0.0,0.0,0.0,0.0
13-02 02:00:00,0.0,0.0,0.0,0.0,0.0,0.0
13-02 03:00:00,0.0,0.0,0.0,0.0,0.0,0.0
13-02 04:00:00,0.0,0.0,0.0,0.0,0.0,0.0
13-02 05:00:00,0.0,0.0,0.0,0.0,0.0,0.0
13-02 06:00:00,0.0,0.0,0.0,0.0,0.0,0.0
13-02 07:00:00,0.0,0.0,0.0,0.0,0.0,0.0
13-02 08:00:00,0.0,0.0,0.0,0.0,0.0,0.0
13-02 09:00:00,0.0,0.0,0.0,0.0,0.0,0.0
13-02 10:00:00,144.0,69.0,76.0,56.0,109.0,90.8
13-02 11:00:00,303.0,277.0,314.0,120.0,373.0,277.4
13-02 12:00:00,572.0,566.0,361.0,203.0,468.0,434.0
13-02 13:00:00,721.0,705.0,439.0,481.0,860.0,641.2
13-02 14:00:00,674.0,898.0,716.0,604.0,794.0,737.2
13-02 15:00:00,953.0,888.0,519.0,904.0,781.0,809.0
13-02 16:00:00,233.0,946.0,756.0,989.0,806.0,746.0
13-02 17:00:00,514.0,859.0,832.0,883.0,817.0,781.0
13-02 18:00:00,444.0,520.0,730.0,717.0,98.0,501.8
13-02 19:00:00,72.0,77.0,112.0,564.0,57.0,176.4
13-02 20:00:00,35.0,89.0,68.0,85.0,35.0,62.4
13-02 21:00:00,12.0,116.0,12.0,106.0,12.0,51.6
13-02 22:00:00,0.0,0.0,0.0,0.0,0.0,0.0
13-02 23:00:00,0.0,0.0,0.0,0.0,0.0,0.0
14-02 00:00:00,0.0,0.0,0.0,0.0,0.0,0.0
14-02 01:00:00,0.0,0.0,0.0,0.0,0.0,0.0
14-02 02:00:00,0.0,0.0,0.0,0.0,0.0,0.0
14-02 03:00:00,0.0,0.0,0.0,0.0,0.0,0.0
14-02 04:00:00,0.0,0.0,0.0,0.0,0.0,0.0
14-02 05:00:00,0.0,0.0,0.0,0.0,0.0,0.0
14-02 06:00:00,0.0,0.0,0.0,0.0,0.0,0.0
14-02 07:00:00,0.0,0.0,0.0,0.0,0.0,0.0
14-02 08:00:00,0.0,0.0,0.0,0.0,0.0,0.0
14-02 09:00:00,0.0,0.0,0.0,0.0,0.0,0.0
14-02 10:00:00,76.0,128.0,144.0,25.0,101.0,94.8
14-02 11:00:00,398.0,409.0,309.0,105.0,326.0,309.4
14-02 12:00:00,665.0,633.0,402.0,315.0,514.0,505.8
14-02 13:00:00,857.0,848.0,669.0,512.0,864.0,750.0
14-02 14:00:00,994.0,988.0,902.0,615.0,1045.0,908.8
14-02 15:00:00,885.0,1074.0,970.0,672.0,1112.0,942.6
14-02 16:00:00,1059.0,1036.0,232.0,516.0,1108.0,790.2
14-02 17:00:00,973.0,984.0,496.0,507.0,975.0,787.0
14-02 18:00:00,832.0,776.0,721.0,151.0,839.0,663.8
14-02 19:00:00,559.0,306.0,512.0,104.0,581.0,412.4
14-02 20:00:00,236.0,139.0,91.0,77.0,336.0,175.8
14-02 21:00:00,13.0,12.0,12.0,12.0,100.0,29.8
14-02 22:00:00,0.0,0.0,0.0,0.0,0.0,0.0
14-02 23:00:00,0.0,0.0,0.0,0.0,0.0,0.0
15-02 00:00:00,0.0,0.0,0.0,0.0,0.0,0.0
15-02 01:00:00,0.0,0.0,0.0,0.0,0.0,0.0
15-02 02:00:00,0.0,0.0,0.0,0.0,0.0,0.0
15-02 03:00:00,0.0,0.0,0.0,0.0,0.0,0.0
15-02 04:00:00,0.0,0.0,0.0,0.0,0.0,0.0
15-02 05:00:00,0.0,0.0,0.0,0.0,0.0,0.0
15-02 06:00:00,0.0,0.0,0.0,0.0,0.0,0.0
15-02 07:00:00,0.0,0.0,0.0,0.0,0.0,0.0
15-02 08:00:00,0.0,0.0,0.0,0.0,0.0,0.0
15-02 09:00:00,0.0,0.0,0.0,0.0,0.0,0.0
15-02 10:00:00,105.0,122.0,38.0,101.0,150.0,103.2
15-02 11:00:00,332.0,406.0,301.0,320.0,406.0,353.0
15-02 12:00:00,560.0,647.0,344.0,643.0,657.0,570.2
15-02 13:00:00,795.0,852.0,655.0,684.0,879.0,773.0
15-02 14:00:00,665.0,648.0,696.0,508.0,1019.0,707.2
15-02 15:00:00,643.0,824.0,858.0,940.0,1053.0,863.6
15-02 16:00:00,635.0,1116.0,971.0,1058.0,1085.0,973.0
15-02 17:00:00,760.0,968.0,775.0,978.0,1014.0,899.0
15-02 18:00:00,715.0,800.0,518.0,840.0,830.0,740.6
15-02 19:00:00,581.0,630.0,142.0,620.0,616.0,517.8
15-02 20:00:00,90.0,336.0,113.0,306.0,328.0,234.6
15-02 21:00:00,35.0,23.0,12.0,35.0,12.0,23.4
15-02 22:00:00,0.0,0.0,0.0,0.0,0.0,0.0
15-02 23:00:00,0.0,0.0,0.0,0.0,0.0,0.0
16-02 00:00:00,0.0,0.0,0.0,0.0,0.0,0.0
16-02 01:00:00,0.0,0.0,0.0,0.0,0.0,0.0
16-02 02:00:00,0.0,0.0,0.0,0.0,0.0,0.0
16-02 03:00:00,0.0,0.0,0.0,0.0,0.0,0.0
16-02 04:00:00,0.0,0.0,0.0,0.0,0.0,0.0
16-02 05:00:00,0.0,0.0,0.0,0.0,0.0,0.0
16-02 06:00:00,0.0,0.0,0.0,0.0,0.0,0.0
16-02 07:00:00,0.0,0.0,0.0,0.0,0.0,0.0
16-02 08:00:00,0.0,0.0,0.0,0.0,0.0,0.0
16-02 09:00:00,0.0,0.0,0.0,0.0,0.0,0.0
16-02 10:00:00,46.0,69.0,33.0,135.0,110.0,78.6
16-02 11:00:00,178.0,290.0,175.0,383.0,359.0,277.0
16-02 12:00:00,435.0,637.0,167.0,641.0,600.0,496.0
16-02 13:00:00,395.0,850.0,655.0,846.0,839.0,717.0
16-02 14:00:00,201.0,710.0,860.0,997.0,989.0,751.4
16-02 15:00:00,669.0,388.0,348.0,1031.0,946.0,676.4
16-02 16:00:00,299.0,277.0,318.0,941.0,1004.0,567.8
16-02 17:00:00,362.0,171.0,887.0,650.0,938.0,601.6
16-02 18:00:00,392.0,807.0,608.0,203.0,832.0,568.4
16-02 19:00:00,108.0,60.0,623.0,479.0,620.0,378.0
16-02 20:00:00,43.0,34.0,34.0,34.0,333.0,95.6
16-02 21:00:00,12.0,12.0,122.0,12.0,40.0,39.6
16-02 22:00:00,0.0,0.0,0.0,0.0,0.0,0.0
16-02 23:00:00,0.0,0.0,0.0,0.0,0.0,0.0
17-02 00:00:00,0.0,0.0,0.0,0.0,0.0,0.0
17-02 01:00:00,0.0,0.0,0.0,0.0,0.0,0.0
17-02 02:00:00,0.0,0.0,0.0,0.0,0.0,0.0
17-02 03:00:00,0.0,0.0,0.0,0.0,0.0,0.0
17-02 04:00:00,0.0,0.0,0.0,0.0,0.0,0.0
17-02 05:00:00,0.0,0.0,0.0,0.0,0.0,0.0
17-02 06:00:00,0.0,0.0,0.0,0.0,0.0,0.0
17-02 07:00:00,0.0,0.0,0.0,0.0,0.0,0.0
17-02 08:00:00,0.0,0.0,0.0,0.0,0.0,0.0
17-02 09:00:00,0.0,0.0,0.0,0.0,0.0,0.0
17-02 10:00:00,89.0,43.0,109.0,13.0,133.0,77.4
17-02 11:00:00,171.0,367.0,172.0,130.0,397.0,247.4
17-02 12:00:00,282.0,574.0,617.0,422.0,641.0,507.2
17-02 13:00:00,270.0,710.0,819.0,814.0,766.0,675.8
17-02 14:00:00,185.0,699.0,971.0,633.0,950.0,687.6
17-02 15:00:00,231.0,318.0,985.0,548.0,966.0,609.6
17-02 16:00:00,231.0,459.0,1024.0,723.0,963.0,680.0
17-02 17:00:00,165.0,171.0,784.0,510.0,946.0,515.2
17-02 18:00:00,291.0,160.0,517.0,431.0,811.0,442.0
17-02 19:00:00,72.0,120.0,199.0,390.0,572.0,270.6
17-02 20:00:00,34.0,63.0,36.0,184.0,278.0,119.0
17-02 21:00:00,11.0,11.0,11.0,55.0,12.0,20.0
17-02 22:00:00,0.0,0.0,0.0,0.0,0.0,0.0
17-02 23:00:00,0.0,0.0,0.0,0.0,0.0,0.0
18-02 00:00:00,0.0,0.0,0.0,0.0,0.0,0.0
18-02 01:00:00,0.0,0.0,0.0,0.0,0.0,0.0
18-02 02:00:00,0.0,0.0,0.0,0.0,0.0,0.0
18-02 03:00:00,0.0,0.0,0.0,0.0,0.0,0.0
18-02 04:00:00,0.0,0.0,0.0,0.0,0.0,0.0
18-02 05:00:00,0.0,0.0,0.0,0.0,0.0,0.0
18-02 06:00:00,0.0,0.0,0.0,0.0,0.0,0.0
18-02 07:00:00,0.0,0.0,0.0,0.0,0.0,0.0
18-02 08:00:00,0.0,0.0,0.0,0.0,0.0,0.0
18-02 09:00:00,0.0,0.0,0.0,0.0,0.0,0.0
18-02 10:00:00,52.0,74.0,89.0,138.0,30.0,76.6
18-02 11:00:00,276.0,228.0,320.0,364.0,36.0,244.8
18-02 12:00:00,299.0,518.0,358.0,603.0,226.0,400.8
18-02 13:00:00,364.0,706.0,412.0,724.0,491.0,539.4
18-02 14:00:00,376.0,844.0,800.0,886.0,684.0,718.0
18-02 15:00:00,249.0,1061.0,948.0,1029.0,186.0,694.6
18-02 16:00:00,677.0,921.0,1049.0,983.0,173.0,760.6
18-02 17:00:00,473.0,598.0,893.0,877.0,234.0,615.0
18-02 18:00:00,391.0,441.0,771.0,723.0,580.0,581.2
18-02 19:00:00,154.0,131.0,484.0,282.0,595.0,329.2
18-02 20:00:00,34.0,260.0,34.0,280.0,372.0,196.0
18-02 21:00:00,11.0,11.0,11.0,11.0,23.0,13.4
18-02 22:00:00,0.0,0.0,0.0,0.0,0.0,0.0
18-02 23:00:00,0.0,0.0,0.0,0.0,0.0,0.0
19-02 00:00:00,0.0,0.0,0.0,0.0,0.0,0.0
19-02 01:00:00,0.0,0.0,0.0,0.0,0.0,0.0
19-02 02:00:00,0.0,0.0,0.0,0.0,0.0,0.0
19-02 03:00:00,0.0,0.0,0.0,0.0,0.0,0.0
19-02 04:00:00,0.0,0.0,0.0,0.0,0.0,0.0
19-02 05:00:00,0.0,0.0,0.0,0.0,0.0,0.0
19-02 06:00:00,0.0,0.0,0.0,0.0,0.0,0.0
19-02 07:00:00,0.0,0.0,0.0,0.0,0.0,0.0
19-02 08:00:00,0.0,0.0,0.0,0.0,0.0,0.0
19-02 09:00:00,0.0,0.0,0.0,0.0,0.0,0.0
19-02 10:00:00,94.0,67.0,74.0,50.0,95.0,76.0
19-02 11:00:00,365.0,211.0,112.0,74.0,315.0,215.4
19-02 12:00:00,440.0,386.0,319.0,87.0,641.0,374.6
19-02 13:00:00,563.0,705.0,256.0,126.0,856.0,501.2
19-02 14:00:00,697.0,838.0,514.0,164.0,966.0,635.8
19-02 15:00:00,711.0,912.0,498.0,134.0,1051.0,661.2
19-02 16:00:00,824.0,974.0,1001.0,148.0,1065.0,802.4
19-02 17:00:00,974.0,703.0,843.0,165.0,865.0,710.0
19-02 18:00:00,733.0,805.0,809.0,215.0,820.0,676.4
19-02 19:00:00,518.0,160.0,538.0,101.0,643.0,392.0
19-02 20:00:00,371.0,143.0,246.0,34.0,212.0,201.2
19-02 21:00:00,11.0,24.0,11.0,11.0,61.0,23.6
19-02 22:00:00,0.0,0.0,0.0,0.0,0.0,0.0
19-02 23:00:00,0.0,0.0,0.0,0.0,0.0,0.0
20-02 00:00:00,0.0,0.0,0.0,0.0,0.0,0.0
20-02 01:00:00,0.0,0.0,0.0,0.0,0.0,0.0
20-02 02:00:00,0.0,0.0,0.0,0.0,0.0,0.0
20-02 03:00:00,0.0,0.0,0.0,0.0,0.0,0.0
20-02 04:00:00,0.0,0.0,0.0,0.0,0.0,0.0
20-02 05:00:00,0.0,0.0,0.0,0.0,0.0,0.0
20-02 06:00:00,0.0,0.0,0.0,0.0,0.0,0.0
20-02 07:00:00,0.0,0.0,0.0,0.0,0.0,0.0
20-02 08:00:00,0.0,0.0,0.0,0.0,0.0,0.0
20-02 09:00:00,0.0,0.0,0.0,0.0,0.0,0.0
20-02 10:00:00,149.0,68.0,14.0,80.0,114.0,85.0
20-02 11:00:00,388.0,209.0,68.0,187.0,392.0,248.8
20-02 12:00:00,614.0,386.0,369.0,302.0,557.0,445.6
20-02 13:00:00,830.0,741.0,492.0,521.0,371.0,591.0
20-02 14:00:00,678.0,920.0,546.0,376.0,888.0,681.6
20-02 15:00:00,982.0,562.0,891.0,531.0,1016.0,796.4
20-02 16:00:00,1056.0,533.0,784.0,853.0,1086.0,862.4
20-02 17:00:00,908.0,156.0,571.0,157.0,943.0,547.0
20-02 18:00:00,702.0,377.0,692.0,387.0,828.0,597.2
20-02 19:00:00,56.0,443.0,94.0,234.0,515.0,268.4
20-02 20:00:00,48.0,363.0,34.0,34.0,140.0,123.8
20-02 21:00:00,13.0,118.0,13.0,11.0,117.0,54.4
20-02 22:00:00,0.0,0.0,0.0,0.0,0.0,0.0
20-02 23:00:00,0.0,0.0,0.0,0.0,0.0,0.0
21-02 00:00:00,0.0,0.0,0.0,0.0,0.0,0.0
21-02 01:00:00,0.0,0.0,0.0,0.0,0.0,0.0
21-02 02:00:00,0.0,0.0,0.0,0.0,0.0,0.0
21-02 03:00:00,0.0,0.0,0.0,0.0,0.0,0.0
21-02 04:00:00,0.0,0.0,0.0,0.0,0.0,0.0
21-02 05:00:00,0.0,0.0,0.0,0.0,0.0,0.0
21-02 06:00:00,0.0,0.0,0.0,0.0,0.0,0.0
21-02 07:00:00,0.0,0.0,0.0,0.0,0.0,0.0
21-02 08:00:00,0.0,0.0,0.0,0.0,0.0,0.0
21-02 09:00:00,0.0,0.0,0.0,0.0,0.0,0.0
21-02 10:00:00,49.0,106.0,77.0,135.0,33.0,80.0
21-02 11:00:00,96.0,351.0,215.0,36.0,141.0,167.8
21-02 12:00:00,300.0,460.0,159.0,305.0,523.0,349.4
21-02 13:00:00,441.0,686.0,166.0,648.0,800.0,548.2
21-02 14:00:00,660.0,662.0,662.0,786.0,827.0,719.4
21-02 15:00:00,820.0,954.0,816.0,1078.0,680.0,869.6
21-02 16:00:00,653.0,956.0,720.0,919.0,672.0,784.0
21-02 17:00:00,996.0,645.0,786.0,345.0,1001.0,754.6
21-02 18:00:00,682.0,463.0,97.0,75.0,689.0,401.2
21-02 19:00:00,404.0,310.0,97.0,62.0,266.0,227.8
21-02 20:00:00,216.0,33.0,169.0,33.0,74.0,105.0
21-02 21:00:00,32.0,11.0,11.0,11.0,11.0,15.2
21-02 22:00:00,0.0,0.0,0.0,0.0,0.0,0.0
21-02 23:00:00,0.0,0.0,0.0,0.0,0.0,0.0
22-02 00:00:00,0.0,0.0,0.0,0.0,0.0,0.0
22-02 01:00:00,0.0,0.0,0.0,0.0,0.0,0.0
22-02 02:00:00,0.0,0.0,0.0,0.0,0.0,0.0
22-02 03:00:00,0.0,0.0,0.0,0.0,0.0,0.0
22-02 04:00:00,0.0,0.0,0.0,0.0,0.0,0.0
22-02 05:00:00,0.0,0.0,0.0,0.0,0.0,0.0
22-02 06:00:00,0.0,0.0,0.0,0.0,0.0,0.0
22-02 07:00:00,0.0,0.0,0.0,0.0,0.0,0.0
22-02 08:00:00,0.0,0.0,0.0,0.0,0.0,0.0
22-02 09:00:00,0.0,0.0,0.0,0.0,0.0,0.0
22-02 10:00:00,46.0,32.0,140.0,27.0,74.0,63.8
22-02 11:00:00,223.0,138.0,384.0,215.0,279.0,247.8
22-02 12:00:00,585.0,270.0,636.0,390.0,468.0,469.8
22-02 13:00:00,825.0,634.0,851.0,843.0,802.0,791.0
22-02 14:00:00,924.0,957.0,835.0,963.0,850.0,905.8
22-02 15:00:00,966.0,900.0,1057.0,1106.0,849.0,975.6
22-02 16:00:00,1038.0,728.0,1094.0,1055.0,593.0,901.6
22-02 17:00:00,822.0,370.0,934.0,995.0,709.0,766.0
22-02 18:00:00,282.0,362.0,538.0,816.0,121.0,423.8
22-02 19:00:00,207.0,66.0,467.0,640.0,55.0,287.0
22-02 20:00:00,366.0,115.0,198.0,328.0,33.0,208.0
22-02 21:00:00,117.0,17.0,24.0,11.0,11.0,36.0
22-02 22:00:00,0.0,0.0,0.0,0.0,0.0,0.0
22-02 23:00:00,0.0,0.0,0.0,0.0,0.0,0.0
23-02 00:00:00,0.0,0.0,0.0,0.0,0.0,0.0
23-02 01:00:00,0.0,0.0,0.0,0.0,0.0,0.0
23-02 02:00:00,0.0,0.0,0.0,0.0,0.0,0.0
23-02 03:00:00,0.0,0.0,0.0,0.0,0.0,0.0
23-02 04:00:00,0.0,0.0,0.0,0.0,0.0,0.0
23-02 05:00:00,0.0,0.0,0.0,0.0,0.0,0.0
23-02 06:00:00,0.0,0.0,0.0,0.0,0.0,0.0
23-02 07:00:00,0.0,0.0,0.0,0.0,0.0,0.0
23-02 08:00:00,0.0,0.0,0.0,0.0,0.0,0.0
23-02 09:00:00,0.0,0.0,0.0,0.0,0.0,0.0
23-02 10:00:00,102.0,45.0,62.0,146.0,116.0,94.2
23-02 11:00:00,328.0,344.0,267.0,387.0,201.0,305.4
23-02 12:00:00,298.0,308.0,622.0,628.0,503.0,471.8
23-02 13:00:00,752.0,589.0,864.0,841.0,831.0,775.4
23-02 14:00:00,969.0,859.0,987.0,850.0,1008.0,934.6
23-02 15:00:00,1037.0,957.0,1096.0,782.0,1026.0,979.6
23-02 16:00:00,968.0,1011.0,1075.0,1087.0,1002.0,1028.6
23-02 17:00:00,837.0,948.0,924.0,1017.0,148.0,774.8
23-02 18:00:00,428.0,719.0,844.0,849.0,74.0,582.8
23-02 19:00:00,452.0,425.0,629.0,611.0,55.0,434.4
23-02 20:00:00,69.0,33.0,358.0,54.0,33.0,109.4
23-02 21:00:00,11.0,10.0,103.0,10.0,10.0,28.8
23-02 22:00:00,0.0,0.0,0.0,0.0,0.0,0.0
23-02 23:00:00,0.0,0.0,0.0,0.0,0.0,0.0
24-02 00:00:00,0.0,0.0,0.0,0.0,0.0,0.0
24-02 01:00:00,0.0,0.0,0.0,0.0,0.0,0.0
24-02 02:00:00,0.0,0.0,0.0,0.0,0.0,0.0
24-02 03:00:00,0.0,0.0,0.0,0.0,0.0,0.0
24-02 04:00:00,0.0,0.0,0.0,0.0,0.0,0.0
24-02 05:00:00,0.0,0.0,0.0,0.0,0.0,0.0
24-02 06:00:00,0.0,0.0,0.0,0.0,0.0,0.0
24-02 07:00:00,0.0,0.0,0.0,0.0,0.0,0.0
24-02 08:00:00,0.0,0.0,0.0,0.0,0.0,0.0
24-02 09:00:00,0.0,0.0,0.0,0.0,0.0,0.0
24-02 10:00:00,137.0,64.0,135.0,135.0,38.0,101.8
24-02 11:00:00,397.0,171.0,400.0,374.0,140.0,296.4
24-02 12:00:00,625.0,243.0,645.0,630.0,497.0,528.0
24-02 13:00:00,827.0,412.0,854.0,844.0,817.0,750.8
24-02 14:00:00,891.0,198.0,1003.0,969.0,1028.0,817.8
24-02 15:00:00,903.0,152.0,989.0,972.0,1102.0,823.6
24-02 16:00:00,163.0,139.0,835.0,825.0,1102.0,612.8
24-02 17:00:00,161.0,130.0,985.0,281.0,974.0,506.2
24-02 18:00:00,88.0,106.0,802.0,111.0,847.0,390.8
24-02 19:00:00,55.0,123.0,590.0,629.0,386.0,356.6
24-02 20:00:00,33.0,50.0,296.0,353.0,53.0,157.0
24-02 21:00:00,10.0,16.0,100.0,10.0,26.0,32.4
24-02 22:00:00,0.0,0.0,0.0,0.0,0.0,0.0
24-02 23:00:00,0.0,0.0,0.0,0.0,0.0,0.0
25-02 00:00:00,0.0,0.0,0.0,0.0,0.0,0.0
25-02 01:00:00,0.0,0.0,0.0,0.0,0.0,0.0
25-02 02:00:00,0.0,0.0,0.0,0.0,0.0,0.0
25-02 03:00:00,0.0,0.0,0.0,0.0,0.0,0.0
25-02 04:00:00,0.0,0.0,0.0,0.0,0.0,0.0
25-02 05:00:00,0.0,0.0,0.0,0.0,0.0,0.0
25-02 06:00:00,0.0,0.0,0.0,0.0,0.0,0.0
25-02 07:00:00,0.0,0.0,0.0,0.0,0.0,0.0
25-02 08:00:00,0.0,0.0,0.0,0.0,0.0,0.0
25-02 09:00:00,0.0,0.0,0.0,0.0,0.0,0.0
25-02 10:00:00,85.0,37.0,137.0,142.0,101.0,100.4
25-02 11:00:00,296.0,224.0,401.0,396.0,252.0,313.8
25-02 12:00:00,626.0,618.0,641.0,634.0,627.0,629.2
25-02 13:00:00,838.0,833.0,835.0,853.0,849.0,841.6
25-02 14:00:00,1022.0,1000.0,699.0,935.0,1009.0,933.0
25-02 15:00:00,1010.0,976.0,1026.0,1020.0,838.0,974.0
25-02 16:00:00,722.0,787.0,1062.0,1021.0,660.0,850.4
25-02 17:00:00,106.0,705.0,877.0,861.0,478.0,605.4
25-02 18:00:00,90.0,822.0,364.0,781.0,288.0,469.0
25-02 19:00:00,151.0,593.0,108.0,526.0,55.0,286.6
25-02 20:00:00,64.0,326.0,33.0,301.0,105.0,165.8
25-02 21:00:00,10.0,10.0,50.0,10.0,10.0,18.0
25-02 22:00:00,0.0,0.0,0.0,0.0,0.0,0.0
25-02 23:00:00,0.0,0.0,0.0,0.0,0.0,0.0
26-02 00:00:00,0.0,0.0,0.0,0.0,0.0,0.0
26-02 01:00:00,0.0,0.0,0.0,0.0,0.0,0.0
26-02 02:00:00,0.0,0.0,0.0,0.0,0.0,0.0
26-02 03:00:00,0.0,0.0,0.0,0.0,0.0,0.0
26-02 04:00:00,0.0,0.0,0.0,0.0,0.0,0.0
26-02 05:00:00,0.0,0.0,0.0,0.0,0.0,0.0
26-02 06:00:00,0.0,0.0,0.0,0.0,0.0,0.0
26-02 07:00:00,0.0,0.0,0.0,0.0,0.0,0.0
26-02 08:00:00,0.0,0.0,0.0,0.0,0.0,0.0
26-02 09:00:00,0.0,0.0,0.0,0.0,0.0,0.0
26-02 10:00:00,89.0,65.0,73.0,136.0,91.0,90.8
26-02 11:00:00,260.0,240.0,47.0,387.0,377.0,262.2
26-02 12:00:00,416.0,447.0,74.0,627.0,623.0,437.4
26-02 13:00:00,651.0,545.0,103.0,840.0,844.0,596.6
26-02 14:00:00,897.0,807.0,149.0,1003.0,997.0,770.6
26-02 15:00:00,1024.0,999.0,142.0,1056.0,1078.0,859.8
26-02 16:00:00,1014.0,951.0,105.0,997.0,1056.0,824.6
26-02 17:00:00,860.0,1006.0,145.0,937.0,932.0,776.0
26-02 18:00:00,462.0,736.0,135.0,810.0,841.0,596.8
26-02 19:00:00,141.0,508.0,78.0,627.0,620.0,394.8
26-02 20:00:00,65.0,32.0,46.0,360.0,326.0,165.8
26-02 21:00:00,10.0,10.0,10.0,71.0,66.0,33.4
26-02 22:00:00,0.0,0.0,0.0,0.0,0.0,0.0
26-02 23:00:00,0.0,0.0,0.0,0.0,0.0,0.0
27-02 00:00:00,0.0,0.0,0.0,0.0,0.0,0.0
27-02 01:00:00,0.0,0.0,0.0,0.0,0.0,0.0
27-02 02:00:00,0.0,0.0,0.0,0.0,0.0,0.0
27-02 03:00:00,0.0,0.0,0.0,0.0,0.0,0.0
27-02 04:00:00,0.0,0.0,0.0,0.0,0.0,0.0
27-02 05:00:00,0.0,0.0,0.0,0.0,0.0,0.0
27-02 06:00:00,0.0,0.0,0.0,0.0,0.0,0.0
27-02 07:00:00,0.0,0.0,0.0,0.0,0.0,0.0
27-02 08:00:00,0.0,0.0,0.0,0.0,0.0,0.0
27-02 09:00:00,0.0,0.0,0.0,0.0,0.0,0.0
27-02 10:00:00,93.0,120.0,22.0,136.0,111.0,96.4
27-02 11:00:00,332.0,379.0,77.0,392.0,377.0,311.4
27-02 12:00:00,478.0,619.0,188.0,631.0,638.0,510.8
27-02 13:00:00,595.0,492.0,143.0,849.0,853.0,586.4
27-02 14:00:00,765.0,709.0,198.0,1009.0,986.0,733.4
27-02 15:00:00,933.0,746.0,218.0,1096.0,944.0,787.4
27-02 16:00:00,912.0,624.0,718.0,1091.0,934.0,855.8
27-02 17:00:00,928.0,162.0,691.0,978.0,993.0,750.4
27-02 18:00:00,798.0,109.0,585.0,780.0,813.0,617.0
27-02 19:00:00,566.0,65.0,225.0,610.0,539.0,401.0
27-02 20:00:00,298.0,32.0,32.0,263.0,319.0,188.8
27-02 21:00:00,10.0,11.0,10.0,10.0,70.0,22.2
27-02 22:00:00,0.0,0.0,0.0,0.0,0.0,0.0
27-02 23:00:00,0.0,0.0,0.0,0.0,0.0,0.0
28-02 00:00:00,0.0,0.0,0.0,0.0,0.0,0.0
28-02 01:00:00,0.0,0.0,0.0,0.0,0.0,0.0
28-02 02:00:00,0.0,0.0,0.0,0.0,0.0,0.0
28-02 03:00:00,0.0,0.0,0.0,0.0,0.0,0.0
28-02 04:00:00,0.0,0.0,0.0,0.0,0.0,0.0
28-02 05:00:00,0.0,0.0,0.0,0.0,0.0,0.0
28-02 06:00:00,0.0,0.0,0.0,0.0,0.0,0.0
28-02 07:00:00,0.0,0.0,0.0,0.0,0.0,0.0
28-02 08:00:00,0.0,0.0,0.0,0.0,0.0,0.0
28-02 09:00:00,0.0,0.0,0.0,0.0,0.0,0.0
28-02 10:00:00,24.0,34.0,24.0,136.0,109.0,65.4
28-02 11:00:00,140.0,232.0,100.0,388.0,380.0,248.0
28-02 12:00:00,435.0,558.0,195.0,628.0,632.0,489.6
28-02 13:00:00,603.0,686.0,532.0,846.0,874.0,708.2
28-02 14:00:00,759.0,290.0,874.0,1005.0,1015.0,788.6
28-02 15:00:00,898.0,899.0,629.0,1063.0,967.0,891.2
28-02 16:00:00,559.0,600.0,447.0,1040.0,1075.0,744.2
28-02 17:00:00,925.0,170.0,367.0,1016.0,968.0,689.2
28-02 18:00:00,440.0,93.0,664.0,845.0,771.0,562.6
28-02 19:00:00,600.0,54.0,140.0,638.0,596.0,405.6
28-02 20:00:00,58.0,32.0,98.0,362.0,330.0,176.0
28-02 21:00:00,9.0,9.0,56.0,74.0,82.0,46.0
28-02 22:00:00,0.0,0.0,0.0,0.0,0.0,0.0
28-02 23:00:00,0.0,0.0,0.0,0.0,0.0,0.0
01-03 00:00:00,0.0,0.0,0.0,0.0,0.0,0.0
01-03 01:00:00,0.0,0.0,0.0,0.0,0.0,0.0
01-03 02:00:00,0.0,0.0,0.0,0.0,0.0,0.0
01-03 03:00:00,0.0,0.0,0.0,0.0,0.0,0.0
01-03 04:00:00,0.0,0.0,0.0,0.0,0.0,0.0
01-03 05:00:00,0.0,0.0,0.0,0.0,0.0,0.0
01-03 06:00:00,0.0,0.0,0.0,0.0,0.0,0.0
01-03 07:00:00,0.0,0.0,0.0,0.0,0.0,0.0
01-03 08:00:00,0.0,0.0,0.0,0.0,0.0,0.0
01-03 09:00:00,0.0,0.0,0.0,0.0,0.0,0.0
01-03 10:00:00,90.0,136.0,24.0,135.0,107.0,98.4
01-03 11:00:00,289.0,377.0,123.0,386.0,35.0,242.0
01-03 12:00:00,483.0,618.0,442.0,626.0,74.0,448.6
01-03 13:00:00,701.0,435.0,776.0,804.0,125.0,568.2
01-03 14:00:00,804.0,617.0,796.0,877.0,645.0,747.8
01-03 15:00:00,891.0,610.0,976.0,1077.0,622.0,835.2
01-03 16:00:00,1010.0,897.0,211.0,1060.0,1080.0,851.6
01-03 17:00:00,890.0,239.0,324.0,991.0,785.0,645.8
01-03 18:00:00,770.0,236.0,449.0,669.0,710.0,566.8
01-03 19:00:00,260.0,387.0,214.0,599.0,453.0,382.6
01-03 20:00:00,342.0,115.0,32.0,346.0,32.0,173.4
01-03 21:00:00,9.0,54.0,9.0,40.0,9.0,24.2
01-03 22:00:00,0.0,0.0,0.0,0.0,0.0,0.0
01-03 23:00:00,0.0,0.0,0.0,0.0,0.0,0.0
02-03 00:00:00,0.0,0.0,0.0,0.0,0.0,0.0
02-03 01:00:00,0.0,0.0,0.0,0.0,0.0,0.0
02-03 02:00:00,0.0,0.0,0.0,0.0,0.0,0.0
02-03 03:00:00,0.0,0.0,0.0,0.0,0.0,0.0
02-03 04:00:00,0.0,0.0,0.0,0.0,0.0,0.0
02-03 05:00:00,0.0,0.0,0.0,0.0,0.0,0.0
02-03 06:00:00,0.0,0.0,0.0,0.0,0.0,0.0
02-03 07:00:00,0.0,0.0,0.0,0.0,0.0,0.0
02-03 08:00:00,0.0,0.0,0.0,0.0,0.0,0.0
02-03 09:00:00,0.0,0.0,0.0,0.0,0.0,0.0
02-03 10:00:00,16.0,96.0,81.0,132.0,97.0,84.4
02-03 11:00:00,166.0,72.0,133.0,384.0,383.0,227.6
02-03 12:00:00,226.0,169.0,489.0,624.0,617.0,425.0
02-03 13:00:00,446.0,206.0,598.0,841.0,828.0,583.8
02-03 14:00:00,555.0,196.0,633.0,988.0,933.0,661.0
02-03 15:00:00,532.0,618.0,789.0,907.0,932.0,755.6
02-03 16:00:00,198.0,361.0,509.0,655.0,722.0,489.0
02-03 17:00:00,101.0,821.0,185.0,602.0,564.0,454.6
02-03 18:00:00,78.0,72.0,83.0,769.0,73.0,215.0
02-03 19:00:00,65.0,336.0,62.0,571.0,117.0,230.2
02-03 20:00:00,31.0,282.0,31.0,226.0,168.0,147.6
02-03 21:00:00,9.0,9.0,9.0,9.0,9.0,9.0
02-03 22:00:00,0.0,0.0,0.0,0.0,0.0,0.0
02-03 23:00:00,0.0,0.0,0.0,0.0,0.0,0.0
03-03 00:00:00,0.0,0.0,0.0,0.0,0.0,0.0
03-03 01:00:00,0.0,0.0,0.0,0.0,0.0,0.0
03-03 02:00:00,0.0,0.0,0.0,0.0,0.0,0.0
03-03 03:00:00,0.0,0.0,0.0,0.0,0.0,0.0
03-03 04:00:00,0.0,0.0,0.0,0.0,0.0,0.0
03-03 05:00:00,0.0,0.0,0.0,0.0,0.0,0.0
03-03 06:00:00,0.0,0.0,0.0,0.0,0.0,0.0
03-03 07:00:00,0.0,0.0,0.0,0.0,0.0,0.0
03-03 08:00:00,0.0,0.0,0.0,0.0,0.0,0.0
03-03 09:00:00,0.0,0.0,0.0,0.0,0.0,0.0
03-03 10:00:00,82.0,70.0,110.0,21.0,127.0,82.0
03-03 11:00:00,89.0,176.0,390.0,51.0,375.0,216.2
03-03 12:00:00,126.0,243.0,636.0,153.0,621.0,355.8
03-03 13:00:00,202.0,635.0,840.0,168.0,835.0,536.0
03-03 14:00:00,280.0,925.0,1003.0,530.0,934.0,734.4
03-03 15:00:00,522.0,972.0,989.0,788.0,1027.0,859.6
03-03 16:00:00,503.0,846.0,968.0,871.0,676.0,772.8
03-03 17:00:00,590.0,778.0,874.0,671.0,328.0,648.2
03-03 18:00:00,693.0,277.0,645.0,629.0,683.0,585.4
03-03 19:00:00,318.0,340.0,349.0,473.0,448.0,385.6
03-03 20:00:00,177.0,31.0,223.0,31.0,84.0,109.2
03-03 21:00:00,19.0,9.0,54.0,9.0,9.0,20.0
03-03 22:00:00,0.0,0.0,0.0,0.0,0.0,0.0
03-03 23:00:00,0.0,0.0,0.0,0.0,0.0,0.0
04-03 00:00:00,0.0,0.0,0.0,0.0,0.0,0.0
04-03 01:00:00,0.0,0.0,0.0,0.0,0.0,0.0
04-03 02:00:00,0.0,0.0,0.0,0.0,0.0,0.0
04-03 03:00:00,0.0,0.0,0.0,0.0,0.0,0.0
04-03 04:00:00,0.0,0.0,0.0,0.0,0.0,0.0
04-03 05:00:00,0.0,0.0,0.0,0.0,0.0,0.0
04-03 06:00:00,0.0,0.0,0.0,0.0,0.0,0.0
04-03 07:00:00,0.0,0.0,0.0,0.0,0.0,0.0
04-03 08:00:00,0.0,0.0,0.0,0.0,0.0,0.0
04-03 09:00:00,0.0,0.0,0.0,0.0,0.0,0.0
04-03 10:00:00,68.0,63.0,49.0,49.0,87.0,63.2
04-03 11:00:00,212.0,219.0,0.0,145.0,371.0,189.4
04-03 12:00:00,93.0,466.0,612.0,305.0,603.0,415.8
04-03 13:00:00,556.0,683.0,719.0,680.0,833.0,694.2
04-03 14:00:00,604.0,915.0,810.0,739.0,990.0,811.6
04-03 15:00:00,493.0,1015.0,854.0,936.0,1047.0,869.0
04-03 16:00:00,355.0,398.0,617.0,607.0,1001.0,595.6
04-03 17:00:00,161.0,574.0,835.0,855.0,930.0,671.0
04-03 18:00:00,89.0,351.0,183.0,142.0,787.0,310.4
04-03 19:00:00,140.0,118.0,94.0,53.0,575.0,196.0
04-03 20:00:00,31.0,37.0,31.0,31.0,341.0,94.2
04-03 21:00:00,9.0,8.0,9.0,9.0,19.0,10.8
04-03 22:00:00,0.0,0.0,0.0,0.0,0.0,0.0
04-03 23:00:00,0.0,0.0,0.0,0.0,0.0,0.0
05-03 00:00:00,0.0,0.0,0.0,0.0,0.0,0.0
05-03 01:00:00,0.0,0.0,0.0,0.0,0.0,0.0
05-03 02:00:00,0.0,0.0,0.0,0.0,0.0,0.0
05-03 03:00:00,0.0,0.0,0.0,0.0,0.0,0.0
05-03 04:00:00,0.0,0.0,0.0,0.0,0.0,0.0
05-03 05:00:00,0.0,0.0,0.0,0.0,0.0,0.0
05-03 06:00:00,0.0,0.0,0.0,0.0,0.0,0.0
05-03 07:00:00,0.0,0.0,0.0,0.0,0.0,0.0
05-03 08:00:00,0.0,0.0,0.0,0.0,0.0,0.0
05-03 09:00:00,0.0,0.0,0.0,0.0,0.0,0.0
05-03 10:00:00,40.0,81.0,105.0,100.0,135.0,92.2
05-03 11:00:00,202.0,317.0,377.0,356.0,358.0,322.0
05-03 12:00:00,628.0,527.0,616.0,619.0,619.0,601.8
05-03 13:00:00,790.0,533.0,725.0,827.0,827.0,740.4
05-03 14:00:00,529.0,642.0,817.0,977.0,881.0,769.2
05-03 15:00:00,553.0,874.0,921.0,996.0,957.0,860.2
05-03 16:00:00,764.0,934.0,975.0,1016.0,924.0,922.6
05-03 17:00:00,888.0,535.0,634.0,959.0,679.0,739.0
05-03 18:00:00,385.0,169.0,149.0,793.0,772.0,453.6
05-03 19:00:00,53.0,64.0,113.0,602.0,593.0,285.0
05-03 20:00:00,31.0,93.0,57.0,337.0,315.0,166.6
05-03 21:00:00,8.0,8.0,8.0,33.0,8.0,13.0
05-03 22:00:00,0.0,0.0,0.0,0.0,0.0,0.0
05-03 23:00:00,0.0,0.0,0.0,0.0,0.0,0.0
06-03 00:00:00,0.0,0.0,0.0,0.0,0.0,0.0
06-03 01:00:00,0.0,0.0,0.0,0.0,0.0,0.0
06-03 02:00:00,0.0,0.0,0.0,0.0,0.0,0.0
06-03 03:00:00,0.0,0.0,0.0,0.0,0.0,0.0
06-03 04:00:00,0.0,0.0,0.0,0.0,0.0,0.0
06-03 05:00:00,0.0,0.0,0.0,0.0,0.0,0.0
06-03 06:00:00,0.0,0.0,0.0,0.0,0.0,0.0
06-03 07:00:00,0.0,0.0,0.0,0.0,0.0,0.0
06-03 08:00:00,0.0,0.0,0.0,0.0,0.0,0.0
06-03 09:00:00,0.0,0.0,0.0,0.0,0.0,0.0
06-03 10:00:00,84.0,122.0,124.0,129.0,124.0,116.6
06-03 11:00:00,388.0,235.0,373.0,383.0,367.0,349.2
06-03 12:00:00,631.0,495.0,613.0,618.0,156.0,502.6
06-03 13:00:00,839.0,598.0,712.0,825.0,130.0,620.8
06-03 14:00:00,987.0,221.0,797.0,930.0,323.0,651.6
06-03 15:00:00,978.0,288.0,776.0,1014.0,561.0,723.4
06-03 16:00:00,752.0,393.0,1029.0,1053.0,936.0,832.6
06-03 17:00:00,459.0,257.0,980.0,967.0,681.0,668.8
06-03 18:00:00,132.0,342.0,824.0,704.0,213.0,443.0
06-03 19:00:00,71.0,176.0,578.0,501.0,84.0,282.0
06-03 20:00:00,120.0,30.0,267.0,185.0,34.0,127.2
06-03 21:00:00,13.0,8.0,8.0,8.0,9.0,9.2
06-03 22:00:00,0.0,0.0,0.0,0.0,0.0,0.0
06-03 23:00:00,0.0,0.0,0.0,0.0,0.0,0.0
07-03 00:00:00,0.0,0.0,0.0,0.0,0.0,0.0
07-03 01:00:00,0.0,0.0,0.0,0.0,0.0,0.0
07-03 02:00:00,0.0,0.0,0.0,0.0,0.0,0.0
07-03 03:00:00,0.0,0.0,0.0,0.0,0.0,0.0
07-03 04:00:00,0.0,0.0,0.0,0.0,0.0,0.0
07-03 05:00:00,0.0,0.0,0.0,0.0,0.0,0.0
07-03 06:00:00,0.0,0.0,0.0,0.0,0.0,0.0
07-03 07:00:00,0.0,0.0,0.0,0.0,0.0,0.0
07-03 08:00:00,0.0,0.0,0.0,0.0,0.0,0.0
07-03 09:00:00,0.0,0.0,0.0,0.0,0.0,0.0
07-03 10:00:00,90.0,85.0,42.0,100.0,132.0,89.8
07-03 11:00:00,259.0,222.0,174.0,368.0,104.0,225.4
07-03 12:00:00,600.0,438.0,529.0,605.0,284.0,491.2
07-03 13:00:00,761.0,720.0,636.0,818.0,573.0,701.6
07-03 14:00:00,915.0,866.0,937.0,930.0,875.0,904.6
07-03 15:00:00,485.0,936.0,933.0,1005.0,972.0,866.2
07-03 16:00:00,139.0,1015.0,989.0,936.0,677.0,751.2
07-03 17:00:00,119.0,705.0,820.0,612.0,111.0,473.4
07-03 18:00:00,79.0,523.0,215.0,746.0,141.0,340.8
07-03 19:00:00,74.0,83.0,60.0,90.0,99.0,81.2
07-03 20:00:00,30.0,70.0,36.0,32.0,30.0,39.6
07-03 21:00:00,8.0,8.0,8.0,8.0,8.0,8.0
07-03 22:00:00,0.0,0.0,0.0,0.0,0.0,0.0
07-03 23:00:00,0.0,0.0,0.0,0.0,0.0,0.0
08-03 00:00:00,0.0,0.0,0.0,0.0,0.0,0.0
08-03 01:00:00,0.0,0.0,0.0,0.0,0.0,0.0
08-03 02:00:00,0.0,0.0,0.0,0.0,0.0,0.0
08-03 03:00:00,0.0,0.0,0.0,0.0,0.0,0.0
08-03 04:00:00,0.0,0.0,0.0,0.0,0.0,0.0
08-03 05:00:00,0.0,0.0,0.0,0.0,0.0,0.0
08-03 06:00:00,0.0,0.0,0.0,0.0,0.0,0.0
08-03 07:00:00,0.0,0.0,0.0,0.0,0.0,0.0
08-03 08:00:00,0.0,0.0,0.0,0.0,0.0,0.0
08-03 09:00:00,0.0,0.0,0.0,0.0,0.0,0.0
08-03 10:00:00,24.0,126.0,54.0,121.0,69.0,78.8
08-03 11:00:00,73.0,389.0,42.0,320.0,260.0,216.8
08-03 12:00:00,622.0,629.0,292.0,565.0,562.0,534.0
08-03 13:00:00,832.0,841.0,290.0,764.0,778.0,701.0
08-03 14:00:00,903.0,935.0,267.0,929.0,905.0,787.8
08-03 15:00:00,943.0,979.0,470.0,824.0,972.0,837.6
08-03 16:00:00,819.0,837.0,845.0,1045.0,859.0,881.0
08-03 17:00:00,937.0,727.0,873.0,948.0,471.0,791.2
08-03 18:00:00,807.0,508.0,257.0,697.0,507.0,555.2
08-03 19:00:00,213.0,566.0,72.0,569.0,450.0,374.0
08-03 20:00:00,332.0,106.0,30.0,290.0,70.0,165.6
08-03 21:00:00,48.0,60.0,8.0,14.0,8.0,27.6
08-03 22:00:00,0.0,0.0,0.0,0.0,0.0,0.0
08-03 23:00:00,0.0,0.0,0.0,0.0,0.0,0.0
09-03 00:00:00,0.0,0.0,0.0,0.0,0.0,0.0
09-03 01:00:00,0.0,0.0,0.0,0.0,0.0,0.0
09-03 02:00:00,0.0,0.0,0.0,0.0,0.0,0.0
09-03 03:00:00,0.0,0.0,0.0,0.0,0.0,0.0
09-03 04:00:00,0.0,0.0,0.0,0.0,0.0,0.0
09-03 05:00:00,0.0,0.0,0.0,0.0,0.0,0.0
09-03 06:00:00,0.0,0.0,0.0,0.0,0.0,0.0
09-03 07:00:00,0.0,0.0,0.0,0.0,0.0,0.0
09-03 08:00:00,0.0,0.0,0.0,0.0,0.0,0.0
09-03 09:00:00,0.0,0.0,0.0,0.0,0.0,0.0
09-03 10:00:00,126.0,112.0,73.0,124.0,14.0,89.8
09-03 11:00:00,386.0,362.0,245.0,379.0,89.0,292.2
09-03 12:00:00,633.0,579.0,435.0,614.0,223.0,496.8
09-03 13:00:00,837.0,692.0,477.0,834.0,262.0,620.4
09-03 14:00:00,984.0,889.0,351.0,979.0,459.0,732.4
09-03 15:00:00,985.0,1008.0,501.0,1092.0,456.0,808.4
09-03 16:00:00,881.0,1011.0,619.0,1067.0,865.0,888.6
09-03 17:00:00,862.0,916.0,504.0,821.0,711.0,762.8
09-03 18:00:00,793.0,749.0,445.0,500.0,297.0,556.8
09-03 19:00:00,393.0,560.0,557.0,575.0,136.0,444.2
09-03 20:00:00,30.0,225.0,326.0,329.0,108.0,203.6
09-03 21:00:00,74.0,8.0,7.0,31.0,7.0,25.4
09-03 22:00:00,0.0,0.0,0.0,0.0,0.0,0.0
09-03 23:00:00,0.0,0.0,0.0,0.0,0.0,0.0
10-03 00:00:00,0.0,0.0,0.0,0.0,0.0,0.0
10-03 01:00:00,0.0,0.0,0.0,0.0,0.0,0.0
10-03 02:00:00,0.0,0.0,0.0,0.0,0.0,0.0
10-03 03:00:00,0.0,0.0,0.0,0.0,0.0,0.0
10-03 04:00:00,0.0,0.0,0.0,0.0,0.0,0.0
10-03 05:00:00,0.0,0.0,0.0,0.0,0.0,0.0
10-03 06:00:00,0.0,0.0,0.0,0.0,0.0,0.0
10-03 07:00:00,0.0,0.0,0.0,0.0,0.0,0.0
10-03 08:00:00,0.0,0.0,0.0,0.0,0.0,0.0
10-03 09:00:00,0.0,0.0,0.0,0.0,0.0,0.0
10-03 10:00:00,93.0,120.0,27.0,119.0,84.0,88.6
10-03 11:00:00,275.0,386.0,118.0,372.0,213.0,272.8
10-03 12:00:00,543.0,624.0,231.0,611.0,319.0,465.6
10-03 13:00:00,811.0,725.0,276.0,825.0,378.0,603.0
10-03 14:00:00,964.0,934.0,622.0,980.0,484.0,796.8
10-03 15:00:00,1041.0,942.0,608.0,1035.0,926.0,910.4
10-03 16:00:00,824.0,854.0,519.0,1004.0,882.0,816.6
10-03 17:00:00,287.0,772.0,105.0,877.0,575.0,523.2
10-03 18:00:00,71.0,766.0,102.0,731.0,471.0,428.2
10-03 19:00:00,56.0,510.0,551.0,566.0,296.0,395.8
10-03 20:00:00,193.0,330.0,296.0,193.0,29.0,208.2
10-03 21:00:00,80.0,7.0,7.0,18.0,7.0,23.8
10-03 22:00:00,0.0,0.0,0.0,0.0,0.0,0.0
10-03 23:00:00,0.0,0.0,0.0,0.0,0.0,0.0
11-03 00:00:00,0.0,0.0,0.0,0.0,0.0,0.0
11-03 01:00:00,0.0,0.0,0.0,0.0,0.0,0.0
11-03 02:00:00,0.0,0.0,0.0,0.0,0.0,0.0
11-03 03:00:00,0.0,0.0,0.0,0.0,0.0,0.0
11-03 04:00:00,0.0,0.0,0.0,0.0,0.0,0.0
11-03 05:00:00,0.0,0.0,0.0,0.0,0.0,0.0
11-03 06:00:00,0.0,0.0,0.0,0.0,0.0,0.0
11-03 07:00:00,0.0,0.0,0.0,0.0,0.0,0.0
11-03 08:00:00,0.0,0.0,0.0,0.0,0.0,0.0
11-03 09:00:00,0.0,0.0,0.0,0.0,0.0,0.0
11-03 10:00:00,56.0,74.0,89.0,121.0,23.0,72.6
11-03 11:00:00,189.0,179.0,366.0,370.0,103.0,241.4
11-03 12:00:00,417.0,510.0,578.0,606.0,458.0,513.8
11-03 13:00:00,605.0,692.0,709.0,797.0,689.0,698.4
11-03 14:00:00,895.0,803.0,748.0,936.0,592.0,794.8
11-03 15:00:00,1014.0,943.0,1000.0,1051.0,503.0,902.2
11-03 16:00:00,1028.0,919.0,1049.0,1059.0,142.0,839.4
11-03 17:00:00,957.0,807.0,412.0,831.0,152.0,631.8
11-03 18:00:00,642.0,594.0,436.0,756.0,70.0,499.6
11-03 19:00:00,560.0,554.0,105.0,257.0,51.0,305.4
11-03 20:00:00,156.0,314.0,42.0,258.0,29.0,159.8
11-03 21:00:00,7.0,72.0,7.0,7.0,7.0,20.0
11-03 22:00:00,0.0,0.0,0.0,0.0,0.0,0.0
11-03 23:00:00,0.0,0.0,0.0,0.0,0.0,0.0
12-03 00:00:00,0.0,0.0,0.0,0.0,0.0,0.0
12-03 01:00:00,0.0,0.0,0.0,0.0,0.0,0.0
12-03 02:00:00,0.0,0.0,0.0,0.0,0.0,0.0
12-03 03:00:00,0.0,0.0,0.0,0.0,0.0,0.0
12-03 04:00:00,0.0,0.0,0.0,0.0,0.0,0.0
12-03 05:00:00,0.0,0.0,0.0,0.0,0.0,0.0
12-03 06:00:00,0.0,0.0,0.0,0.0,0.0,0.0
12-03 07:00:00,0.0,0.0,0.0,0.0,0.0,0.0
12-03 08:00:00,0.0,0.0,0.0,0.0,0.0,0.0
12-03 09:00:00,0.0,0.0,0.0,0.0,0.0,0.0
12-03 10:00:00,112.0,87.0,44.0,53.0,98.0,78.8
12-03 11:00:00,228.0,373.0,335.0,74.0,329.0,267.8
12-03 12:00:00,458.0,613.0,599.0,156.0,586.0,482.4
12-03 13:00:00,698.0,731.0,807.0,671.0,802.0,741.8
12-03 14:00:00,890.0,814.0,879.0,921.0,933.0,887.4
12-03 15:00:00,545.0,269.0,938.0,911.0,699.0,672.4
12-03 16:00:00,394.0,311.0,982.0,1042.0,175.0,580.8
12-03 17:00:00,471.0,902.0,662.0,456.0,171.0,532.4
12-03 18:00:00,185.0,766.0,478.0,102.0,391.0,384.4
12-03 19:00:00,415.0,378.0,66.0,307.0,585.0,350.2
12-03 20:00:00,186.0,330.0,29.0,81.0,52.0,135.6
12-03 21:00:00,46.0,7.0,7.0,7.0,7.0,14.8
12-03 22:00:00,0.0,0.0,0.0,0.0,0.0,0.0
12-03 23:00:00,0.0,0.0,0.0,0.0,0.0,0.0
13-03 00:00:00,0.0,0.0,0.0,0.0,0.0,0.0
13-03 01:00:00,0.0,0.0,0.0,0.0,0.0,0.0
13-03 02:00:00,0.0,0.0,0.0,0.0,0.0,0.0
13-03 03:00:00,0.0,0.0,0.0,0.0,0.0,0.0
13-03 04:00:00,0.0,0.0,0.0,0.0,0.0,0.0
13-03 05:00:00,0.0,0.0,0.0,0.0,0.0,0.0
13-03 06:00:00,0.0,0.0,0.0,0.0,0.0,0.0
13-03 07:00:00,0.0,0.0,0.0,0.0,0.0,0.0
13-03 08:00:00,0.0,0.0,0.0,0.0,0.0,0.0
13-03 09:00:00,0.0,0.0,0.0,0.0,0.0,0.0
13-03 10:00:00,48.0,123.0,14.0,61.0,39.0,57.0
13-03 11:00:00,350.0,379.0,205.0,334.0,182.0,290.0
13-03 12:00:00,618.0,612.0,421.0,550.0,285.0,497.2
13-03 13:00:00,818.0,759.0,782.0,790.0,412.0,712.2
13-03 14:00:00,946.0,821.0,881.0,955.0,161.0,752.8
13-03 15:00:00,1033.0,871.0,914.0,986.0,107.0,782.2
13-03 16:00:00,974.0,485.0,927.0,972.0,144.0,700.4
13-03 17:00:00,565.0,842.0,358.0,909.0,107.0,556.2
13-03 18:00:00,76.0,723.0,135.0,596.0,70.0,320.0
13-03 19:00:00,51.0,64.0,51.0,58.0,50.0,54.8
13-03 20:00:00,28.0,37.0,28.0,28.0,28.0,29.8
13-03 21:00:00,7.0,15.0,6.0,6.0,7.0,8.2
13-03 22:00:00,0.0,0.0,0.0,0.0,0.0,0.0
13-03 23:00:00,0.0,0.0,0.0,0.0,0.0,0.0
14-03 00:00:00,0.0,0.0,0.0,0.0,0.0,0.0
14-03 01:00:00,0.0,0.0,0.0,0.0,0.0,0.0
14-03 02:00:00,0.0,0.0,0.0,0.0,0.0,0.0
14-03 03:00:00,0.0,0.0,0.0,0.0,0.0,0.0
14-03 04:00:00,0.0,0.0,0.0,0.0,0.0,0.0
14-03 05:00:00,0.0,0.0,0.0,0.0,0.0,0.0
14-03 06:00:00,0.0,0.0,0.0,0.0,0.0,0.0
14-03 07:00:00,0.0,0.0,0.0,0.0,0.0,0.0
14-03 08:00:00,0.0,0.0,0.0,0.0,0.0,0.0
14-03 09:00:00,0.0,0.0,0.0,0.0,0.0,0.0
14-03 10:00:00,86.0,124.0,82.0,90.0,33.0,83.0
14-03 11:00:00,268.0,375.0,261.0,258.0,103.0,253.0
14-03 12:00:00,573.0,610.0,376.0,347.0,122.0,405.6
14-03 13:00:00,818.0,753.0,722.0,396.0,146.0,567.0
14-03 14:00:00,967.0,781.0,824.0,573.0,361.0,701.2
14-03 15:00:00,1033.0,859.0,789.0,953.0,446.0,816.0
14-03 16:00:00,1045.0,1020.0,297.0,974.0,692.0,805.6
14-03 17:00:00,910.0,608.0,97.0,961.0,794.0,674.0
14-03 18:00:00,520.0,716.0,69.0,747.0,434.0,497.2
14-03 19:00:00,434.0,579.0,50.0,166.0,499.0,345.6
14-03 20:00:00,311.0,315.0,30.0,28.0,252.0,187.2
14-03 21:00:00,59.0,6.0,6.0,6.0,6.0,16.6
14-03 22:00:00,0.0,0.0,0.0,0.0,0.0,0.0
14-03 23:00:00,0.0,0.0,0.0,0.0,0.0,0.0
15-03 00:00:00,0.0,0.0,0.0,0.0,0.0,0.0
15-03 01:00:00,0.0,0.0,0.0,0.0,0.0,0.0
15-03 02:00:00,0.0,0.0,0.0,0.0,0.0,0.0
15-03 03:00:00,0.0,0.0,0.0,0.0,0.0,0.0
15-03 04:00:00,0.0,0.0,0.0,0.0,0.0,0.0
15-03 05:00:00,0.0,0.0,0.0,0.0,0.0,0.0
15-03 06:00:00,0.0,0.0,0.0,0.0,0.0,0.0
15-03 07:00:00,0.0,0.0,0.0,0.0,0.0,0.0
15-03 08:00:00,0.0,0.0,0.0,0.0,0.0,0.0
15-03 09:00:00,0.0,0.0,0.0,0.0,0.0,0.0
15-03 10:00:00,74.0,116.0,29.0,69.0,79.0,73.4
15-03 11:00:00,296.0,345.0,353.0,196.0,259.0,289.8
15-03 12:00:00,610.0,609.0,597.0,343.0,489.0,529.6
15-03 13:00:00,795.0,797.0,778.0,302.0,779.0,690.2
15-03 14:00:00,919.0,858.0,910.0,673.0,740.0,820.0
15-03 15:00:00,980.0,862.0,751.0,948.0,662.0,840.6
15-03 16:00:00,605.0,874.0,650.0,1024.0,202.0,671.0
15-03 17:00:00,187.0,750.0,451.0,930.0,331.0,529.8
15-03 18:00:00,442.0,590.0,110.0,779.0,262.0,436.6
15-03 19:00:00,202.0,402.0,50.0,518.0,112.0,256.8
15-03 20:00:00,58.0,28.0,28.0,293.0,28.0,87.0
15-03 21:00:00,6.0,11.0,55.0,6.0,6.0,16.8
15-03 22:00:00,0.0,0.0,0.0,0.0,0.0,0.0
15-03 23:00:00,0.0,0.0,0.0,0.0,0.0,0.0
16-03 00:00:00,0.0,0.0,0.0,0.0,0.0,0.0
16-03 01:00:00,0.0,0.0,0.0,0.0,0.0,0.0
16-03 02:00:00,0.0,0.0,0.0,0.0,0.0,0.0
16-03 03:00:00,0.0,0.0,0.0,0.0,0.0,0.0
16-03 04:00:00,0.0,0.0,0.0,0.0,0.0,0.0
16-03 05:00:00,0.0,0.0,0.0,0.0,0.0,0.0
16-03 06:00:00,0.0,0.0,0.0,0.0,0.0,0.0
16-03 07:00:00,0.0,0.0,0.0,0.0,0.0,0.0
16-03 08:00:00,0.0,0.0,0.0,0.0,0.0,0.0
16-03 09:00:00,0.0,0.0,0.0,0.0,0.0,0.0
16-03 10:00:00,66.0,124.0,23.0,15.0,40.0,53.6
16-03 11:00:00,239.0,364.0,97.0,232.0,97.0,205.8
16-03 12:00:00,334.0,609.0,79.0,491.0,138.0,330.2
16-03 13:00:00,707.0,824.0,210.0,554.0,228.0,504.6
16-03 14:00:00,816.0,878.0,458.0,457.0,163.0,554.4
16-03 15:00:00,1035.0,893.0,896.0,511.0,172.0,701.4
16-03 16:00:00,997.0,874.0,954.0,454.0,539.0,763.6
16-03 17:00:00,801.0,879.0,752.0,669.0,857.0,791.6
16-03 18:00:00,659.0,684.0,662.0,69.0,439.0,502.6
16-03 19:00:00,60.0,549.0,146.0,104.0,104.0,192.6
16-03 20:00:00,27.0,291.0,42.0,27.0,182.0,113.8
16-03 21:00:00,6.0,64.0,7.0,6.0,6.0,17.8
16-03 22:00:00,0.0,0.0,0.0,0.0,0.0,0.0
16-03 23:00:00,0.0,0.0,0.0,0.0,0.0,0.0
17-03 00:00:00,0.0,0.0,0.0,0.0,0.0,0.0
17-03 01:00:00,0.0,0.0,0.0,0.0,0.0,0.0
17-03 02:00:00,0.0,0.0,0.0,0.0,0.0,0.0
17-03 03:00:00,0.0,0.0,0.0,0.0,0.0,0.0
17-03 04:00:00,0.0,0.0,0.0,0.0,0.0,0.0
17-03 05:00:00,0.0,0.0,0.0,0.0,0.0,0.0
17-03 06:00:00,0.0,0.0,0.0,0.0,0.0,0.0
17-03 07:00:00,0.0,0.0,0.0,0.0,0.0,0.0
17-03 08:00:00,0.0,0.0,0.0,0.0,0.0,0.0
17-03 09:00:00,0.0,0.0,0.0,0.0,0.0,0.0
17-03 10:00:00,97.0,121.0,40.0,85.0,68.0,82.2
17-03 11:00:00,268.0,376.0,165.0,328.0,167.0,260.8
17-03 12:00:00,512.0,612.0,223.0,574.0,107.0,405.6
17-03 13:00:00,757.0,783.0,271.0,807.0,184.0,560.4
17-03 14:00:00,919.0,877.0,196.0,959.0,349.0,660.0
17-03 15:00:00,950.0,977.0,247.0,875.0,585.0,726.8
17-03 16:00:00,873.0,1014.0,428.0,866.0,937.0,823.6
17-03 17:00:00,273.0,935.0,513.0,819.0,864.0,680.8
17-03 18:00:00,130.0,761.0,121.0,603.0,251.0,373.2
17-03 19:00:00,183.0,553.0,78.0,537.0,49.0,280.0
17-03 20:00:00,57.0,295.0,27.0,61.0,27.0,93.4
17-03 21:00:00,5.0,46.17,5.0,5.0,5.0,13.234
17-03 22:00:00,0.0,0.0,0.0,0.0,0.0,0.0
17-03 23:00:00,0.0,0.0,0.0,0.0,0.0,0.0
18-03 00:00:00,0.0,0.0,0.0,0.0,0.0,0.0
18-03 01:00:00,0.0,0.0,0.0,0.0,0.0,0.0
18-03 02:00:00,0.0,0.0,0.0,0.0,0.0,0.0
18-03 03:00:00,0.0,0.0,0.0,0.0,0.0,0.0
18-03 04:00:00,0.0,0.0,0.0,0.0,0.0,0.0
18-03 05:00:00,0.0,0.0,0.0,0.0,0.0,0.0
18-03 06:00:00,0.0,0.0,0.0,0.0,0.0,0.0
18-03 07:00:00,0.0,0.0,0.0,0.0,0.0,0.0
18-03 08:00:00,0.0,0.0,0.0,0.0,0.0,0.0
18-03 09:00:00,0.0,0.0,0.0,0.0,0.0,0.0
18-03 10:00:00,116.0,119.0,40.0,96.0,20.0,78.2
18-03 11:00:00,369.0,371.0,195.0,355.0,97.0,277.4
18-03 12:00:00,612.0,604.0,554.0,598.0,310.0,535.6
18-03 13:00:00,811.0,665.0,626.0,810.0,530.0,688.4
18-03 14:00:00,840.0,965.0,282.0,863.0,691.0,728.2
18-03 15:00:00,953.0,1001.0,794.0,1032.0,740.0,904.0
18-03 16:00:00,1011.0,959.0,708.0,1010.0,717.0,881.0
18-03 17:00:00,741.0,927.0,503.0,119.0,422.0,542.4
18-03 18:00:00,144.0,770.0,132.0,561.0,125.0,346.4
18-03 19:00:00,59.0,564.0,254.0,489.0,84.0,290.0
18-03 20:00:00,127.0,284.0,93.0,231.0,29.0,152.8
18-03 21:00:00,37.51,50.16,12.0,20.0,24.82,28.897999999999996
18-03 22:00:00,0.0,0.0,0.0,0.0,0.0,0.0
18-03 23:00:00,0.0,0.0,0.0,0.0,0.0,0.0
19-03 00:00:00,0.0,0.0,0.0,0.0,0.0,0.0
19-03 01:00:00,0.0,0.0,0.0,0.0,0.0,0.0
19-03 02:00:00,0.0,0.0,0.0,0.0,0.0,0.0
19-03 03:00:00,0.0,0.0,0.0,0.0,0.0,0.0
19-03 04:00:00,0.0,0.0,0.0,0.0,0.0,0.0
19-03 05:00:00,0.0,0.0,0.0,0.0,0.0,0.0
19-03 06:00:00,0.0,0.0,0.0,0.0,0.0,0.0
19-03 07:00:00,0.0,0.0,0.0,0.0,0.0,0.0
19-03 08:00:00,0.0,0.0,0.0,0.0,0.0,0.0
19-03 09:00:00,0.0,0.0,0.0,0.0,0.0,0.0
19-03 10:00:00,86.0,27.0,11.0,118.0,55.0,59.4
19-03 11:00:00,368.0,359.0,95.0,221.0,315.0,271.6
19-03 12:00:00,605.0,311.0,466.0,548.0,473.0,480.6
19-03 13:00:00,814.0,589.0,733.0,755.0,712.0,720.6
19-03 14:00:00,957.0,833.0,451.0,705.0,642.0,717.6
19-03 15:00:00,1026.0,893.0,324.0,661.0,719.0,724.6
19-03 16:00:00,998.0,929.0,427.0,987.0,293.0,726.8
19-03 17:00:00,894.0,918.0,403.0,843.0,464.0,704.4
19-03 18:00:00,615.0,542.0,364.0,763.0,562.0,569.2
19-03 19:00:00,134.0,100.0,57.0,544.0,49.0,176.8
19-03 20:00:00,26.0,40.0,34.0,261.0,37.0,79.6
19-03 21:00:00,19.0,5.0,5.0,5.0,5.0,7.8
19-03 22:00:00,0.0,0.0,0.0,0.0,0.0,0.0
19-03 23:00:00,0.0,0.0,0.0,0.0,0.0,0.0
20-03 00:00:00,0.0,0.0,0.0,0.0,0.0,0.0
20-03 01:00:00,0.0,0.0,0.0,0.0,0.0,0.0
20-03 02:00:00,0.0,0.0,0.0,0.0,0.0,0.0
20-03 03:00:00,0.0,0.0,0.0,0.0,0.0,0.0
20-03 04:00:00,0.0,0.0,0.0,0.0,0.0,0.0
20-03 05:00:00,0.0,0.0,0.0,0.0,0.0,0.0
20-03 06:00:00,0.0,0.0,0.0,0.0,0.0,0.0
20-03 07:00:00,0.0,0.0,0.0,0.0,0.0,0.0
20-03 08:00:00,0.0,0.0,0.0,0.0,0.0,0.0
20-03 09:00:00,0.0,0.0,0.0,0.0,0.0,0.0
20-03 10:00:00,105.0,11.0,11.0,112.0,69.0,61.6
20-03 11:00:00,346.0,41.0,69.0,348.0,326.0,226.0
20-03 12:00:00,577.0,121.0,605.0,588.0,566.0,491.4
20-03 13:00:00,655.0,339.0,802.0,791.0,713.0,660.0
20-03 14:00:00,847.0,345.0,692.0,939.0,663.0,697.2
20-03 15:00:00,1002.0,326.0,998.0,1027.99,664.0,803.598
20-03 16:00:00,918.0,365.0,1009.0,1005.0,275.0,714.4
20-03 17:00:00,803.0,403.0,530.0,890.0,405.0,606.2
20-03 18:00:00,612.0,370.0,500.0,789.0,83.0,470.8
20-03 19:00:00,73.0,195.0,488.0,541.0,48.0,269.0
20-03 20:00:00,26.0,97.0,272.0,179.0,26.0,120.0
20-03 21:00:00,5.0,4.0,41.64,5.0,5.0,12.128
20-03 22:00:00,0.0,0.0,0.0,0.0,0.0,0.0
20-03 23:00:00,0.0,0.0,0.0,0.0,0.0,0.0
21-03 00:00:00,0.0,0.0,0.0,0.0,0.0,0.0
21-03 01:00:00,0.0,0.0,0.0,0.0,0.0,0.0
21-03 02:00:00,0.0,0.0,0.0,0.0,0.0,0.0
21-03 03:00:00,0.0,0.0,0.0,0.0,0.0,0.0
21-03 04:00:00,0.0,0.0,0.0,0.0,0.0,0.0
21-03 05:00:00,0.0,0.0,0.0,0.0,0.0,0.0
21-03 06:00:00,0.0,0.0,0.0,0.0,0.0,0.0
21-03 07:00:00,0.0,0.0,0.0,0.0,0.0,0.0
21-03 08:00:00,0.0,0.0,0.0,0.0,0.0,0.0
21-03 09:00:00,0.0,0.0,0.0,0.0,0.0,0.0
21-03 10:00:00,119.0,91.0,105.0,106.0,99.0,104.0
21-03 11:00:00,363.0,321.0,366.0,348.0,361.0,351.8
21-03 12:00:00,569.0,463.0,609.0,595.0,603.0,567.8
21-03 13:00:00,774.0,519.0,802.0,813.0,749.0,731.4
21-03 14:00:00,771.0,499.0,921.0,970.0,660.0,764.2
21-03 15:00:00,784.0,544.0,919.0,1044.99,529.0,764.198
21-03 16:00:00,882.0,629.0,975.0,994.0,477.0,791.4
21-03 17:00:00,537.0,674.0,912.0,950.0,114.0,637.4
21-03 18:00:00,278.0,600.0,743.0,762.0,72.0,491.0
21-03 19:00:00,158.0,151.0,503.0,524.0,48.0,276.8
21-03 20:00:00,79.0,75.0,246.0,258.0,26.0,136.8
21-03 21:00:00,4.0,4.0,39.73,5.0,5.0,11.546
21-03 22:00:00,0.0,0.0,0.0,0.0,0.0,0.0
21-03 23:00:00,0.0,0.0,0.0,0.0,0.0,0.0
22-03 00:00:00,0.0,0.0,0.0,0.0,0.0,0.0
22-03 01:00:00,0.0,0.0,0.0,0.0,0.0,0.0
22-03 02:00:00,0.0,0.0,0.0,0.0,0.0,0.0
22-03 03:00:00,0.0,0.0,0.0,0.0,0.0,0.0
22-03 04:00:00,0.0,0.0,0.0,0.0,0.0,0.0
22-03 05:00:00,0.0,0.0,0.0,0.0,0.0,0.0
22-03 06:00:00,0.0,0.0,0.0,0.0,0.0,0.0
22-03 07:00:00,0.0,0.0,0.0,0.0,0.0,0.0
22-03 08:00:00,0.0,0.0,0.0,0.0,0.0,0.0
22-03 09:00:00,0.0,0.0,0.0,0.0,0.0,0.0
22-03 10:00:00,94.0,87.0,121.0,111.0,62.0,95.0
22-03 11:00:00,326.0,231.0,367.0,355.0,129.0,281.6
22-03 12:00:00,505.0,311.0,588.0,595.0,416.0,483.0
22-03 13:00:00,517.0,533.0,796.0,805.0,694.0,669.0
22-03 14:00:00,771.0,540.0,975.99,960.99,399.0,729.396
22-03 15:00:00,883.0,635.0,1039.99,1022.99,666.0,849.396
22-03 16:00:00,703.0,632.0,1009.99,1015.99,463.0,764.7959999999999
22-03 17:00:00,644.0,344.0,874.0,919.0,463.0,648.8
22-03 18:00:00,465.0,328.0,232.0,765.0,181.0,394.2
22-03 19:00:00,512.0,251.0,270.0,425.0,200.0,331.6
22-03 20:00:00,58.0,131.0,222.0,263.0,134.0,161.6
22-03 21:00:00,9.0,7.0,7.0,5.0,40.09,13.618
22-03 22:00:00,0.0,0.0,0.0,0.0,0.0,0.0
22-03 23:00:00,0.0,0.0,0.0,0.0,0.0,0.0
23-03 00:00:00,0.0,0.0,0.0,0.0,0.0,0.0
23-03 01:00:00,0.0,0.0,0.0,0.0,0.0,0.0
23-03 02:00:00,0.0,0.0,0.0,0.0,0.0,0.0
23-03 03:00:00,0.0,0.0,0.0,0.0,0.0,0.0
23-03 04:00:00,0.0,0.0,0.0,0.0,0.0,0.0
23-03 05:00:00,0.0,0.0,0.0,0.0,0.0,0.0
23-03 06:00:00,0.0,0.0,0.0,0.0,0.0,0.0
23-03 07:00:00,0.0,0.0,0.0,0.0,0.0,0.0
23-03 08:00:00,0.0,0.0,0.0,0.0,0.0,0.0
23-03 09:00:00,0.0,0.0,0.0,0.0,0.0,0.0
23-03 10:00:00,81.0,59.0,78.0,110.0,77.0,81.0
23-03 11:00:00,92.0,103.0,378.0,352.0,321.0,249.2
23-03 12:00:00,472.0,409.0,499.0,584.0,601.0,513.0
23-03 13:00:00,695.0,619.0,774.0,804.0,797.0,737.8
23-03 14:00:00,830.0,731.0,698.0,963.99,580.0,760.598
23-03 15:00:00,956.0,1009.99,661.0,889.0,1011.99,905.5959999999999
23-03 16:00:00,929.0,838.0,458.0,883.0,829.0,787.4
23-03 17:00:00,830.0,0.0,670.0,774.0,923.0,639.4
23-03 18:00:00,579.0,383.0,362.0,598.0,562.0,496.8
23-03 19:00:00,395.0,370.0,269.0,334.0,347.0,343.0
23-03 20:00:00,80.0,29.0,223.0,173.0,48.0,110.6
23-03 21:00:00,4.0,4.0,7.0,4.0,24.58,8.716
23-03 22:00:00,0.0,0.0,0.0,0.0,0.0,0.0
23-03 23:00:00,0.0,0.0,0.0,0.0,0.0,0.0
24-03 00:00:00,0.0,0.0,0.0,0.0,0.0,0.0
24-03 01:00:00,0.0,0.0,0.0,0.0,0.0,0.0
24-03 02:00:00,0.0,0.0,0.0,0.0,0.0,0.0
24-03 03:00:00,0.0,0.0,0.0,0.0,0.0,0.0
24-03 04:00:00,0.0,0.0,0.0,0.0,0.0,0.0
24-03 05:00:00,0.0,0.0,0.0,0.0,0.0,0.0
24-03 06:00:00,0.0,0.0,0.0,0.0,0.0,0.0
24-03 07:00:00,0.0,0.0,0.0,0.0,0.0,0.0
24-03 08:00:00,0.0,0.0,0.0,0.0,0.0,0.0
24-03 09:00:00,0.0,0.0,0.0,0.0,0.0,0.0
24-03 10:00:00,34.0,10.0,91.0,110.0,97.0,68.4
24-03 11:00:00,90.0,206.0,366.0,355.0,371.0,277.6
24-03 12:00:00,255.0,117.0,605.0,593.0,605.0,435.0
24-03 13:00:00,648.0,279.0,822.0,803.0,810.0,672.4
24-03 14:00:00,780.0,689.0,983.99,927.0,934.99,862.9959999999999
24-03 15:00:00,768.0,865.0,1041.99,809.0,949.0,886.598
24-03 16:00:00,803.0,985.99,977.99,994.99,1003.99,953.192
24-03 17:00:00,743.0,802.0,741.0,810.0,808.0,780.8
24-03 18:00:00,683.0,745.0,692.0,277.0,725.0,624.4
24-03 19:00:00,408.0,446.0,394.0,165.0,520.0,386.6
24-03 20:00:00,104.0,236.0,71.0,233.0,185.0,165.8
24-03 21:00:00,5.0,4.0,4.0,6.0,16.0,7.0
24-03 22:00:00,0.0,0.0,0.0,0.0,0.0,0.0
24-03 23:00:00,0.0,0.0,0.0,0.0,0.0,0.0
25-03 00:00:00,0.0,0.0,0.0,0.0,0.0,0.0
25-03 01:00:00,0.0,0.0,0.0,0.0,0.0,0.0
25-03 02:00:00,0.0,0.0,0.0,0.0,0.0,0.0
25-03 03:00:00,0.0,0.0,0.0,0.0,0.0,0.0
25-03 04:00:00,0.0,0.0,0.0,0.0,0.0,0.0
25-03 05:00:00,0.0,0.0,0.0,0.0,0.0,0.0
25-03 06:00:00,0.0,0.0,0.0,0.0,0.0,0.0
25-03 07:00:00,0.0,0.0,0.0,0.0,0.0,0.0
25-03 08:00:00,0.0,0.0,0.0,0.0,0.0,0.0
25-03 09:00:00,0.0,0.0,0.0,0.0,0.0,0.0
25-03 10:00:00,102.0,10.0,76.0,97.0,111.0,79.2
25-03 11:00:00,336.0,81.0,332.0,125.0,372.0,249.2
25-03 12:00:00,542.0,180.0,578.0,565.0,606.0,494.2
25-03 13:00:00,734.0,350.0,793.0,509.0,818.0,640.8
25-03 14:00:00,857.0,478.0,950.99,679.0,969.99,786.9959999999999
25-03 15:00:00,922.0,567.0,999.99,763.0,1031.99,856.7959999999999
25-03 16:00:00,930.0,661.0,876.0,579.0,1028.99,814.9979999999999
25-03 17:00:00,844.0,328.0,810.0,433.0,943.99,671.798
25-03 18:00:00,710.0,148.0,650.0,652.0,775.0,587.0
25-03 19:00:00,525.0,145.0,427.0,532.0,533.0,432.4
25-03 20:00:00,163.0,51.0,97.0,223.0,278.0,162.4
25-03 21:00:00,4.0,3.0,4.0,4.0,22.78,7.556
25-03 22:00:00,0.0,0.0,0.0,0.0,0.0,0.0
25-03 23:00:00,0.0,0.0,0.0,0.0,0.0,0.0
26-03 00:00:00,0.0,0.0,0.0,0.0,0.0,0.0
26-03 01:00:00,0.0,0.0,0.0,0.0,0.0,0.0
26-03 02:00:00,0.0,0.0,0.0,0.0,0.0,0.0
26-03 03:00:00,0.0,0.0,0.0,0.0,0.0,0.0
26-03 04:00:00,0.0,0.0,0.0,0.0,0.0,0.0
26-03 05:00:00,0.0,0.0,0.0,0.0,0.0,0.0
26-03 06:00:00,0.0,0.0,0.0,0.0,0.0,0.0
26-03 07:00:00,0.0,0.0,0.0,0.0,0.0,0.0
26-03 08:00:00,0.0,0.0,0.0,0.0,0.0,0.0
26-03 09:00:00,0.0,0.0,0.0,0.0,0.0,0.0
26-03 10:00:00,61.0,91.0,70.0,93.0,114.0,85.8
26-03 11:00:00,194.0,340.0,307.0,315.0,370.0,305.2
26-03 12:00:00,479.0,489.0,569.0,566.0,609.0,542.4
26-03 13:00:00,574.0,392.0,777.0,746.0,819.0,661.6
26-03 14:00:00,635.0,807.0,928.99,880.0,979.99,846.1959999999999
26-03 15:00:00,766.0,703.0,1026.99,976.99,1031.99,900.9939999999999
26-03 16:00:00,781.0,866.0,906.0,933.0,1011.99,899.598
26-03 17:00:00,580.0,826.0,585.0,902.99,902.99,759.396
26-03 18:00:00,129.0,589.0,468.0,762.0,753.0,540.2
26-03 19:00:00,195.0,474.0,293.0,525.0,528.0,403.0
26-03 20:00:00,24.0,247.0,127.0,263.0,255.0,183.2
26-03 21:00:00,4.0,3.0,22.56,16.0,26.04,14.319999999999999
26-03 22:00:00,0.0,0.0,0.0,0.0,0.0,0.0
26-03 23:00:00,0.0,0.0,0.0,0.0,0.0,0.0
27-03 00:00:00,0.0,0.0,0.0,0.0,0.0,0.0
27-03 01:00:00,0.0,0.0,0.0,0.0,0.0,0.0
27-03 02:00:00,0.0,0.0,0.0,0.0,0.0,0.0
27-03 03:00:00,0.0,0.0,0.0,0.0,0.0,0.0
27-03 04:00:00,0.0,0.0,0.0,0.0,0.0,0.0
27-03 05:00:00,0.0,0.0,0.0,0.0,0.0,0.0
27-03 06:00:00,0.0,0.0,0.0,0.0,0.0,0.0
27-03 07:00:00,0.0,0.0,0.0,0.0,0.0,0.0
27-03 08:00:00,0.0,0.0,0.0,0.0,0.0,0.0
27-03 09:00:00,0.0,0.0,0.0,0.0,0.0,0.0
27-03 10:00:00,25.0,62.0,84.0,109.0,112.0,78.4
27-03 11:00:00,111.0,308.0,360.0,348.0,367.0,298.8
27-03 12:00:00,329.0,471.0,612.0,583.0,601.0,519.2
27-03 13:00:00,466.0,485.0,835.99,794.0,809.0,677.9979999999999
27-03 14:00:00,486.0,555.0,963.99,946.99,958.99,782.1940000000001
27-03 15:00:00,672.0,828.0,1071.99,984.99,1007.99,912.9939999999999
27-03 16:00:00,642.0,780.0,1056.99,938.99,960.99,875.7939999999999
27-03 17:00:00,195.0,706.0,924.99,829.0,905.99,712.1959999999999
27-03 18:00:00,65.0,171.0,656.0,667.0,718.0,455.4
27-03 19:00:00,46.0,488.0,542.0,46.0,496.0,323.6
27-03 20:00:00,31.0,99.0,284.0,24.0,247.0,137.0
27-03 21:00:00,3.0,21.38,3.0,3.0,19.79,10.034
27-03 22:00:00,0.0,0.0,0.0,0.0,0.0,0.0
27-03 23:00:00,0.0,0.0,0.0,0.0,0.0,0.0
28-03 00:00:00,0.0,0.0,0.0,0.0,0.0,0.0
28-03 01:00:00,0.0,0.0,0.0,0.0,0.0,0.0
28-03 02:00:00,0.0,0.0,0.0,0.0,0.0,0.0
28-03 03:00:00,0.0,0.0,0.0,0.0,0.0,0.0
28-03 04:00:00,0.0,0.0,0.0,0.0,0.0,0.0
28-03 05:00:00,0.0,0.0,0.0,0.0,0.0,0.0
28-03 06:00:00,0.0,0.0,0.0,0.0,0.0,0.0
28-03 07:00:00,0.0,0.0,0.0,0.0,0.0,0.0
28-03 08:00:00,0.0,0.0,0.0,0.0,0.0,0.0
28-03 09:00:00,0.0,0.0,0.0,0.0,0.0,0.0
28-03 10:00:00,18.0,66.0,86.0,109.0,31.0,62.0
28-03 11:00:00,168.0,173.0,355.0,351.0,214.0,252.2
28-03 12:00:00,373.0,481.0,601.0,595.0,569.0,523.8
28-03 13:00:00,606.0,669.0,825.99,793.0,754.0,729.598
28-03 14:00:00,594.0,738.0,956.99,924.99,807.0,804.1959999999999
28-03 15:00:00,887.0,608.0,1038.99,891.0,460.0,776.9979999999999
28-03 16:00:00,526.0,350.0,1045.99,858.0,595.0,674.9979999999999
28-03 17:00:00,426.0,496.0,917.99,654.0,406.0,579.9979999999999
28-03 18:00:00,263.0,453.0,744.0,493.0,543.0,499.2
28-03 19:00:00,288.0,45.0,539.0,78.0,315.0,253.0
28-03 20:00:00,23.0,23.0,257.0,24.0,53.0,76.0
28-03 21:00:00,3.0,3.0,16.0,3.0,3.0,5.6
28-03 22:00:00,0.0,0.0,0.0,0.0,0.0,0.0
28-03 23:00:00,0.0,0.0,0.0,0.0,0.0,0.0
29-03 00:00:00,0.0,0.0,0.0,0.0,0.0,0.0
29-03 01:00:00,0.0,0.0,0.0,0.0,0.0,0.0
29-03 02:00:00,0.0,0.0,0.0,0.0,0.0,0.0
29-03 03:00:00,0.0,0.0,0.0,0.0,0.0,0.0
29-03 04:00:00,0.0,0.0,0.0,0.0,0.0,0.0
29-03 05:00:00,0.0,0.0,0.0,0.0,0.0,0.0
29-03 06:00:00,0.0,0.0,0.0,0.0,0.0,0.0
29-03 07:00:00,0.0,0.0,0.0,0.0,0.0,0.0
29-03 08:00:00,0.0,0.0,0.0,0.0,0.0,0.0
29-03 09:00:00,0.0,0.0,0.0,0.0,0.0,0.0
29-03 10:00:00,104.0,63.0,92.0,66.0,115.0,88.0
29-03 11:00:00,345.0,210.0,358.0,309.0,307.0,305.8
29-03 12:00:00,582.0,425.0,606.0,569.0,286.0,493.6
29-03 13:00:00,754.0,696.0,818.99,766.0,454.0,697.798
29-03 14:00:00,820.0,875.99,954.99,898.99,580.0,825.994
29-03 15:00:00,663.0,887.0,1003.99,1008.99,707.0,853.9959999999999
29-03 16:00:00,782.0,946.99,1014.99,971.99,802.0,903.594
29-03 17:00:00,672.0,794.0,913.99,855.99,789.0,804.9959999999999
29-03 18:00:00,552.0,694.0,685.0,710.0,678.0,663.8
29-03 19:00:00,268.0,355.0,529.0,467.0,418.0,407.4
29-03 20:00:00,174.0,128.0,87.0,235.0,159.0,156.6
29-03 21:00:00,3.0,2.0,6.0,3.0,6.0,4.0
29-03 22:00:00,0.0,0.0,0.0,0.0,0.0,0.0
29-03 23:00:00,0.0,0.0,0.0,0.0,0.0,0.0
30-03 00:00:00,0.0,0.0,0.0,0.0,0.0,0.0
30-03 01:00:00,0.0,0.0,0.0,0.0,0.0,0.0
30-03 02:00:00,0.0,0.0,0.0,0.0,0.0,0.0
30-03 03:00:00,0.0,0.0,0.0,0.0,0.0,0.0
30-03 04:00:00,0.0,0.0,0.0,0.0,0.0,0.0
30-03 05:00:00,0.0,0.0,0.0,0.0,0.0,0.0
30-03 06:00:00,0.0,0.0,0.0,0.0,0.0,0.0
30-03 07:00:00,0.0,0.0,0.0,0.0,0.0,0.0
30-03 08:00:00,0.0,0.0,0.0,0.0,0.0,0.0
30-03 09:00:00,0.0,0.0,0.0,0.0,0.0,0.0
30-03 10:00:00,108.0,103.0,89.0,93.0,100.0,98.6
30-03 11:00:00,354.0,314.0,355.0,195.0,363.0,316.2
30-03 12:00:00,588.0,477.0,597.0,405.0,602.0,533.8
30-03 13:00:00,791.99,773.0,806.99,795.99,812.99,796.192
30-03 14:00:00,917.99,956.99,925.99,947.99,947.99,939.39
30-03 15:00:00,968.99,1016.99,999.99,1006.99,1011.99,1000.99
30-03 16:00:00,903.99,988.99,993.99,928.99,995.99,962.39
30-03 17:00:00,799.0,879.99,860.99,923.99,905.99,873.992
30-03 18:00:00,720.0,705.0,685.0,747.0,755.99,722.598
30-03 19:00:00,473.0,498.0,237.0,470.0,511.0,437.8
30-03 20:00:00,256.0,234.0,176.0,240.0,256.0,232.4
30-03 21:00:00,11.0,2.0,25.05,3.0,15.81,11.372
30-03 22:00:00,0.0,0.0,0.0,0.0,0.0,0.0
30-03 23:00:00,0.0,0.0,0.0,0.0,0.0,0.0
31-03 00:00:00,0.0,0.0,0.0,0.0,0.0,0.0
31-03 01:00:00,0.0,0.0,0.0,0.0,0.0,0.0
31-03 02:00:00,0.0,0.0,0.0,0.0,0.0,0.0
31-03 03:00:00,0.0,0.0,0.0,0.0,0.0,0.0
31-03 04:00:00,0.0,0.0,0.0,0.0,0.0,0.0
31-03 05:00:00,0.0,0.0,0.0,0.0,0.0,0.0
31-03 06:00:00,0.0,0.0,0.0,0.0,0.0,0.0
31-03 07:00:00,0.0,0.0,0.0,0.0,0.0,0.0
31-03 08:00:00,0.0,0.0,0.0,0.0,0.0,0.0
31-03 09:00:00,0.0,0.0,0.0,0.0,0.0,0.0
31-03 10:00:00,108.0,109.0,84.0,95.0,99.0,99.0
31-03 11:00:00,355.0,357.0,241.0,336.0,357.0,329.2
31-03 12:00:00,594.0,590.0,593.0,587.0,600.0,592.8
31-03 13:00:00,798.99,810.99,797.99,712.0,805.99,785.192
31-03 14:00:00,914.99,968.99,924.99,964.99,943.99,943.5899999999999
31-03 15:00:00,993.99,1019.99,910.99,891.0,1007.99,964.792
31-03 16:00:00,977.99,986.99,920.99,935.99,942.99,952.99
31-03 17:00:00,883.99,900.99,853.99,864.99,871.99,875.1899999999999
31-03 18:00:00,743.99,734.0,708.0,675.0,715.0,715.198
31-03 19:00:00,512.0,504.0,453.0,495.0,500.0,492.8
31-03 20:00:00,223.0,246.0,214.0,245.0,239.0,233.4
31-03 21:00:00,5.0,12.0,5.0,2.0,2.0,5.2
31-03 22:00:00,0.0,0.0,0.0,0.0,0.0,0.0
31-03 23:00:00,0.0,0.0,0.0,0.0,0.0,0.0
01-04 00:00:00,0.0,0.0,0.0,0.0,0.0,0.0
01-04 01:00:00,0.0,0.0,0.0,0.0,0.0,0.0
01-04 02:00:00,0.0,0.0,0.0,0.0,0.0,0.0
01-04 03:00:00,0.0,0.0,0.0,0.0,0.0,0.0
01-04 04:00:00,0.0,0.0,0.0,0.0,0.0,0.0
01-04 05:00:00,0.0,0.0,0.0,0.0,0.0,0.0
01-04 06:00:00,0.0,0.0,0.0,0.0,0.0,0.0
01-04 07:00:00,0.0,0.0,0.0,0.0,0.0,0.0
01-04 08:00:00,0.0,0.0,0.0,0.0,0.0,0.0
01-04 09:00:00,0.0,0.0,0.0,0.0,0.0,0.0
01-04 10:00:00,116.0,117.0,69.0,30.0,99.0,86.2
01-04 11:00:00,353.0,360.0,355.0,207.0,361.0,327.2
01-04 12:00:00,589.0,591.0,596.0,393.0,598.0,553.4
01-04 13:00:00,791.99,792.99,795.99,777.99,793.99,790.5899999999999
01-04 14:00:00,882.99,932.99,926.99,926.99,934.99,920.99
01-04 15:00:00,885.0,1005.99,988.99,1009.99,991.99,976.392
01-04 16:00:00,955.99,861.0,950.99,1006.99,975.99,950.192
01-04 17:00:00,672.0,814.0,769.0,823.99,862.99,788.396
01-04 18:00:00,257.0,720.0,685.0,689.0,748.99,619.9979999999999
01-04 19:00:00,101.0,494.0,399.0,486.0,312.0,358.4
01-04 20:00:00,43.0,215.0,127.0,30.0,31.0,89.2
01-04 21:00:00,2.0,2.0,4.0,2.0,2.0,2.4
01-04 22:00:00,0.0,0.0,0.0,0.0,0.0,0.0
01-04 23:00:00,0.0,0.0,0.0,0.0,0.0,0.0
02-04 00:00:00,0.0,0.0,0.0,0.0,0.0,0.0
02-04 01:00:00,0.0,0.0,0.0,0.0,0.0,0.0
02-04 02:00:00,0.0,0.0,0.0,0.0,0.0,0.0
02-04 03:00:00,0.0,0.0,0.0,0.0,0.0,0.0
02-04 04:00:00,0.0,0.0,0.0,0.0,0.0,0.0
02-04 05:00:00,0.0,0.0,0.0,0.0,0.0,0.0
02-04 06:00:00,0.0,0.0,0.0,0.0,0.0,0.0
02-04 07:00:00,0.0,0.0,0.0,0.0,0.0,0.0
02-04 08:00:00,0.0,0.0,0.0,0.0,0.0,0.0
02-04 09:00:00,0.0,0.0,0.0,0.0,0.0,0.0
02-04 10:00:00,111.0,114.0,72.0,101.0,53.0,90.2
02-04 11:00:00,345.0,336.0,342.0,356.0,184.0,312.6
02-04 12:00:00,577.0,576.0,585.0,594.0,101.0,486.6
02-04 13:00:00,774.99,782.99,725.0,789.99,91.0,632.7940000000001
02-04 14:00:00,907.99,880.99,563.0,934.99,484.0,754.1940000000001
02-04 15:00:00,873.0,950.99,793.0,1002.99,933.99,910.7939999999999
02-04 16:00:00,951.99,954.99,855.0,1000.99,964.99,945.592
02-04 17:00:00,698.0,875.99,524.0,851.99,561.0,702.1959999999999
02-04 18:00:00,180.0,639.0,599.0,430.0,493.0,468.2
02-04 19:00:00,139.0,504.0,456.0,59.0,144.0,260.4
02-04 20:00:00,122.0,211.0,240.0,23.0,22.0,123.6
02-04 21:00:00,3.0,2.0,3.0,2.0,2.0,2.4
02-04 22:00:00,0.0,0.0,0.0,0.0,0.0,0.0
02-04 23:00:00,0.0,0.0,0.0,0.0,0.0,0.0
03-04 00:00:00,0.0,0.0,0.0,0.0,0.0,0.0
03-04 01:00:00,0.0,0.0,0.0,0.0,0.0,0.0
03-04 02:00:00,0.0,0.0,0.0,0.0,0.0,0.0
03-04 03:00:00,0.0,0.0,0.0,0.0,0.0,0.0
03-04 04:00:00,0.0,0.0,0.0,0.0,0.0,0.0
03-04 05:00:00,0.0,0.0,0.0,0.0,0.0,0.0
03-04 06:00:00,0.0,0.0,0.0,0.0,0.0,0.0
03-04 07:00:00,0.0,0.0,0.0,0.0,0.0,0.0
03-04 08:00:00,0.0,0.0,0.0,0.0,0.0,0.0
03-04 09:00:00,0.0,0.0,0.0,0.0,0.0,0.0
03-04 10:00:00,92.0,112.0,78.0,111.0,16.0,81.8
03-04 11:00:00,337.0,348.0,269.0,355.0,121.0,286.0
03-04 12:00:00,567.0,569.0,486.0,589.0,278.0,497.8
03-04 13:00:00,761.99,756.99,749.99,786.99,426.0,696.392
03-04 14:00:00,840.99,735.0,809.0,935.99,428.0,749.7959999999999
03-04 15:00:00,876.99,855.0,967.99,959.99,663.0,864.594
03-04 16:00:00,782.0,561.0,828.0,883.99,958.99,802.7959999999999
03-04 17:00:00,621.0,797.0,747.0,684.0,819.99,733.798
03-04 18:00:00,156.0,644.0,618.0,616.0,601.0,527.0
03-04 19:00:00,381.0,468.0,44.0,490.0,421.0,360.8
03-04 20:00:00,105.0,44.0,22.0,234.0,207.0,122.4
03-04 21:00:00,2.0,2.0,2.0,2.0,10.0,3.6
03-04 22:00:00,0.0,0.0,0.0,0.0,0.0,0.0
03-04 23:00:00,0.0,0.0,0.0,0.0,0.0,0.0
04-04 00:00:00,0.0,0.0,0.0,0.0,0.0,0.0
04-04 01:00:00,0.0,0.0,0.0,0.0,0.0,0.0
04-04 02:00:00,0.0,0.0,0.0,0.0,0.0,0.0
04-04 03:00:00,0.0,0.0,0.0,0.0,0.0,0.0
04-04 04:00:00,0.0,0.0,0.0,0.0,0.0,0.0
04-04 05:00:00,0.0,0.0,0.0,0.0,0.0,0.0
04-04 06:00:00,0.0,0.0,0.0,0.0,0.0,0.0
04-04 07:00:00,0.0,0.0,0.0,0.0,0.0,0.0
04-04 08:00:00,0.0,0.0,0.0,0.0,0.0,0.0
04-04 09:00:00,0.0,0.0,0.0,0.0,0.0,0.0
04-04 10:00:00,70.0,19.0,35.0,114.0,108.0,69.2
04-04 11:00:00,283.0,232.0,243.0,360.0,359.0,295.4
04-04 12:00:00,537.0,574.0,572.0,606.0,600.0,577.8
04-04 13:00:00,740.99,767.99,772.99,799.99,793.99,775.1899999999999
04-04 14:00:00,831.99,605.0,885.99,949.99,918.99,838.392
04-04 15:00:00,881.99,740.0,938.99,1017.99,892.99,894.392
04-04 16:00:00,894.99,313.0,747.0,1009.99,935.99,780.1940000000001
04-04 17:00:00,827.99,887.99,784.0,887.99,862.99,850.192
04-04 18:00:00,630.0,112.0,650.0,697.99,703.99,558.7959999999999
04-04 19:00:00,365.0,478.0,277.0,468.0,484.0,414.4
04-04 20:00:00,150.0,235.0,22.0,259.0,254.0,184.0
04-04 21:00:00,2.0,2.0,2.0,2.0,11.64,3.928
04-04 22:00:00,0.0,0.0,0.0,0.0,0.0,0.0
04-04 23:00:00,0.0,0.0,0.0,0.0,0.0,0.0
05-04 00:00:00,0.0,0.0,0.0,0.0,0.0,0.0
05-04 01:00:00,0.0,0.0,0.0,0.0,0.0,0.0
05-04 02:00:00,0.0,0.0,0.0,0.0,0.0,0.0
05-04 03:00:00,0.0,0.0,0.0,0.0,0.0,0.0
05-04 04:00:00,0.0,0.0,0.0,0.0,0.0,0.0
05-04 05:00:00,0.0,0.0,0.0,0.0,0.0,0.0
05-04 06:00:00,0.0,0.0,0.0,0.0,0.0,0.0
05-04 07:00:00,0.0,0.0,0.0,0.0,0.0,0.0
05-04 08:00:00,0.0,0.0,0.0,0.0,0.0,0.0
05-04 09:00:00,0.0,0.0,0.0,0.0,0.0,0.0
05-04 10:00:00,25.0,109.0,80.0,110.0,105.0,85.8
05-04 11:00:00,160.0,350.0,344.0,355.0,353.0,312.4
05-04 12:00:00,391.0,577.0,580.0,595.0,587.0,546.0
05-04 13:00:00,279.0,762.99,770.99,792.99,731.0,667.394
05-04 14:00:00,258.0,878.99,892.99,947.99,794.0,754.394
05-04 15:00:00,743.0,957.99,906.99,1009.99,569.0,837.394
05-04 16:00:00,900.99,938.99,885.99,996.99,648.0,874.192
05-04 17:00:00,708.0,831.99,591.0,883.99,331.0,669.1959999999999
05-04 18:00:00,634.0,561.0,82.0,725.99,697.99,540.196
05-04 19:00:00,426.0,98.0,43.0,504.0,503.0,314.8
05-04 20:00:00,180.0,21.0,21.0,253.0,198.0,134.6
05-04 21:00:00,2.0,1.0,1.0,2.0,5.0,2.2
05-04 22:00:00,0.0,0.0,0.0,0.0,0.0,0.0
05-04 23:00:00,0.0,0.0,0.0,0.0,0.0,0.0
06-04 00:00:00,0.0,0.0,0.0,0.0,0.0,0.0
06-04 01:00:00,0.0,0.0,0.0,0.0,0.0,0.0
06-04 02:00:00,0.0,0.0,0.0,0.0,0.0,0.0
06-04 03:00:00,0.0,0.0,0.0,0.0,0.0,0.0
06-04 04:00:00,0.0,0.0,0.0,0.0,0.0,0.0
06-04 05:00:00,0.0,0.0,0.0,0.0,0.0,0.0
06-04 06:00:00,0.0,0.0,0.0,0.0,0.0,0.0
06-04 07:00:00,0.0,0.0,0.0,0.0,0.0,0.0
06-04 08:00:00,0.0,0.0,0.0,0.0,0.0,0.0
06-04 09:00:00,0.0,0.0,0.0,0.0,0.0,0.0
06-04 10:00:00,35.0,10.0,74.0,75.0,84.0,55.6
06-04 11:00:00,154.0,31.0,237.0,198.0,294.0,182.8
06-04 12:00:00,190.0,576.0,510.0,397.0,522.0,439.0
06-04 13:00:00,341.0,703.0,691.0,716.0,770.99,644.3979999999999
06-04 14:00:00,213.0,781.0,836.99,760.0,866.99,691.5959999999999
06-04 15:00:00,711.0,944.99,729.0,931.99,801.0,823.5959999999999
06-04 16:00:00,818.0,910.99,705.0,943.99,830.0,841.5959999999999
06-04 17:00:00,523.0,846.99,726.0,805.99,487.0,677.7959999999999
06-04 18:00:00,357.0,597.0,482.0,617.0,247.0,460.0
06-04 19:00:00,391.0,94.0,245.0,356.0,43.0,225.8
06-04 20:00:00,27.0,83.0,21.0,230.0,21.0,76.4
06-04 21:00:00,1.0,2.0,1.0,1.0,1.0,1.2
06-04 22:00:00,0.0,0.0,0.0,0.0,0.0,0.0
06-04 23:00:00,0.0,0.0,0.0,0.0,0.0,0.0
07-04 00:00:00,0.0,0.0,0.0,0.0,0.0,0.0
07-04 01:00:00,0.0,0.0,0.0,0.0,0.0,0.0
07-04 02:00:00,0.0,0.0,0.0,0.0,0.0,0.0
07-04 03:00:00,0.0,0.0,0.0,0.0,0.0,0.0
07-04 04:00:00,0.0,0.0,0.0,0.0,0.0,0.0
07-04 05:00:00,0.0,0.0,0.0,0.0,0.0,0.0
07-04 06:00:00,0.0,0.0,0.0,0.0,0.0,0.0
07-04 07:00:00,0.0,0.0,0.0,0.0,0.0,0.0
07-04 08:00:00,0.0,0.0,0.0,0.0,0.0,0.0
07-04 09:00:00,0.0,0.0,0.0,0.0,0.0,0.0
07-04 10:00:00,95.0,81.0,65.0,107.0,47.0,79.0
07-04 11:00:00,177.0,330.0,279.0,347.0,118.0,250.2
07-04 12:00:00,466.0,358.0,424.0,587.0,178.0,402.6
07-04 13:00:00,718.99,386.0,382.0,775.99,513.0,555.196
07-04 14:00:00,791.0,631.0,586.0,916.99,862.99,757.5959999999999
07-04 15:00:00,871.99,924.99,836.0,981.99,285.0,779.994
07-04 16:00:00,773.0,697.0,631.0,920.99,647.0,733.798
07-04 17:00:00,278.0,712.0,563.0,577.0,643.0,554.6
07-04 18:00:00,76.0,73.0,188.0,575.0,263.0,235.0
07-04 19:00:00,42.0,42.0,95.0,342.0,304.0,165.0
07-04 20:00:00,24.0,20.0,21.0,62.0,21.0,29.6
07-04 21:00:00,1.0,1.0,1.0,1.0,1.0,1.0
07-04 22:00:00,0.0,0.0,0.0,0.0,0.0,0.0
07-04 23:00:00,0.0,0.0,0.0,0.0,0.0,0.0
08-04 00:00:00,0.0,0.0,0.0,0.0,0.0,0.0
08-04 01:00:00,0.0,0.0,0.0,0.0,0.0,0.0
08-04 02:00:00,0.0,0.0,0.0,0.0,0.0,0.0
08-04 03:00:00,0.0,0.0,0.0,0.0,0.0,0.0
08-04 04:00:00,0.0,0.0,0.0,0.0,0.0,0.0
08-04 05:00:00,0.0,0.0,0.0,0.0,0.0,0.0
08-04 06:00:00,0.0,0.0,0.0,0.0,0.0,0.0
08-04 07:00:00,0.0,0.0,0.0,0.0,0.0,0.0
08-04 08:00:00,0.0,0.0,0.0,0.0,0.0,0.0
08-04 09:00:00,0.0,0.0,0.0,0.0,0.0,0.0
08-04 10:00:00,9.0,81.0,45.0,21.0,36.0,38.4
08-04 11:00:00,104.0,83.0,158.0,320.0,198.0,172.6
08-04 12:00:00,220.0,148.0,187.0,543.0,436.0,306.8
08-04 13:00:00,367.0,189.0,362.0,646.0,592.0,431.2
08-04 14:00:00,553.0,684.0,687.0,784.0,601.0,661.8
08-04 15:00:00,857.99,910.99,514.0,864.99,262.0,681.994
08-04 16:00:00,802.0,869.99,548.0,677.0,589.0,697.198
08-04 17:00:00,601.0,768.99,523.0,252.0,503.0,529.598
08-04 18:00:00,140.0,649.99,380.0,222.0,570.0,392.398
08-04 19:00:00,171.0,403.0,68.0,375.0,298.0,263.0
08-04 20:00:00,57.0,104.0,45.0,21.0,20.0,49.4
08-04 21:00:00,2.0,1.0,1.0,1.0,1.0,1.2
08-04 22:00:00,0.0,0.0,0.0,0.0,0.0,0.0
08-04 23:00:00,0.0,0.0,0.0,0.0,0.0,0.0
09-04 00:00:00,0.0,0.0,0.0,0.0,0.0,0.0
09-04 01:00:00,0.0,0.0,0.0,0.0,0.0,0.0
09-04 02:00:00,0.0,0.0,0.0,0.0,0.0,0.0
09-04 03:00:00,0.0,0.0,0.0,0.0,0.0,0.0
09-04 04:00:00,0.0,0.0,0.0,0.0,0.0,0.0
09-04 05:00:00,0.0,0.0,0.0,0.0,0.0,0.0
09-04 06:00:00,0.0,0.0,0.0,0.0,0.0,0.0
09-04 07:00:00,0.0,0.0,0.0,0.0,0.0,0.0
09-04 08:00:00,0.0,0.0,0.0,0.0,0.0,0.0
09-04 09:00:00,0.0,0.0,0.0,0.0,0.0,0.0
09-04 10:00:00,10.0,104.0,57.0,33.0,78.0,56.4
09-04 11:00:00,251.0,336.0,322.0,227.0,331.0,293.4
09-04 12:00:00,335.0,570.0,554.0,572.0,546.0,515.4
09-04 13:00:00,539.0,757.99,740.99,751.99,654.0,688.7940000000001
09-04 14:00:00,603.0,885.99,895.99,819.99,801.99,801.392
09-04 15:00:00,794.0,927.99,973.99,804.0,795.0,858.9959999999999
09-04 16:00:00,744.0,808.0,948.99,610.0,722.0,766.598
09-04 17:00:00,638.0,665.0,838.99,561.0,823.99,705.396
09-04 18:00:00,262.0,675.99,688.99,536.0,642.99,561.1940000000001
09-04 19:00:00,49.0,371.0,457.0,42.0,422.0,268.2
09-04 20:00:00,20.0,178.0,110.0,163.0,140.0,122.2
09-04 21:00:00,1.0,0.0,1.0,1.0,1.0,0.8
09-04 22:00:00,0.0,0.0,0.0,0.0,0.0,0.0
09-04 23:00:00,0.0,0.0,0.0,0.0,0.0,0.0
10-04 00:00:00,0.0,0.0,0.0,0.0,0.0,0.0
10-04 01:00:00,0.0,0.0,0.0,0.0,0.0,0.0
10-04 02:00:00,0.0,0.0,0.0,0.0,0.0,0.0
10-04 03:00:00,0.0,0.0,0.0,0.0,0.0,0.0
10-04 04:00:00,0.0,0.0,0.0,0.0,0.0,0.0
10-04 05:00:00,0.0,0.0,0.0,0.0,0.0,0.0
10-04 06:00:00,0.0,0.0,0.0,0.0,0.0,0.0
10-04 07:00:00,0.0,0.0,0.0,0.0,0.0,0.0
10-04 08:00:00,0.0,0.0,0.0,0.0,0.0,0.0
10-04 09:00:00,0.0,0.0,0.0,0.0,0.0,0.0
10-04 10:00:00,97.0,107.0,84.0,72.0,36.0,79.2
10-04 11:00:00,340.0,350.0,352.0,313.0,178.0,306.6
10-04 12:00:00,503.0,582.99,596.99,508.0,424.0,522.996
10-04 13:00:00,754.99,774.99,791.99,733.99,502.0,711.592
10-04 14:00:00,841.99,905.99,920.99,881.99,596.0,829.392
10-04 15:00:00,779.0,983.99,984.99,793.0,828.99,873.994
10-04 16:00:00,576.0,952.99,969.99,590.0,612.0,740.196
10-04 17:00:00,142.0,855.99,852.99,371.0,451.0,534.596
10-04 18:00:00,524.0,696.99,668.99,69.0,60.0,403.796
10-04 19:00:00,477.0,468.0,457.0,41.0,48.0,298.2
10-04 20:00:00,174.0,184.0,216.0,20.0,20.0,122.8
10-04 21:00:00,0.0,0.0,0.0,0.0,0.0,0.0
10-04 22:00:00,0.0,0.0,0.0,0.0,0.0,0.0
10-04 23:00:00,0.0,0.0,0.0,0.0,0.0,0.0
11-04 00:00:00,0.0,0.0,0.0,0.0,0.0,0.0
11-04 01:00:00,0.0,0.0,0.0,0.0,0.0,0.0
11-04 02:00:00,0.0,0.0,0.0,0.0,0.0,0.0
11-04 03:00:00,0.0,0.0,0.0,0.0,0.0,0.0
11-04 04:00:00,0.0,0.0,0.0,0.0,0.0,0.0
11-04 05:00:00,0.0,0.0,0.0,0.0,0.0,0.0
11-04 06:00:00,0.0,0.0,0.0,0.0,0.0,0.0
11-04 07:00:00,0.0,0.0,0.0,0.0,0.0,0.0
11-04 08:00:00,0.0,0.0,0.0,0.0,0.0,0.0
11-04 09:00:00,0.0,0.0,0.0,0.0,0.0,0.0
11-04 10:00:00,13.0,104.0,85.0,16.0,70.0,57.6
11-04 11:00:00,58.0,343.0,356.0,107.0,310.0,234.8
11-04 12:00:00,115.0,574.99,597.99,298.0,519.0,420.996
11-04 13:00:00,184.0,766.99,793.99,697.99,731.99,634.992
11-04 14:00:00,258.0,906.99,916.99,884.99,870.99,767.592
11-04 15:00:00,472.0,984.99,898.99,858.99,926.99,828.392
11-04 16:00:00,632.0,953.99,917.99,840.99,812.99,831.592
11-04 17:00:00,609.0,818.99,807.99,622.0,589.0,689.396
11-04 18:00:00,521.0,673.99,637.0,624.0,467.0,584.598
11-04 19:00:00,195.0,457.0,460.0,397.0,174.0,336.6
11-04 20:00:00,143.0,101.0,191.0,214.0,19.0,133.6
11-04 21:00:00,0.0,0.0,0.0,0.0,0.0,0.0
11-04 22:00:00,0.0,0.0,0.0,0.0,0.0,0.0
11-04 23:00:00,0.0,0.0,0.0,0.0,0.0,0.0
12-04 00:00:00,0.0,0.0,0.0,0.0,0.0,0.0
12-04 01:00:00,0.0,0.0,0.0,0.0,0.0,0.0
12-04 02:00:00,0.0,0.0,0.0,0.0,0.0,0.0
12-04 03:00:00,0.0,0.0,0.0,0.0,0.0,0.0
12-04 04:00:00,0.0,0.0,0.0,0.0,0.0,0.0
12-04 05:00:00,0.0,0.0,0.0,0.0,0.0,0.0
12-04 06:00:00,0.0,0.0,0.0,0.0,0.0,0.0
12-04 07:00:00,0.0,0.0,0.0,0.0,0.0,0.0
12-04 08:00:00,0.0,0.0,0.0,0.0,0.0,0.0
12-04 09:00:00,0.0,0.0,0.0,0.0,0.0,0.0
12-04 10:00:00,105.0,50.0,28.0,24.0,96.0,60.6
12-04 11:00:00,335.0,322.0,260.0,43.0,224.0,236.8
12-04 12:00:00,521.0,369.0,566.99,342.0,574.99,474.796
12-04 13:00:00,763.99,553.0,766.99,746.99,687.99,703.792
12-04 14:00:00,873.99,821.99,875.99,686.0,682.0,787.994
12-04 15:00:00,808.99,916.99,878.99,701.0,577.0,776.594
12-04 16:00:00,824.99,710.0,854.99,771.0,658.0,763.796
12-04 17:00:00,714.0,551.0,701.0,721.0,822.99,701.9979999999999
12-04 18:00:00,342.0,512.0,665.99,604.0,117.0,448.198
12-04 19:00:00,41.0,355.0,463.0,87.0,41.0,197.4
12-04 20:00:00,19.0,28.0,176.0,19.0,19.0,52.2
12-04 21:00:00,0.0,0.0,0.0,0.0,0.0,0.0
12-04 22:00:00,0.0,0.0,0.0,0.0,0.0,0.0
12-04 23:00:00,0.0,0.0,0.0,0.0,0.0,0.0
13-04 00:00:00,0.0,0.0,0.0,0.0,0.0,0.0
13-04 01:00:00,0.0,0.0,0.0,0.0,0.0,0.0
13-04 02:00:00,0.0,0.0,0.0,0.0,0.0,0.0
13-04 03:00:00,0.0,0.0,0.0,0.0,0.0,0.0
13-04 04:00:00,0.0,0.0,0.0,0.0,0.0,0.0
13-04 05:00:00,0.0,0.0,0.0,0.0,0.0,0.0
13-04 06:00:00,0.0,0.0,0.0,0.0,0.0,0.0
13-04 07:00:00,0.0,0.0,0.0,0.0,0.0,0.0
13-04 08:00:00,0.0,0.0,0.0,0.0,0.0,0.0
13-04 09:00:00,0.0,0.0,0.0,0.0,0.0,0.0
13-04 10:00:00,65.0,48.0,69.0,105.0,43.0,66.0
13-04 11:00:00,292.0,247.0,341.0,350.0,325.0,311.0
13-04 12:00:00,480.0,562.99,578.99,584.99,575.99,556.592
13-04 13:00:00,680.99,753.99,757.99,757.99,758.99,741.99
13-04 14:00:00,707.0,748.0,895.99,821.99,881.99,810.9939999999999
13-04 15:00:00,642.0,872.99,951.99,896.99,797.99,832.392
13-04 16:00:00,618.0,721.0,935.99,792.99,620.0,737.5959999999999
13-04 17:00:00,225.0,787.99,815.99,719.0,505.0,610.596
13-04 18:00:00,363.0,521.0,670.99,499.0,582.0,527.198
13-04 19:00:00,40.0,436.0,422.0,214.0,40.0,230.4
13-04 20:00:00,29.0,158.0,139.0,105.0,93.0,104.8
13-04 21:00:00,0.0,0.0,0.0,0.0,0.0,0.0
13-04 22:00:00,0.0,0.0,0.0,0.0,0.0,0.0
13-04 23:00:00,0.0,0.0,0.0,0.0,0.0,0.0
14-04 00:00:00,0.0,0.0,0.0,0.0,0.0,0.0
14-04 01:00:00,0.0,0.0,0.0,0.0,0.0,0.0
14-04 02:00:00,0.0,0.0,0.0,0.0,0.0,0.0
14-04 03:00:00,0.0,0.0,0.0,0.0,0.0,0.0
14-04 04:00:00,0.0,0.0,0.0,0.0,0.0,0.0
14-04 05:00:00,0.0,0.0,0.0,0.0,0.0,0.0
14-04 06:00:00,0.0,0.0,0.0,0.0,0.0,0.0
14-04 07:00:00,0.0,0.0,0.0,0.0,0.0,0.0
14-04 08:00:00,0.0,0.0,0.0,0.0,0.0,0.0
14-04 09:00:00,0.0,0.0,0.0,0.0,0.0,0.0
14-04 10:00:00,33.0,87.0,71.0,63.0,83.0,67.4
14-04 11:00:00,147.0,334.0,344.0,286.0,227.0,267.6
14-04 12:00:00,319.0,516.0,582.99,526.0,513.0,491.39799999999997
14-04 13:00:00,662.0,186.0,773.99,679.99,391.0,538.596
14-04 14:00:00,830.99,199.0,836.99,876.99,660.0,680.7940000000001
14-04 15:00:00,856.99,281.0,884.99,952.99,716.0,738.394
14-04 16:00:00,781.99,138.0,884.99,891.99,212.0,581.7940000000001
14-04 17:00:00,641.0,162.0,826.99,739.99,685.0,610.996
14-04 18:00:00,534.0,92.0,517.0,539.0,102.0,356.8
14-04 19:00:00,443.0,46.0,464.0,377.0,44.0,274.8
14-04 20:00:00,21.0,29.0,19.0,185.0,18.0,54.4
14-04 21:00:00,0.0,0.0,0.0,0.0,0.0,0.0
14-04 22:00:00,0.0,0.0,0.0,0.0,0.0,0.0
14-04 23:00:00,0.0,0.0,0.0,0.0,0.0,0.0
15-04 00:00:00,0.0,0.0,0.0,0.0,0.0,0.0
15-04 01:00:00,0.0,0.0,0.0,0.0,0.0,0.0
15-04 02:00:00,0.0,0.0,0.0,0.0,0.0,0.0
15-04 03:00:00,0.0,0.0,0.0,0.0,0.0,0.0
15-04 04:00:00,0.0,0.0,0.0,0.0,0.0,0.0
15-04 05:00:00,0.0,0.0,0.0,0.0,0.0,0.0
15-04 06:00:00,0.0,0.0,0.0,0.0,0.0,0.0
15-04 07:00:00,0.0,0.0,0.0,0.0,0.0,0.0
15-04 08:00:00,0.0,0.0,0.0,0.0,0.0,0.0
15-04 09:00:00,0.0,0.0,0.0,0.0,0.0,0.0
15-04 10:00:00,9.0,37.0,78.0,44.0,72.0,48.0
15-04 11:00:00,30.0,158.0,339.0,286.0,328.0,228.2
15-04 12:00:00,363.0,250.0,575.99,526.0,561.99,455.396
15-04 13:00:00,465.0,359.0,765.99,696.99,744.99,606.394
15-04 14:00:00,481.0,635.0,884.99,625.0,879.99,701.1959999999999
15-04 15:00:00,781.99,580.0,914.99,865.99,920.99,812.792
15-04 16:00:00,602.0,520.0,908.99,855.99,913.99,760.1940000000001
15-04 17:00:00,772.99,158.0,826.99,714.99,795.99,653.792
15-04 18:00:00,540.0,62.0,669.99,580.0,640.99,498.596
15-04 19:00:00,84.0,108.0,416.0,269.0,425.0,260.4
15-04 20:00:00,104.0,40.0,19.0,20.0,204.0,77.4
15-04 21:00:00,0.0,0.0,0.0,0.0,0.0,0.0
15-04 22:00:00,0.0,0.0,0.0,0.0,0.0,0.0
15-04 23:00:00,0.0,0.0,0.0,0.0,0.0,0.0
16-04 00:00:00,0.0,0.0,0.0,0.0,0.0,0.0
16-04 01:00:00,0.0,0.0,0.0,0.0,0.0,0.0
16-04 02:00:00,0.0,0.0,0.0,0.0,0.0,0.0
16-04 03:00:00,0.0,0.0,0.0,0.0,0.0,0.0
16-04 04:00:00,0.0,0.0,0.0,0.0,0.0,0.0
16-04 05:00:00,0.0,0.0,0.0,0.0,0.0,0.0
16-04 06:00:00,0.0,0.0,0.0,0.0,0.0,0.0
16-04 07:00:00,0.0,0.0,0.0,0.0,0.0,0.0
16-04 08:00:00,0.0,0.0,0.0,0.0,0.0,0.0
16-04 09:00:00,0.0,0.0,0.0,0.0,0.0,0.0
16-04 10:00:00,17.0,13.0,75.0,99.0,81.0,57.0
16-04 11:00:00,117.0,149.0,334.0,339.0,261.0,240.0
16-04 12:00:00,448.0,162.0,573.99,571.99,486.0,448.396
16-04 13:00:00,695.99,326.0,754.99,759.99,726.99,652.792
16-04 14:00:00,813.99,434.0,876.99,891.99,873.99,778.192
16-04 15:00:00,864.99,612.0,941.99,957.99,923.99,860.192
16-04 16:00:00,642.0,589.0,910.99,955.99,901.99,799.9939999999999
16-04 17:00:00,705.99,468.0,786.99,827.99,801.99,718.192
16-04 18:00:00,64.0,117.0,633.99,670.99,645.99,426.39400000000006
16-04 19:00:00,39.0,58.0,410.0,418.0,406.0,266.2
16-04 20:00:00,18.0,39.0,194.0,162.0,188.0,120.2
16-04 21:00:00,0.0,0.0,0.0,0.0,0.0,0.0
16-04 22:00:00,0.0,0.0,0.0,0.0,0.0,0.0
16-04 23:00:00,0.0,0.0,0.0,0.0,0.0,0.0
17-04 00:00:00,0.0,0.0,0.0,0.0,0.0,0.0
17-04 01:00:00,0.0,0.0,0.0,0.0,0.0,0.0
17-04 02:00:00,0.0,0.0,0.0,0.0,0.0,0.0
17-04 03:00:00,0.0,0.0,0.0,0.0,0.0,0.0
17-04 04:00:00,0.0,0.0,0.0,0.0,0.0,0.0
17-04 05:00:00,0.0,0.0,0.0,0.0,0.0,0.0
17-04 06:00:00,0.0,0.0,0.0,0.0,0.0,0.0
17-04 07:00:00,0.0,0.0,0.0,0.0,0.0,0.0
17-04 08:00:00,0.0,0.0,0.0,0.0,0.0,0.0
17-04 09:00:00,0.0,0.0,0.0,0.0,0.0,0.0
17-04 10:00:00,72.0,34.0,9.0,89.0,98.0,60.4
17-04 11:00:00,204.0,215.0,76.0,339.0,342.0,235.2
17-04 12:00:00,518.0,407.0,125.0,576.99,565.99,438.596
17-04 13:00:00,718.99,483.0,117.0,748.99,744.99,562.594
17-04 14:00:00,826.99,471.0,246.0,883.99,879.99,661.594
17-04 15:00:00,908.99,567.0,282.0,843.99,898.99,700.1940000000001
17-04 16:00:00,549.0,699.0,877.99,946.99,887.99,792.1939999999998
17-04 17:00:00,499.0,563.0,810.99,758.99,779.99,682.394
17-04 18:00:00,452.0,57.0,655.99,607.99,637.99,482.1940000000001
17-04 19:00:00,290.0,55.0,422.0,396.0,425.0,317.6
17-04 20:00:00,93.0,22.0,182.0,88.0,57.0,88.4
17-04 21:00:00,0.0,0.0,0.0,0.0,0.0,0.0
17-04 22:00:00,0.0,0.0,0.0,0.0,0.0,0.0
17-04 23:00:00,0.0,0.0,0.0,0.0,0.0,0.0
18-04 00:00:00,0.0,0.0,0.0,0.0,0.0,0.0
18-04 01:00:00,0.0,0.0,0.0,0.0,0.0,0.0
18-04 02:00:00,0.0,0.0,0.0,0.0,0.0,0.0
18-04 03:00:00,0.0,0.0,0.0,0.0,0.0,0.0
18-04 04:00:00,0.0,0.0,0.0,0.0,0.0,0.0
18-04 05:00:00,0.0,0.0,0.0,0.0,0.0,0.0
18-04 06:00:00,0.0,0.0,0.0,0.0,0.0,0.0
18-04 07:00:00,0.0,0.0,0.0,0.0,0.0,0.0
18-04 08:00:00,0.0,0.0,0.0,0.0,0.0,0.0
18-04 09:00:00,0.0,0.0,0.0,0.0,0.0,0.0
18-04 10:00:00,95.0,63.0,65.0,99.0,74.0,79.2
18-04 11:00:00,336.0,144.0,281.0,340.0,338.0,287.8
18-04 12:00:00,562.99,99.0,252.0,571.99,551.99,407.594
18-04 13:00:00,745.99,178.0,742.99,751.99,718.99,627.592
18-04 14:00:00,880.99,369.0,576.0,857.99,527.0,642.196
18-04 15:00:00,920.99,476.0,797.99,882.99,664.0,748.394
18-04 16:00:00,918.99,478.0,546.0,908.99,685.0,707.396
18-04 17:00:00,810.99,223.0,487.0,793.99,388.0,540.596
18-04 18:00:00,640.99,104.0,219.0,634.99,419.0,403.596
18-04 19:00:00,432.0,38.0,39.0,435.0,272.0,243.2
18-04 20:00:00,165.0,17.0,18.0,207.0,97.0,100.8
18-04 21:00:00,0.0,0.0,0.0,0.0,0.0,0.0
18-04 22:00:00,0.0,0.0,0.0,0.0,0.0,0.0
18-04 23:00:00,0.0,0.0,0.0,0.0,0.0,0.0
19-04 00:00:00,0.0,0.0,0.0,0.0,0.0,0.0
19-04 01:00:00,0.0,0.0,0.0,0.0,0.0,0.0
19-04 02:00:00,0.0,0.0,0.0,0.0,0.0,0.0
19-04 03:00:00,0.0,0.0,0.0,0.0,0.0,0.0
19-04 04:00:00,0.0,0.0,0.0,0.0,0.0,0.0
19-04 05:00:00,0.0,0.0,0.0,0.0,0.0,0.0
19-04 06:00:00,0.0,0.0,0.0,0.0,0.0,0.0
19-04 07:00:00,0.0,0.0,0.0,0.0,0.0,0.0
19-04 08:00:00,0.0,0.0,0.0,0.0,0.0,0.0
19-04 09:00:00,0.0,0.0,0.0,0.0,0.0,0.0
19-04 10:00:00,96.0,9.0,51.0,98.0,25.0,55.8
19-04 11:00:00,331.0,145.0,215.0,343.0,98.0,226.4
19-04 12:00:00,557.99,250.0,553.99,570.99,272.0,440.994
19-04 13:00:00,742.99,484.0,745.99,747.99,219.0,587.994
19-04 14:00:00,876.99,504.0,790.99,872.99,366.0,682.1940000000001
19-04 15:00:00,916.99,889.99,815.99,810.99,488.0,784.392
19-04 16:00:00,888.99,753.99,837.99,744.0,572.0,759.394
19-04 17:00:00,801.99,441.0,763.99,714.99,375.0,619.394
19-04 18:00:00,629.99,57.0,510.0,356.0,109.0,332.398
19-04 19:00:00,422.0,50.0,142.0,252.0,38.0,180.8
19-04 20:00:00,86.0,17.0,140.0,47.0,17.0,61.4
19-04 21:00:00,0.0,0.0,0.0,0.0,0.0,0.0
19-04 22:00:00,0.0,0.0,0.0,0.0,0.0,0.0
19-04 23:00:00,0.0,0.0,0.0,0.0,0.0,0.0
20-04 00:00:00,0.0,0.0,0.0,0.0,0.0,0.0
20-04 01:00:00,0.0,0.0,0.0,0.0,0.0,0.0
20-04 02:00:00,0.0,0.0,0.0,0.0,0.0,0.0
20-04 03:00:00,0.0,0.0,0.0,0.0,0.0,0.0
20-04 04:00:00,0.0,0.0,0.0,0.0,0.0,0.0
20-04 05:00:00,0.0,0.0,0.0,0.0,0.0,0.0
20-04 06:00:00,0.0,0.0,0.0,0.0,0.0,0.0
20-04 07:00:00,0.0,0.0,0.0,0.0,0.0,0.0
20-04 08:00:00,0.0,0.0,0.0,0.0,0.0,0.0
20-04 09:00:00,0.0,0.0,0.0,0.0,0.0,0.0
20-04 10:00:00,98.0,56.0,80.0,99.0,15.0,69.6
20-04 11:00:00,333.0,70.0,269.0,335.0,59.0,213.2
20-04 12:00:00,560.99,272.0,514.0,569.99,199.0,423.196
20-04 13:00:00,750.99,284.0,746.99,753.99,159.0,538.994
20-04 14:00:00,881.99,424.0,871.99,879.99,329.0,677.394
20-04 15:00:00,930.99,748.0,930.99,933.99,793.99,867.592
20-04 16:00:00,917.99,683.0,902.99,924.99,495.0,784.7940000000001
20-04 17:00:00,831.99,171.0,684.0,816.99,244.0,549.596
20-04 18:00:00,645.99,56.0,559.0,655.99,121.0,407.596
20-04 19:00:00,429.99,38.0,322.0,429.99,62.0,256.396
20-04 20:00:00,168.0,17.0,140.0,197.0,17.0,107.8
20-04 21:00:00,0.0,0.0,0.0,0.0,0.0,0.0
20-04 22:00:00,0.0,0.0,0.0,0.0,0.0,0.0
20-04 23:00:00,0.0,0.0,0.0,0.0,0.0,0.0
21-04 00:00:00,0.0,0.0,0.0,0.0,0.0,0.0
21-04 01:00:00,0.0,0.0,0.0,0.0,0.0,0.0
21-04 02:00:00,0.0,0.0,0.0,0.0,0.0,0.0
21-04 03:00:00,0.0,0.0,0.0,0.0,0.0,0.0
21-04 04:00:00,0.0,0.0,0.0,0.0,0.0,0.0
21-04 05:00:00,0.0,0.0,0.0,0.0,0.0,0.0
21-04 06:00:00,0.0,0.0,0.0,0.0,0.0,0.0
21-04 07:00:00,0.0,0.0,0.0,0.0,0.0,0.0
21-04 08:00:00,0.0,0.0,0.0,0.0,0.0,0.0
21-04 09:00:00,0.0,0.0,0.0,0.0,0.0,0.0
21-04 10:00:00,98.0,42.0,102.0,101.0,73.0,83.2
21-04 11:00:00,335.0,327.0,343.0,345.0,330.0,336.0
21-04 12:00:00,561.99,551.99,581.99,576.99,554.99,565.5899999999999
21-04 13:00:00,747.99,720.99,755.99,758.99,734.99,743.79
21-04 14:00:00,877.99,728.99,886.99,874.99,858.99,845.5899999999999
21-04 15:00:00,926.99,746.0,945.99,933.99,915.99,893.792
21-04 16:00:00,918.99,432.0,927.99,930.99,897.99,821.592
21-04 17:00:00,822.99,337.0,822.99,816.99,778.99,715.792
21-04 18:00:00,631.99,571.99,670.99,658.99,444.0,595.592
21-04 19:00:00,407.0,66.0,436.99,433.99,192.0,307.196
21-04 20:00:00,159.0,21.0,187.0,182.0,169.0,143.6
21-04 21:00:00,0.0,0.0,0.0,0.0,0.0,0.0
21-04 22:00:00,0.0,0.0,0.0,0.0,0.0,0.0
21-04 23:00:00,0.0,0.0,0.0,0.0,0.0,0.0
22-04 00:00:00,0.0,0.0,0.0,0.0,0.0,0.0
22-04 01:00:00,0.0,0.0,0.0,0.0,0.0,0.0
22-04 02:00:00,0.0,0.0,0.0,0.0,0.0,0.0
22-04 03:00:00,0.0,0.0,0.0,0.0,0.0,0.0
22-04 04:00:00,0.0,0.0,0.0,0.0,0.0,0.0
22-04 05:00:00,0.0,0.0,0.0,0.0,0.0,0.0
22-04 06:00:00,0.0,0.0,0.0,0.0,0.0,0.0
22-04 07:00:00,0.0,0.0,0.0,0.0,0.0,0.0
22-04 08:00:00,0.0,0.0,0.0,0.0,0.0,0.0
22-04 09:00:00,0.0,0.0,0.0,0.0,0.0,0.0
22-04 10:00:00,86.0,90.0,102.0,93.0,84.0,91.0
22-04 11:00:00,291.0,298.0,330.0,332.0,176.0,285.4
22-04 12:00:00,523.99,307.0,579.99,567.99,491.0,493.994
22-04 13:00:00,715.99,235.0,761.99,746.99,721.99,636.392
22-04 14:00:00,850.99,456.0,883.99,871.99,834.99,779.592
22-04 15:00:00,841.99,567.0,947.99,919.99,876.99,830.792
22-04 16:00:00,864.99,625.0,928.99,920.99,858.99,839.792
22-04 17:00:00,774.99,671.99,823.99,794.99,724.99,758.1899999999999
22-04 18:00:00,619.99,592.99,666.99,589.99,557.0,605.392
22-04 19:00:00,403.0,333.0,426.99,382.0,319.0,372.798
22-04 20:00:00,17.0,121.0,181.0,176.0,16.0,102.2
22-04 21:00:00,0.0,0.0,0.0,0.0,0.0,0.0
22-04 22:00:00,0.0,0.0,0.0,0.0,0.0,0.0
22-04 23:00:00,0.0,0.0,0.0,0.0,0.0,0.0
23-04 00:00:00,0.0,0.0,0.0,0.0,0.0,0.0
23-04 01:00:00,0.0,0.0,0.0,0.0,0.0,0.0
23-04 02:00:00,0.0,0.0,0.0,0.0,0.0,0.0
23-04 03:00:00,0.0,0.0,0.0,0.0,0.0,0.0
23-04 04:00:00,0.0,0.0,0.0,0.0,0.0,0.0
23-04 05:00:00,0.0,0.0,0.0,0.0,0.0,0.0
23-04 06:00:00,0.0,0.0,0.0,0.0,0.0,0.0
23-04 07:00:00,0.0,0.0,0.0,0.0,0.0,0.0
23-04 08:00:00,0.0,0.0,0.0,0.0,0.0,0.0
23-04 09:00:00,0.0,0.0,0.0,0.0,0.0,0.0
23-04 10:00:00,24.0,53.0,73.0,97.0,81.0,65.6
23-04 11:00:00,142.0,148.0,356.99,348.99,65.0,212.196
23-04 12:00:00,388.0,309.0,576.99,567.99,504.99,469.39400000000006
23-04 13:00:00,532.0,400.0,757.99,747.99,693.99,626.394
23-04 14:00:00,247.0,551.0,883.99,872.99,838.99,678.7940000000001
23-04 15:00:00,678.0,658.0,936.99,910.99,879.99,812.7939999999999
23-04 16:00:00,88.0,739.99,922.99,891.99,821.99,692.992
23-04 17:00:00,112.0,757.99,817.99,739.99,734.99,632.592
23-04 18:00:00,56.0,581.99,665.99,605.99,595.99,501.192
23-04 19:00:00,37.0,276.0,431.99,417.99,389.0,310.396
23-04 20:00:00,16.0,131.0,184.0,149.0,172.0,130.4
23-04 21:00:00,0.0,0.0,0.0,0.0,0.0,0.0
23-04 22:00:00,0.0,0.0,0.0,0.0,0.0,0.0
23-04 23:00:00,0.0,0.0,0.0,0.0,0.0,0.0
24-04 00:00:00,0.0,0.0,0.0,0.0,0.0,0.0
24-04 01:00:00,0.0,0.0,0.0,0.0,0.0,0.0
24-04 02:00:00,0.0,0.0,0.0,0.0,0.0,0.0
24-04 03:00:00,0.0,0.0,0.0,0.0,0.0,0.0
24-04 04:00:00,0.0,0.0,0.0,0.0,0.0,0.0
24-04 05:00:00,0.0,0.0,0.0,0.0,0.0,0.0
24-04 06:00:00,0.0,0.0,0.0,0.0,0.0,0.0
24-04 07:00:00,0.0,0.0,0.0,0.0,0.0,0.0
24-04 08:00:00,0.0,0.0,0.0,0.0,0.0,0.0
24-04 09:00:00,0.0,0.0,0.0,0.0,0.0,0.0
24-04 10:00:00,24.0,88.0,98.0,76.0,54.0,68.0
24-04 11:00:00,155.0,319.0,331.0,320.0,102.0,245.4
24-04 12:00:00,175.0,540.99,567.99,538.99,336.0,431.79400000000004
24-04 13:00:00,354.0,680.99,746.99,721.99,572.0,615.1940000000001
24-04 14:00:00,366.0,651.0,866.99,834.99,453.0,634.396
24-04 15:00:00,701.0,686.0,929.99,879.99,574.0,754.1959999999999
24-04 16:00:00,846.99,533.0,909.99,729.99,541.0,712.1940000000001
24-04 17:00:00,428.0,769.99,738.99,718.99,558.0,642.7940000000001
24-04 18:00:00,603.99,586.99,647.99,615.99,295.0,549.992
24-04 19:00:00,353.0,400.99,416.99,344.0,140.0,330.996
24-04 20:00:00,172.0,106.0,161.0,119.0,54.0,122.4
24-04 21:00:00,0.0,0.0,0.0,0.0,0.0,0.0
24-04 22:00:00,0.0,0.0,0.0,0.0,0.0,0.0
24-04 23:00:00,0.0,0.0,0.0,0.0,0.0,0.0
25-04 00:00:00,0.0,0.0,0.0,0.0,0.0,0.0
25-04 01:00:00,0.0,0.0,0.0,0.0,0.0,0.0
25-04 02:00:00,0.0,0.0,0.0,0.0,0.0,0.0
25-04 03:00:00,0.0,0.0,0.0,0.0,0.0,0.0
25-04 04:00:00,0.0,0.0,0.0,0.0,0.0,0.0
25-04 05:00:00,0.0,0.0,0.0,0.0,0.0,0.0
25-04 06:00:00,0.0,0.0,0.0,0.0,0.0,0.0
25-04 07:00:00,0.0,0.0,0.0,0.0,0.0,0.0
25-04 08:00:00,0.0,0.0,0.0,0.0,0.0,0.0
25-04 09:00:00,0.0,0.0,0.0,0.0,0.0,0.0
25-04 10:00:00,88.0,73.0,92.0,92.0,88.0,86.6
25-04 11:00:00,321.0,325.0,223.0,328.0,326.0,304.6
25-04 12:00:00,542.99,542.99,553.99,548.99,546.99,547.1899999999999
25-04 13:00:00,723.99,723.99,728.99,726.99,724.99,725.79
25-04 14:00:00,854.99,850.99,770.99,849.99,850.99,835.5899999999999
25-04 15:00:00,896.99,887.99,628.0,900.99,897.99,842.392
25-04 16:00:00,882.99,834.99,441.0,807.99,792.99,751.992
25-04 17:00:00,754.99,754.99,376.0,762.99,655.99,660.992
25-04 18:00:00,608.99,590.99,574.99,631.99,498.0,580.992
25-04 19:00:00,407.99,340.0,264.0,404.99,404.99,364.394
25-04 20:00:00,145.0,91.0,35.0,127.0,108.0,101.2
25-04 21:00:00,0.0,0.0,0.0,0.0,0.0,0.0
25-04 22:00:00,0.0,0.0,0.0,0.0,0.0,0.0
25-04 23:00:00,0.0,0.0,0.0,0.0,0.0,0.0
26-04 00:00:00,0.0,0.0,0.0,0.0,0.0,0.0
26-04 01:00:00,0.0,0.0,0.0,0.0,0.0,0.0
26-04 02:00:00,0.0,0.0,0.0,0.0,0.0,0.0
26-04 03:00:00,0.0,0.0,0.0,0.0,0.0,0.0
26-04 04:00:00,0.0,0.0,0.0,0.0,0.0,0.0
26-04 05:00:00,0.0,0.0,0.0,0.0,0.0,0.0
26-04 06:00:00,0.0,0.0,0.0,0.0,0.0,0.0
26-04 07:00:00,0.0,0.0,0.0,0.0,0.0,0.0
26-04 08:00:00,0.0,0.0,0.0,0.0,0.0,0.0
26-04 09:00:00,0.0,0.0,0.0,0.0,0.0,0.0
26-04 10:00:00,90.0,91.0,87.0,89.0,86.0,88.6
26-04 11:00:00,326.0,330.99,301.0,326.0,321.0,320.998
26-04 12:00:00,549.99,558.99,523.99,549.99,541.99,544.99
26-04 13:00:00,732.99,719.99,714.99,728.99,723.99,724.1899999999999
26-04 14:00:00,859.99,790.99,794.99,850.99,840.99,827.5899999999999
26-04 15:00:00,902.99,785.99,485.0,902.99,835.99,782.592
26-04 16:00:00,868.99,792.99,811.99,877.99,817.99,833.99
26-04 17:00:00,784.99,737.99,765.99,674.99,770.99,746.99
26-04 18:00:00,628.99,574.99,580.99,560.99,596.99,588.5899999999999
26-04 19:00:00,414.99,308.0,410.99,408.99,344.0,377.394
26-04 20:00:00,140.0,109.0,16.0,173.0,155.0,118.6
26-04 21:00:00,0.0,0.0,0.0,0.0,0.0,0.0
26-04 22:00:00,0.0,0.0,0.0,0.0,0.0,0.0
26-04 23:00:00,0.0,0.0,0.0,0.0,0.0,0.0
27-04 00:00:00,0.0,0.0,0.0,0.0,0.0,0.0
27-04 01:00:00,0.0,0.0,0.0,0.0,0.0,0.0
27-04 02:00:00,0.0,0.0,0.0,0.0,0.0,0.0
27-04 03:00:00,0.0,0.0,0.0,0.0,0.0,0.0
27-04 04:00:00,0.0,0.0,0.0,0.0,0.0,0.0
27-04 05:00:00,0.0,0.0,0.0,0.0,0.0,0.0
27-04 06:00:00,0.0,0.0,0.0,0.0,0.0,0.0
27-04 07:00:00,0.0,0.0,0.0,0.0,0.0,0.0
27-04 08:00:00,0.0,0.0,0.0,0.0,0.0,0.0
27-04 09:00:00,0.0,0.0,0.0,0.0,0.0,0.0
27-04 10:00:00,90.0,93.0,26.0,0.0,84.0,58.6
27-04 11:00:00,323.99,329.99,178.0,323.0,188.0,268.596
27-04 12:00:00,540.99,546.99,430.0,547.99,524.99,518.192
27-04 13:00:00,724.99,735.99,706.99,726.99,723.99,723.79
27-04 14:00:00,851.99,862.99,802.99,833.99,831.99,836.79
27-04 15:00:00,831.99,924.99,855.99,847.99,699.0,831.992
27-04 16:00:00,813.99,874.99,832.99,732.99,777.99,806.5899999999999
27-04 17:00:00,690.99,794.99,704.99,711.99,398.0,660.192
27-04 18:00:00,549.99,625.99,573.99,547.99,602.99,580.1899999999999
27-04 19:00:00,341.0,411.99,361.0,387.0,386.99,377.596
27-04 20:00:00,139.0,144.0,154.0,178.0,153.0,153.6
27-04 21:00:00,0.0,0.0,0.0,0.0,0.0,0.0
27-04 22:00:00,0.0,0.0,0.0,0.0,0.0,0.0
27-04 23:00:00,0.0,0.0,0.0,0.0,0.0,0.0
28-04 00:00:00,0.0,0.0,0.0,0.0,0.0,0.0
28-04 01:00:00,0.0,0.0,0.0,0.0,0.0,0.0
28-04 02:00:00,0.0,0.0,0.0,0.0,0.0,0.0
28-04 03:00:00,0.0,0.0,0.0,0.0,0.0,0.0
28-04 04:00:00,0.0,0.0,0.0,0.0,0.0,0.0
28-04 05:00:00,0.0,0.0,0.0,0.0,0.0,0.0
28-04 06:00:00,0.0,0.0,0.0,0.0,0.0,0.0
28-04 07:00:00,0.0,0.0,0.0,0.0,0.0,0.0
28-04 08:00:00,0.0,0.0,0.0,0.0,0.0,0.0
28-04 09:00:00,0.0,0.0,0.0,0.0,0.0,0.0
28-04 10:00:00,88.0,88.0,90.0,87.0,85.0,87.6
28-04 11:00:00,320.99,325.99,318.0,324.99,317.99,321.592
28-04 12:00:00,541.99,545.99,551.99,545.99,533.99,543.99
28-04 13:00:00,707.99,730.99,723.99,726.99,688.99,715.79
28-04 14:00:00,555.0,862.99,840.99,843.99,793.99,779.392
28-04 15:00:00,700.0,923.99,890.99,879.99,827.99,844.592
28-04 16:00:00,807.99,898.99,825.99,855.99,751.99,828.1899999999999
28-04 17:00:00,637.0,793.99,729.99,744.99,741.99,729.592
28-04 18:00:00,523.0,637.99,573.99,621.99,474.0,566.1940000000001
28-04 19:00:00,390.99,412.99,327.0,395.99,381.99,381.79200000000003
28-04 20:00:00,140.0,141.0,155.0,164.0,158.0,151.6
28-04 21:00:00,0.0,0.0,0.0,0.0,0.0,0.0
28-04 22:00:00,0.0,0.0,0.0,0.0,0.0,0.0
28-04 23:00:00,0.0,0.0,0.0,0.0,0.0,0.0
29-04 00:00:00,0.0,0.0,0.0,0.0,0.0,0.0
29-04 01:00:00,0.0,0.0,0.0,0.0,0.0,0.0
29-04 02:00:00,0.0,0.0,0.0,0.0,0.0,0.0
29-04 03:00:00,0.0,0.0,0.0,0.0,0.0,0.0
29-04 04:00:00,0.0,0.0,0.0,0.0,0.0,0.0
29-04 05:00:00,0.0,0.0,0.0,0.0,0.0,0.0
29-04 06:00:00,0.0,0.0,0.0,0.0,0.0,0.0
29-04 07:00:00,0.0,0.0,0.0,0.0,0.0,0.0
29-04 08:00:00,0.0,0.0,0.0,0.0,0.0,0.0
29-04 09:00:00,0.0,0.0,0.0,0.0,0.0,0.0
29-04 10:00:00,86.0,91.0,48.0,89.0,84.0,79.6
29-04 11:00:00,320.99,326.99,300.0,323.99,318.99,318.192
29-04 12:00:00,545.99,557.99,529.99,545.99,539.99,543.99
29-04 13:00:00,720.99,734.99,709.99,723.99,716.99,721.39
29-04 14:00:00,837.99,722.99,706.99,825.99,832.99,785.39
29-04 15:00:00,785.99,860.99,795.99,900.99,818.99,832.5899999999999
29-04 16:00:00,804.99,772.99,791.99,879.99,813.99,812.79
29-04 17:00:00,744.99,766.99,745.99,736.99,774.99,753.99
29-04 18:00:00,557.99,629.99,574.99,597.99,601.99,592.5899999999999
29-04 19:00:00,326.0,404.99,315.0,398.99,374.0,363.796
29-04 20:00:00,123.0,133.0,131.0,164.0,84.0,127.0
29-04 21:00:00,0.0,0.0,0.0,0.0,0.0,0.0
29-04 22:00:00,0.0,0.0,0.0,0.0,0.0,0.0
29-04 23:00:00,0.0,0.0,0.0,0.0,0.0,0.0
30-04 00:00:00,0.0,0.0,0.0,0.0,0.0,0.0
30-04 01:00:00,0.0,0.0,0.0,0.0,0.0,0.0
30-04 02:00:00,0.0,0.0,0.0,0.0,0.0,0.0
30-04 03:00:00,0.0,0.0,0.0,0.0,0.0,0.0
30-04 04:00:00,0.0,0.0,0.0,0.0,0.0,0.0
30-04 05:00:00,0.0,0.0,0.0,0.0,0.0,0.0
30-04 06:00:00,0.0,0.0,0.0,0.0,0.0,0.0
30-04 07:00:00,0.0,0.0,0.0,0.0,0.0,0.0
30-04 08:00:00,0.0,0.0,0.0,0.0,0.0,0.0
30-04 09:00:00,0.0,0.0,0.0,0.0,0.0,0.0
30-04 10:00:00,73.0,91.0,54.0,89.0,87.0,78.8
30-04 11:00:00,311.99,319.99,320.99,322.99,315.99,318.39
30-04 12:00:00,529.99,535.99,536.99,541.99,537.99,536.5899999999999
30-04 13:00:00,711.99,721.99,482.0,722.99,717.99,671.392
30-04 14:00:00,804.99,846.99,619.0,839.99,842.99,790.792
30-04 15:00:00,847.99,911.99,574.0,894.99,892.99,824.392
30-04 16:00:00,842.99,872.99,381.0,874.99,839.99,762.392
30-04 17:00:00,704.99,765.99,87.0,779.99,748.99,617.392
30-04 18:00:00,592.99,624.99,71.0,619.99,547.99,491.392
30-04 19:00:00,374.99,399.99,35.0,407.99,338.0,311.194
30-04 20:00:00,115.0,132.0,15.0,163.0,15.0,88.0
30-04 21:00:00,0.0,0.0,0.0,0.0,0.0,0.0
30-04 22:00:00,0.0,0.0,0.0,0.0,0.0,0.0
30-04 23:00:00,0.0,0.0,0.0,0.0,0.0,0.0
01-05 00:00:00,0.0,0.0,0.0,0.0,0.0,0.0
01-05 01:00:00,0.0,0.0,0.0,0.0,0.0,0.0
01-05 02:00:00,0.0,0.0,0.0,0.0,0.0,0.0
01-05 03:00:00,0.0,0.0,0.0,0.0,0.0,0.0
01-05 04:00:00,0.0,0.0,0.0,0.0,0.0,0.0
01-05 05:00:00,0.0,0.0,0.0,0.0,0.0,0.0
01-05 06:00:00,0.0,0.0,0.0,0.0,0.0,0.0
01-05 07:00:00,0.0,0.0,0.0,0.0,0.0,0.0
01-05 08:00:00,0.0,0.0,0.0,0.0,0.0,0.0
01-05 09:00:00,0.0,0.0,0.0,0.0,0.0,0.0
01-05 10:00:00,85.0,60.0,30.0,87.0,88.0,70.0
01-05 11:00:00,312.99,194.0,93.0,323.99,321.99,249.19400000000002
01-05 12:00:00,524.99,492.99,255.0,541.99,539.99,470.992
01-05 13:00:00,664.99,728.99,424.0,721.99,726.99,653.392
01-05 14:00:00,724.99,831.99,513.0,841.99,848.99,752.192
01-05 15:00:00,768.99,896.99,421.0,788.99,869.99,749.192
01-05 16:00:00,764.99,861.99,388.0,807.99,845.99,733.792
01-05 17:00:00,619.0,776.99,200.0,743.99,771.99,622.394
01-05 18:00:00,427.0,613.99,170.0,587.99,501.0,459.996
01-05 19:00:00,331.0,405.99,187.0,372.99,338.0,326.996
01-05 20:00:00,74.0,168.0,14.0,116.0,162.0,106.8
01-05 21:00:00,0.0,0.0,0.0,0.0,0.0,0.0
01-05 22:00:00,0.0,0.0,0.0,0.0,0.0,0.0
01-05 23:00:00,0.0,0.0,0.0,0.0,0.0,0.0
02-05 00:00:00,0.0,0.0,0.0,0.0,0.0,0.0
02-05 01:00:00,0.0,0.0,0.0,0.0,0.0,0.0
02-05 02:00:00,0.0,0.0,0.0,0.0,0.0,0.0
02-05 03:00:00,0.0,0.0,0.0,0.0,0.0,0.0
02-05 04:00:00,0.0,0.0,0.0,0.0,0.0,0.0
02-05 05:00:00,0.0,0.0,0.0,0.0,0.0,0.0
02-05 06:00:00,0.0,0.0,0.0,0.0,0.0,0.0
02-05 07:00:00,0.0,0.0,0.0,0.0,0.0,0.0
02-05 08:00:00,0.0,0.0,0.0,0.0,0.0,0.0
02-05 09:00:00,0.0,0.0,0.0,0.0,0.0,0.0
02-05 10:00:00,86.0,86.0,77.0,86.0,89.0,84.8
02-05 11:00:00,311.99,329.99,307.99,320.99,324.99,319.19
02-05 12:00:00,521.99,545.99,537.99,539.99,547.99,538.79
02-05 13:00:00,705.99,730.99,706.99,716.99,733.99,718.99
02-05 14:00:00,811.99,852.99,820.99,827.99,859.99,834.79
02-05 15:00:00,699.99,902.99,879.99,825.99,910.99,843.99
02-05 16:00:00,528.0,872.99,854.99,815.99,894.99,793.392
02-05 17:00:00,67.0,777.99,736.99,707.99,797.99,617.592
02-05 18:00:00,53.0,610.99,580.99,554.99,613.99,482.79200000000003
02-05 19:00:00,35.0,385.99,364.99,332.0,394.99,302.594
02-05 20:00:00,14.0,163.0,146.0,115.0,162.0,120.0
02-05 21:00:00,0.0,0.0,0.0,0.0,0.0,0.0
02-05 22:00:00,0.0,0.0,0.0,0.0,0.0,0.0
02-05 23:00:00,0.0,0.0,0.0,0.0,0.0,0.0
03-05 00:00:00,0.0,0.0,0.0,0.0,0.0,0.0
03-05 01:00:00,0.0,0.0,0.0,0.0,0.0,0.0
03-05 02:00:00,0.0,0.0,0.0,0.0,0.0,0.0
03-05 03:00:00,0.0,0.0,0.0,0.0,0.0,0.0
03-05 04:00:00,0.0,0.0,0.0,0.0,0.0,0.0
03-05 05:00:00,0.0,0.0,0.0,0.0,0.0,0.0
03-05 06:00:00,0.0,0.0,0.0,0.0,0.0,0.0
03-05 07:00:00,0.0,0.0,0.0,0.0,0.0,0.0
03-05 08:00:00,0.0,0.0,0.0,0.0,0.0,0.0
03-05 09:00:00,0.0,0.0,0.0,0.0,0.0,0.0
03-05 10:00:00,23.0,88.0,85.0,10.0,88.0,58.8
03-05 11:00:00,146.0,324.99,310.99,192.0,322.99,259.394
03-05 12:00:00,55.0,539.99,544.99,468.99,542.99,430.392
03-05 13:00:00,244.0,731.99,713.99,698.99,727.99,623.392
03-05 14:00:00,365.0,848.99,842.99,806.99,853.99,743.592
03-05 15:00:00,524.0,903.99,897.99,723.99,883.99,786.792
03-05 16:00:00,696.99,878.99,876.99,816.99,863.99,826.79
03-05 17:00:00,658.99,778.99,776.99,626.99,782.99,724.99
03-05 18:00:00,396.0,617.99,612.99,518.99,624.99,554.192
03-05 19:00:00,353.0,404.99,391.99,141.0,399.99,338.194
03-05 20:00:00,109.0,165.0,156.0,91.0,160.0,136.2
03-05 21:00:00,0.0,0.0,0.0,0.0,0.0,0.0
03-05 22:00:00,0.0,0.0,0.0,0.0,0.0,0.0
03-05 23:00:00,0.0,0.0,0.0,0.0,0.0,0.0
04-05 00:00:00,0.0,0.0,0.0,0.0,0.0,0.0
04-05 01:00:00,0.0,0.0,0.0,0.0,0.0,0.0
04-05 02:00:00,0.0,0.0,0.0,0.0,0.0,0.0
04-05 03:00:00,0.0,0.0,0.0,0.0,0.0,0.0
04-05 04:00:00,0.0,0.0,0.0,0.0,0.0,0.0
04-05 05:00:00,0.0,0.0,0.0,0.0,0.0,0.0
04-05 06:00:00,0.0,0.0,0.0,0.0,0.0,0.0
04-05 07:00:00,0.0,0.0,0.0,0.0,0.0,0.0
04-05 08:00:00,0.0,0.0,0.0,0.0,0.0,0.0
04-05 09:00:00,0.0,0.0,0.0,0.0,0.0,0.0
04-05 10:00:00,23.0,87.0,84.0,82.0,83.0,71.8
04-05 11:00:00,108.0,318.99,313.99,296.0,314.99,270.394
04-05 12:00:00,59.0,511.99,545.99,518.99,534.99,434.192
04-05 13:00:00,265.0,724.99,714.99,690.99,716.99,622.592
04-05 14:00:00,522.0,822.99,843.99,802.99,841.99,766.792
04-05 15:00:00,814.99,866.99,893.99,578.0,886.99,808.192
04-05 16:00:00,528.0,855.99,877.99,713.99,842.99,763.792
04-05 17:00:00,441.0,770.99,781.99,493.0,729.99,643.394
04-05 18:00:00,529.99,610.99,616.99,124.0,601.99,496.79200000000003
04-05 19:00:00,387.99,399.99,393.99,54.0,391.99,325.592
04-05 20:00:00,84.0,166.0,158.0,14.0,114.0,107.2
04-05 21:00:00,0.0,0.0,0.0,0.0,0.0,0.0
04-05 22:00:00,0.0,0.0,0.0,0.0,0.0,0.0
04-05 23:00:00,0.0,0.0,0.0,0.0,0.0,0.0
05-05 00:00:00,0.0,0.0,0.0,0.0,0.0,0.0
05-05 01:00:00,0.0,0.0,0.0,0.0,0.0,0.0
05-05 02:00:00,0.0,0.0,0.0,0.0,0.0,0.0
05-05 03:00:00,0.0,0.0,0.0,0.0,0.0,0.0
05-05 04:00:00,0.0,0.0,0.0,0.0,0.0,0.0
05-05 05:00:00,0.0,0.0,0.0,0.0,0.0,0.0
05-05 06:00:00,0.0,0.0,0.0,0.0,0.0,0.0
05-05 07:00:00,0.0,0.0,0.0,0.0,0.0,0.0
05-05 08:00:00,0.0,0.0,0.0,0.0,0.0,0.0
05-05 09:00:00,0.0,0.0,0.0,0.0,0.0,0.0
05-05 10:00:00,79.0,82.0,79.0,32.0,80.0,70.4
05-05 11:00:00,305.99,311.99,311.99,114.0,309.99,270.79200000000003
05-05 12:00:00,519.99,530.99,548.99,124.0,526.99,450.192
05-05 13:00:00,696.99,715.99,723.99,429.0,704.99,654.192
05-05 14:00:00,809.99,835.99,830.99,762.99,826.99,813.39
05-05 15:00:00,830.99,885.99,805.99,740.99,880.99,828.99
05-05 16:00:00,729.99,854.99,804.99,784.99,859.99,806.99
05-05 17:00:00,728.99,752.99,656.99,711.99,732.99,716.79
05-05 18:00:00,203.0,564.99,606.99,332.0,592.99,459.994
05-05 19:00:00,190.0,382.99,377.99,291.0,384.99,325.394
05-05 20:00:00,87.0,149.0,151.0,108.0,149.0,128.8
05-05 21:00:00,0.0,0.0,0.0,0.0,0.0,0.0
05-05 22:00:00,0.0,0.0,0.0,0.0,0.0,0.0
05-05 23:00:00,0.0,0.0,0.0,0.0,0.0,0.0
06-05 00:00:00,0.0,0.0,0.0,0.0,0.0,0.0
06-05 01:00:00,0.0,0.0,0.0,0.0,0.0,0.0
06-05 02:00:00,0.0,0.0,0.0,0.0,0.0,0.0
06-05 03:00:00,0.0,0.0,0.0,0.0,0.0,0.0
06-05 04:00:00,0.0,0.0,0.0,0.0,0.0,0.0
06-05 05:00:00,0.0,0.0,0.0,0.0,0.0,0.0
06-05 06:00:00,0.0,0.0,0.0,0.0,0.0,0.0
06-05 07:00:00,0.0,0.0,0.0,0.0,0.0,0.0
06-05 08:00:00,0.0,0.0,0.0,0.0,0.0,0.0
06-05 09:00:00,0.0,0.0,0.0,0.0,0.0,0.0
06-05 10:00:00,78.0,77.0,79.0,81.0,81.0,79.2
06-05 11:00:00,297.99,249.0,303.99,307.99,299.99,291.79200000000003
06-05 12:00:00,509.99,306.0,533.99,528.99,524.99,480.79200000000003
06-05 13:00:00,686.99,369.0,705.99,699.99,704.99,633.392
06-05 14:00:00,807.99,757.99,818.99,812.99,823.99,804.39
06-05 15:00:00,860.99,542.0,803.99,856.99,881.99,789.192
06-05 16:00:00,803.99,678.99,818.99,761.99,870.99,786.99
06-05 17:00:00,673.99,320.0,670.99,612.99,761.99,607.992
06-05 18:00:00,482.0,116.0,500.0,497.0,549.99,428.99799999999993
06-05 19:00:00,326.0,227.0,362.99,308.0,316.0,307.998
06-05 20:00:00,97.0,13.0,129.0,122.0,120.0,96.2
06-05 21:00:00,0.0,0.0,0.0,0.0,0.0,0.0
06-05 22:00:00,0.0,0.0,0.0,0.0,0.0,0.0
06-05 23:00:00,0.0,0.0,0.0,0.0,0.0,0.0
07-05 00:00:00,0.0,0.0,0.0,0.0,0.0,0.0
07-05 01:00:00,0.0,0.0,0.0,0.0,0.0,0.0
07-05 02:00:00,0.0,0.0,0.0,0.0,0.0,0.0
07-05 03:00:00,0.0,0.0,0.0,0.0,0.0,0.0
07-05 04:00:00,0.0,0.0,0.0,0.0,0.0,0.0
07-05 05:00:00,0.0,0.0,0.0,0.0,0.0,0.0
07-05 06:00:00,0.0,0.0,0.0,0.0,0.0,0.0
07-05 07:00:00,0.0,0.0,0.0,0.0,0.0,0.0
07-05 08:00:00,0.0,0.0,0.0,0.0,0.0,0.0
07-05 09:00:00,0.0,0.0,0.0,0.0,0.0,0.0
07-05 10:00:00,58.0,29.0,79.0,83.0,66.0,63.0
07-05 11:00:00,288.99,195.0,304.99,296.99,311.99,279.592
07-05 12:00:00,502.99,261.0,536.99,513.99,519.99,466.992
07-05 13:00:00,670.99,315.0,713.99,683.99,702.99,617.392
07-05 14:00:00,797.99,397.0,819.99,794.99,820.99,726.192
07-05 15:00:00,791.99,613.0,877.99,788.99,883.99,791.192
07-05 16:00:00,815.99,430.0,856.99,726.99,857.99,737.592
07-05 17:00:00,732.99,447.0,754.99,627.99,758.99,664.392
07-05 18:00:00,552.99,75.0,582.99,498.99,596.99,461.392
07-05 19:00:00,372.99,33.0,385.99,322.0,320.0,286.796
07-05 20:00:00,149.0,13.0,32.0,13.0,72.0,55.8
07-05 21:00:00,0.0,0.0,0.0,0.0,0.0,0.0
07-05 22:00:00,0.0,0.0,0.0,0.0,0.0,0.0
07-05 23:00:00,0.0,0.0,0.0,0.0,0.0,0.0
08-05 00:00:00,0.0,0.0,0.0,0.0,0.0,0.0
08-05 01:00:00,0.0,0.0,0.0,0.0,0.0,0.0
08-05 02:00:00,0.0,0.0,0.0,0.0,0.0,0.0
08-05 03:00:00,0.0,0.0,0.0,0.0,0.0,0.0
08-05 04:00:00,0.0,0.0,0.0,0.0,0.0,0.0
08-05 05:00:00,0.0,0.0,0.0,0.0,0.0,0.0
08-05 06:00:00,0.0,0.0,0.0,0.0,0.0,0.0
08-05 07:00:00,0.0,0.0,0.0,0.0,0.0,0.0
08-05 08:00:00,0.0,0.0,0.0,0.0,0.0,0.0
08-05 09:00:00,0.0,0.0,0.0,0.0,0.0,0.0
08-05 10:00:00,80.0,29.0,75.0,30.0,79.0,58.6
08-05 11:00:00,298.99,203.0,296.99,113.0,304.99,243.394
08-05 12:00:00,515.99,315.0,512.99,297.0,523.99,432.994
08-05 13:00:00,687.99,390.0,685.99,373.0,699.99,567.394
08-05 14:00:00,804.99,569.0,797.99,643.99,813.99,725.992
08-05 15:00:00,843.99,643.0,777.99,695.99,875.99,767.392
08-05 16:00:00,814.99,714.99,837.99,214.0,854.99,687.392
08-05 17:00:00,719.99,597.0,741.99,716.99,755.99,706.392
08-05 18:00:00,579.99,438.0,551.99,391.0,593.99,510.994
08-05 19:00:00,358.99,319.0,357.99,124.0,381.99,308.394
08-05 20:00:00,138.0,95.0,127.0,73.0,144.0,115.4
08-05 21:00:00,0.0,0.0,0.0,0.0,0.0,0.0
08-05 22:00:00,0.0,0.0,0.0,0.0,0.0,0.0
08-05 23:00:00,0.0,0.0,0.0,0.0,0.0,0.0
09-05 00:00:00,0.0,0.0,0.0,0.0,0.0,0.0
09-05 01:00:00,0.0,0.0,0.0,0.0,0.0,0.0
09-05 02:00:00,0.0,0.0,0.0,0.0,0.0,0.0
09-05 03:00:00,0.0,0.0,0.0,0.0,0.0,0.0
09-05 04:00:00,0.0,0.0,0.0,0.0,0.0,0.0
09-05 05:00:00,0.0,0.0,0.0,0.0,0.0,0.0
09-05 06:00:00,0.0,0.0,0.0,0.0,0.0,0.0
09-05 07:00:00,0.0,0.0,0.0,0.0,0.0,0.0
09-05 08:00:00,0.0,0.0,0.0,0.0,0.0,0.0
09-05 09:00:00,0.0,0.0,0.0,0.0,0.0,0.0
09-05 10:00:00,14.0,54.0,75.0,71.0,59.0,54.6
09-05 11:00:00,111.0,272.0,298.99,299.99,269.0,250.196
09-05 12:00:00,488.99,504.99,522.99,511.99,505.99,506.98999999999995
09-05 13:00:00,681.99,689.99,695.99,685.99,640.99,678.99
09-05 14:00:00,797.99,819.99,812.99,802.99,684.99,783.79
09-05 15:00:00,836.99,873.99,860.99,831.99,861.99,853.1899999999999
09-05 16:00:00,797.99,847.99,839.99,802.99,743.99,806.5899999999999
09-05 17:00:00,519.0,749.99,738.99,720.99,599.0,665.594
09-05 18:00:00,564.99,587.99,576.99,490.99,388.0,521.792
09-05 19:00:00,239.0,376.99,363.99,350.99,217.0,309.594
09-05 20:00:00,13.0,148.0,133.0,150.0,30.0,94.8
09-05 21:00:00,0.0,0.0,0.0,0.0,0.0,0.0
09-05 22:00:00,0.0,0.0,0.0,0.0,0.0,0.0
09-05 23:00:00,0.0,0.0,0.0,0.0,0.0,0.0
10-05 00:00:00,0.0,0.0,0.0,0.0,0.0,0.0
10-05 01:00:00,0.0,0.0,0.0,0.0,0.0,0.0
10-05 02:00:00,0.0,0.0,0.0,0.0,0.0,0.0
10-05 03:00:00,0.0,0.0,0.0,0.0,0.0,0.0
10-05 04:00:00,0.0,0.0,0.0,0.0,0.0,0.0
10-05 05:00:00,0.0,0.0,0.0,0.0,0.0,0.0
10-05 06:00:00,0.0,0.0,0.0,0.0,0.0,0.0
10-05 07:00:00,0.0,0.0,0.0,0.0,0.0,0.0
10-05 08:00:00,0.0,0.0,0.0,0.0,0.0,0.0
10-05 09:00:00,0.0,0.0,0.0,0.0,0.0,0.0
10-05 10:00:00,74.0,75.0,76.0,74.0,75.0,74.8
10-05 11:00:00,298.99,308.99,301.99,236.0,277.0,284.594
10-05 12:00:00,510.99,530.99,518.99,515.99,517.99,518.99
10-05 13:00:00,681.99,706.99,701.99,514.0,692.99,659.592
10-05 14:00:00,780.99,825.99,815.99,739.99,809.99,794.5899999999999
10-05 15:00:00,817.99,878.99,868.99,774.99,857.99,839.79
10-05 16:00:00,751.99,852.99,847.99,786.99,841.99,816.39
10-05 17:00:00,578.0,753.99,749.99,656.99,739.99,695.792
10-05 18:00:00,554.99,588.99,581.99,561.99,580.99,573.79
10-05 19:00:00,73.0,372.99,366.99,371.99,359.99,308.992
10-05 20:00:00,13.0,138.0,133.0,125.0,145.0,110.8
10-05 21:00:00,0.0,0.0,0.0,0.0,0.0,0.0
10-05 22:00:00,0.0,0.0,0.0,0.0,0.0,0.0
10-05 23:00:00,0.0,0.0,0.0,0.0,0.0,0.0
11-05 00:00:00,0.0,0.0,0.0,0.0,0.0,0.0
11-05 01:00:00,0.0,0.0,0.0,0.0,0.0,0.0
11-05 02:00:00,0.0,0.0,0.0,0.0,0.0,0.0
11-05 03:00:00,0.0,0.0,0.0,0.0,0.0,0.0
11-05 04:00:00,0.0,0.0,0.0,0.0,0.0,0.0
11-05 05:00:00,0.0,0.0,0.0,0.0,0.0,0.0
11-05 06:00:00,0.0,0.0,0.0,0.0,0.0,0.0
11-05 07:00:00,0.0,0.0,0.0,0.0,0.0,0.0
11-05 08:00:00,0.0,0.0,0.0,0.0,0.0,0.0
11-05 09:00:00,0.0,0.0,0.0,0.0,0.0,0.0
11-05 10:00:00,70.0,74.0,75.0,73.0,69.0,72.2
11-05 11:00:00,291.99,305.99,297.99,304.99,299.99,300.19
11-05 12:00:00,489.99,518.99,520.99,448.99,501.99,496.18999999999994
11-05 13:00:00,569.99,697.99,697.99,647.99,677.99,658.39
11-05 14:00:00,777.99,816.99,814.99,753.99,787.99,790.39
11-05 15:00:00,723.99,864.99,862.99,789.99,830.99,814.5899999999999
11-05 16:00:00,794.99,820.99,841.99,531.0,814.99,760.792
11-05 17:00:00,471.0,597.99,744.99,567.0,674.99,611.1940000000001
11-05 18:00:00,328.0,522.99,580.99,465.0,547.99,488.994
11-05 19:00:00,306.0,341.99,367.99,87.0,290.0,278.596
11-05 20:00:00,117.0,137.0,136.0,88.0,13.0,98.2
11-05 21:00:00,0.0,0.0,0.0,0.0,0.0,0.0
11-05 22:00:00,0.0,0.0,0.0,0.0,0.0,0.0
11-05 23:00:00,0.0,0.0,0.0,0.0,0.0,0.0
12-05 00:00:00,0.0,0.0,0.0,0.0,0.0,0.0
12-05 01:00:00,0.0,0.0,0.0,0.0,0.0,0.0
12-05 02:00:00,0.0,0.0,0.0,0.0,0.0,0.0
12-05 03:00:00,0.0,0.0,0.0,0.0,0.0,0.0
12-05 04:00:00,0.0,0.0,0.0,0.0,0.0,0.0
12-05 05:00:00,0.0,0.0,0.0,0.0,0.0,0.0
12-05 06:00:00,0.0,0.0,0.0,0.0,0.0,0.0
12-05 07:00:00,0.0,0.0,0.0,0.0,0.0,0.0
12-05 08:00:00,0.0,0.0,0.0,0.0,0.0,0.0
12-05 09:00:00,0.0,0.0,0.0,0.0,0.0,0.0
12-05 10:00:00,59.0,71.0,49.0,62.0,67.0,61.6
12-05 11:00:00,287.99,308.99,298.99,223.0,295.99,282.992
12-05 12:00:00,499.99,527.99,523.99,461.99,502.99,503.39
12-05 13:00:00,670.99,702.99,704.99,463.0,674.99,643.392
12-05 14:00:00,789.99,821.99,788.99,770.99,780.99,790.5899999999999
12-05 15:00:00,841.99,802.99,786.99,747.99,827.99,801.5899999999999
12-05 16:00:00,825.99,839.99,697.99,699.99,811.99,775.1899999999999
12-05 17:00:00,716.99,721.99,612.99,425.0,652.99,625.992
12-05 18:00:00,557.99,568.99,488.99,393.0,438.0,489.39400000000006
12-05 19:00:00,330.99,353.99,366.99,215.0,236.0,300.594
12-05 20:00:00,132.0,141.0,107.0,113.0,129.0,124.4
12-05 21:00:00,0.0,0.0,0.0,0.0,0.0,0.0
12-05 22:00:00,0.0,0.0,0.0,0.0,0.0,0.0
12-05 23:00:00,0.0,0.0,0.0,0.0,0.0,0.0
13-05 00:00:00,0.0,0.0,0.0,0.0,0.0,0.0
13-05 01:00:00,0.0,0.0,0.0,0.0,0.0,0.0
13-05 02:00:00,0.0,0.0,0.0,0.0,0.0,0.0
13-05 03:00:00,0.0,0.0,0.0,0.0,0.0,0.0
13-05 04:00:00,0.0,0.0,0.0,0.0,0.0,0.0
13-05 05:00:00,0.0,0.0,0.0,0.0,0.0,0.0
13-05 06:00:00,0.0,0.0,0.0,0.0,0.0,0.0
13-05 07:00:00,0.0,0.0,0.0,0.0,0.0,0.0
13-05 08:00:00,0.0,0.0,0.0,0.0,0.0,0.0
13-05 09:00:00,0.0,0.0,0.0,0.0,0.0,0.0
13-05 10:00:00,66.0,67.0,72.0,66.0,70.0,68.2
13-05 11:00:00,291.99,230.0,294.99,260.0,292.99,273.994
13-05 12:00:00,503.99,426.0,505.99,497.99,517.99,490.392
13-05 13:00:00,668.99,670.99,689.99,669.99,693.99,678.79
13-05 14:00:00,795.99,747.99,806.99,783.99,801.99,787.39
13-05 15:00:00,852.99,801.99,859.99,765.99,867.99,829.79
13-05 16:00:00,835.99,772.99,833.99,717.99,851.99,802.5899999999999
13-05 17:00:00,721.99,693.99,736.99,404.0,731.99,657.792
13-05 18:00:00,573.99,530.99,566.99,534.99,582.99,557.99
13-05 19:00:00,345.99,296.0,353.99,268.0,344.99,321.794
13-05 20:00:00,129.0,144.0,131.0,12.0,133.0,109.8
13-05 21:00:00,0.0,0.0,0.0,0.0,0.0,0.0
13-05 22:00:00,0.0,0.0,0.0,0.0,0.0,0.0
13-05 23:00:00,0.0,0.0,0.0,0.0,0.0,0.0
14-05 00:00:00,0.0,0.0,0.0,0.0,0.0,0.0
14-05 01:00:00,0.0,0.0,0.0,0.0,0.0,0.0
14-05 02:00:00,0.0,0.0,0.0,0.0,0.0,0.0
14-05 03:00:00,0.0,0.0,0.0,0.0,0.0,0.0
14-05 04:00:00,0.0,0.0,0.0,0.0,0.0,0.0
14-05 05:00:00,0.0,0.0,0.0,0.0,0.0,0.0
14-05 06:00:00,0.0,0.0,0.0,0.0,0.0,0.0
14-05 07:00:00,0.0,0.0,0.0,0.0,0.0,0.0
14-05 08:00:00,0.0,0.0,0.0,0.0,0.0,0.0
14-05 09:00:00,0.0,0.0,0.0,0.0,0.0,0.0
14-05 10:00:00,68.0,9.0,71.0,6.0,73.0,45.4
14-05 11:00:00,289.99,274.99,292.99,67.0,297.99,244.592
14-05 12:00:00,501.99,232.0,507.99,385.0,514.99,428.39400000000006
14-05 13:00:00,670.99,563.99,685.99,323.0,690.99,586.992
14-05 14:00:00,781.99,648.99,797.99,731.99,811.99,754.5899999999999
14-05 15:00:00,732.99,729.99,826.99,818.99,869.99,795.79
14-05 16:00:00,710.99,396.0,815.99,743.99,847.99,702.992
14-05 17:00:00,626.99,258.0,716.99,652.99,744.99,599.992
14-05 18:00:00,489.99,85.0,566.99,489.99,583.99,443.192
14-05 19:00:00,237.0,32.0,350.99,256.0,372.99,249.796
14-05 20:00:00,141.0,14.0,118.0,14.0,132.0,83.8
14-05 21:00:00,0.0,0.0,0.0,0.0,0.0,0.0
14-05 22:00:00,0.0,0.0,0.0,0.0,0.0,0.0
14-05 23:00:00,0.0,0.0,0.0,0.0,0.0,0.0
15-05 00:00:00,0.0,0.0,0.0,0.0,0.0,0.0
15-05 01:00:00,0.0,0.0,0.0,0.0,0.0,0.0
15-05 02:00:00,0.0,0.0,0.0,0.0,0.0,0.0
15-05 03:00:00,0.0,0.0,0.0,0.0,0.0,0.0
15-05 04:00:00,0.0,0.0,0.0,0.0,0.0,0.0
15-05 05:00:00,0.0,0.0,0.0,0.0,0.0,0.0
15-05 06:00:00,0.0,0.0,0.0,0.0,0.0,0.0
15-05 07:00:00,0.0,0.0,0.0,0.0,0.0,0.0
15-05 08:00:00,0.0,0.0,0.0,0.0,0.0,0.0
15-05 09:00:00,0.0,0.0,0.0,0.0,0.0,0.0
15-05 10:00:00,26.0,19.0,69.0,37.0,71.0,44.4
15-05 11:00:00,109.0,282.99,289.99,282.99,295.99,252.192
15-05 12:00:00,264.0,489.99,500.99,494.99,509.99,451.992
15-05 13:00:00,337.0,581.99,675.99,662.99,687.99,589.192
15-05 14:00:00,658.99,566.0,790.99,670.99,804.99,698.392
15-05 15:00:00,814.99,579.0,810.99,578.0,862.99,729.1940000000001
15-05 16:00:00,789.99,557.0,785.99,638.99,840.99,722.592
15-05 17:00:00,704.99,179.0,638.99,589.99,742.99,571.192
15-05 18:00:00,543.99,264.0,528.99,458.0,574.99,473.994
15-05 19:00:00,335.99,249.0,350.99,47.0,365.99,269.794
15-05 20:00:00,93.0,72.0,59.0,99.0,118.0,88.2
15-05 21:00:00,0.0,0.0,0.0,0.0,0.0,0.0
15-05 22:00:00,0.0,0.0,0.0,0.0,0.0,0.0
15-05 23:00:00,0.0,0.0,0.0,0.0,0.0,0.0
16-05 00:00:00,0.0,0.0,0.0,0.0,0.0,0.0
16-05 01:00:00,0.0,0.0,0.0,0.0,0.0,0.0
16-05 02:00:00,0.0,0.0,0.0,0.0,0.0,0.0
16-05 03:00:00,0.0,0.0,0.0,0.0,0.0,0.0
16-05 04:00:00,0.0,0.0,0.0,0.0,0.0,0.0
16-05 05:00:00,0.0,0.0,0.0,0.0,0.0,0.0
16-05 06:00:00,0.0,0.0,0.0,0.0,0.0,0.0
16-05 07:00:00,0.0,0.0,0.0,0.0,0.0,0.0
16-05 08:00:00,0.0,0.0,0.0,0.0,0.0,0.0
16-05 09:00:00,0.0,0.0,0.0,0.0,0.0,0.0
16-05 10:00:00,6.0,55.0,59.0,59.0,69.0,49.6
16-05 11:00:00,50.0,266.99,251.0,180.0,289.99,207.596
16-05 12:00:00,351.0,332.0,431.99,306.0,511.99,386.596
16-05 13:00:00,428.0,633.99,649.99,477.0,686.99,575.1940000000001
16-05 14:00:00,254.0,557.0,782.99,707.99,803.99,621.1940000000001
16-05 15:00:00,154.0,653.99,842.99,720.99,861.99,646.792
16-05 16:00:00,681.99,633.99,770.99,632.99,839.99,711.99
16-05 17:00:00,226.0,527.0,568.0,471.0,741.99,506.79799999999994
16-05 18:00:00,155.0,497.99,528.99,491.99,576.99,450.192
16-05 19:00:00,86.0,286.0,197.0,321.99,362.99,250.796
16-05 20:00:00,83.0,125.0,113.0,93.0,121.0,107.0
16-05 21:00:00,0.0,0.0,0.0,0.0,0.0,0.0
16-05 22:00:00,0.0,0.0,0.0,0.0,0.0,0.0
16-05 23:00:00,0.0,0.0,0.0,0.0,0.0,0.0
17-05 00:00:00,0.0,0.0,0.0,0.0,0.0,0.0
17-05 01:00:00,0.0,0.0,0.0,0.0,0.0,0.0
17-05 02:00:00,0.0,0.0,0.0,0.0,0.0,0.0
17-05 03:00:00,0.0,0.0,0.0,0.0,0.0,0.0
17-05 04:00:00,0.0,0.0,0.0,0.0,0.0,0.0
17-05 05:00:00,0.0,0.0,0.0,0.0,0.0,0.0
17-05 06:00:00,0.0,0.0,0.0,0.0,0.0,0.0
17-05 07:00:00,0.0,0.0,0.0,0.0,0.0,0.0
17-05 08:00:00,0.0,0.0,0.0,0.0,0.0,0.0
17-05 09:00:00,0.0,0.0,0.0,0.0,0.0,0.0
17-05 10:00:00,53.0,64.0,67.0,19.0,67.0,54.0
17-05 11:00:00,108.0,294.99,263.0,83.0,291.99,208.196
17-05 12:00:00,340.0,506.99,473.99,128.0,506.99,391.194
17-05 13:00:00,568.99,670.99,594.99,176.0,680.99,538.392
17-05 14:00:00,771.99,695.99,594.0,377.0,801.99,648.1940000000001
17-05 15:00:00,826.99,819.99,595.0,644.0,853.99,747.994
17-05 16:00:00,801.99,626.0,673.99,798.99,832.99,746.792
17-05 17:00:00,695.99,474.0,686.99,712.99,730.99,660.192
17-05 18:00:00,527.99,550.99,397.0,472.99,571.99,504.192
17-05 19:00:00,365.99,350.99,285.0,224.0,356.99,316.594
17-05 20:00:00,12.0,131.0,27.0,86.0,117.0,74.6
17-05 21:00:00,0.0,0.0,0.0,0.0,0.0,0.0
17-05 22:00:00,0.0,0.0,0.0,0.0,0.0,0.0
17-05 23:00:00,0.0,0.0,0.0,0.0,0.0,0.0
18-05 00:00:00,0.0,0.0,0.0,0.0,0.0,0.0
18-05 01:00:00,0.0,0.0,0.0,0.0,0.0,0.0
18-05 02:00:00,0.0,0.0,0.0,0.0,0.0,0.0
18-05 03:00:00,0.0,0.0,0.0,0.0,0.0,0.0
18-05 04:00:00,0.0,0.0,0.0,0.0,0.0,0.0
18-05 05:00:00,0.0,0.0,0.0,0.0,0.0,0.0
18-05 06:00:00,0.0,0.0,0.0,0.0,0.0,0.0
18-05 07:00:00,0.0,0.0,0.0,0.0,0.0,0.0
18-05 08:00:00,0.0,0.0,0.0,0.0,0.0,0.0
18-05 09:00:00,0.0,0.0,0.0,0.0,0.0,0.0
18-05 10:00:00,61.0,61.0,38.0,41.0,67.0,53.6
18-05 11:00:00,284.99,283.99,223.0,263.0,288.99,268.794
18-05 12:00:00,496.99,499.99,304.0,453.99,503.99,451.79200000000003
18-05 13:00:00,672.99,636.99,552.99,638.99,673.99,635.1899999999999
18-05 14:00:00,771.99,783.99,639.99,759.99,793.99,749.99
18-05 15:00:00,778.99,835.99,660.99,817.99,849.99,788.79
18-05 16:00:00,775.99,796.99,779.99,797.99,828.99,795.99
18-05 17:00:00,683.99,690.99,569.0,678.99,731.99,670.992
18-05 18:00:00,542.99,548.99,558.99,511.99,571.99,546.99
18-05 19:00:00,351.99,357.99,291.0,334.99,352.99,337.79200000000003
18-05 20:00:00,129.0,122.0,58.0,127.0,112.0,109.6
18-05 21:00:00,0.0,0.0,0.0,0.0,0.0,0.0
18-05 22:00:00,0.0,0.0,0.0,0.0,0.0,0.0
18-05 23:00:00,0.0,0.0,0.0,0.0,0.0,0.0
19-05 00:00:00,0.0,0.0,0.0,0.0,0.0,0.0
19-05 01:00:00,0.0,0.0,0.0,0.0,0.0,0.0
19-05 02:00:00,0.0,0.0,0.0,0.0,0.0,0.0
19-05 03:00:00,0.0,0.0,0.0,0.0,0.0,0.0
19-05 04:00:00,0.0,0.0,0.0,0.0,0.0,0.0
19-05 05:00:00,0.0,0.0,0.0,0.0,0.0,0.0
19-05 06:00:00,0.0,0.0,0.0,0.0,0.0,0.0
19-05 07:00:00,0.0,0.0,0.0,0.0,0.0,0.0
19-05 08:00:00,0.0,0.0,0.0,0.0,0.0,0.0
19-05 09:00:00,0.0,0.0,0.0,0.0,0.0,0.0
19-05 10:00:00,57.0,68.0,70.0,69.0,65.0,65.8
19-05 11:00:00,262.0,282.99,266.99,298.99,291.99,280.592
19-05 12:00:00,510.99,490.99,502.99,509.99,505.99,504.18999999999994
19-05 13:00:00,679.99,665.99,683.99,679.99,683.99,678.79
19-05 14:00:00,800.99,780.99,796.99,804.99,800.99,796.99
19-05 15:00:00,857.99,775.99,844.99,857.99,857.99,838.99
19-05 16:00:00,831.99,697.99,823.99,845.99,836.99,807.39
19-05 17:00:00,718.99,607.99,722.99,750.99,742.99,708.79
19-05 18:00:00,569.99,283.0,555.99,512.99,580.99,500.592
19-05 19:00:00,351.99,49.0,349.99,283.0,366.99,280.194
19-05 20:00:00,140.0,12.0,116.0,98.0,132.0,99.6
19-05 21:00:00,0.0,0.0,0.0,0.0,0.0,0.0
19-05 22:00:00,0.0,0.0,0.0,0.0,0.0,0.0
19-05 23:00:00,0.0,0.0,0.0,0.0,0.0,0.0
20-05 00:00:00,0.0,0.0,0.0,0.0,0.0,0.0
20-05 01:00:00,0.0,0.0,0.0,0.0,0.0,0.0
20-05 02:00:00,0.0,0.0,0.0,0.0,0.0,0.0
20-05 03:00:00,0.0,0.0,0.0,0.0,0.0,0.0
20-05 04:00:00,0.0,0.0,0.0,0.0,0.0,0.0
20-05 05:00:00,0.0,0.0,0.0,0.0,0.0,0.0
20-05 06:00:00,0.0,0.0,0.0,0.0,0.0,0.0
20-05 07:00:00,0.0,0.0,0.0,0.0,0.0,0.0
20-05 08:00:00,0.0,0.0,0.0,0.0,0.0,0.0
20-05 09:00:00,0.0,0.0,0.0,0.0,0.0,0.0
20-05 10:00:00,54.72,6.0,41.82,52.64,55.49,42.134
20-05 11:00:00,286.99,201.0,280.99,279.99,285.99,266.992
20-05 12:00:00,498.99,335.0,491.99,481.99,503.99,462.392
20-05 13:00:00,672.99,396.0,669.99,570.99,674.99,596.992
20-05 14:00:00,792.99,480.0,785.99,775.99,794.99,725.992
20-05 15:00:00,848.99,748.99,784.99,848.99,855.99,817.5899999999999
20-05 16:00:00,767.99,685.99,780.99,823.99,830.99,777.99
20-05 17:00:00,632.99,518.0,682.99,700.99,732.99,653.592
20-05 18:00:00,560.99,370.0,546.99,575.99,572.99,525.392
20-05 19:00:00,345.99,91.0,335.99,355.99,363.99,298.592
20-05 20:00:00,126.0,46.0,104.0,120.0,131.0,105.4
20-05 21:00:00,0.0,0.0,0.0,0.0,0.0,0.0
20-05 22:00:00,0.0,0.0,0.0,0.0,0.0,0.0
20-05 23:00:00,0.0,0.0,0.0,0.0,0.0,0.0
21-05 00:00:00,0.0,0.0,0.0,0.0,0.0,0.0
21-05 01:00:00,0.0,0.0,0.0,0.0,0.0,0.0
21-05 02:00:00,0.0,0.0,0.0,0.0,0.0,0.0
21-05 03:00:00,0.0,0.0,0.0,0.0,0.0,0.0
21-05 04:00:00,0.0,0.0,0.0,0.0,0.0,0.0
21-05 05:00:00,0.0,0.0,0.0,0.0,0.0,0.0
21-05 06:00:00,0.0,0.0,0.0,0.0,0.0,0.0
21-05 07:00:00,0.0,0.0,0.0,0.0,0.0,0.0
21-05 08:00:00,0.0,0.0,0.0,0.0,0.0,0.0
21-05 09:00:00,0.0,0.0,0.0,0.0,0.0,0.0
21-05 10:00:00,50.09,50.77,51.6,62.32,58.8,54.715999999999994
21-05 11:00:00,279.99,275.99,279.99,282.99,281.99,280.19
21-05 12:00:00,488.99,486.99,496.99,493.99,470.99,487.59
21-05 13:00:00,659.99,654.99,669.99,674.99,612.99,654.5899999999999
21-05 14:00:00,774.99,767.99,780.99,795.99,788.99,781.79
21-05 15:00:00,752.99,819.99,836.99,857.99,840.99,821.79
21-05 16:00:00,692.99,794.99,798.99,844.99,819.99,790.39
21-05 17:00:00,548.0,696.99,680.99,753.99,723.99,680.792
21-05 18:00:00,455.99,542.99,530.99,583.99,561.99,535.1899999999999
21-05 19:00:00,308.0,343.99,350.99,374.99,351.99,345.992
21-05 20:00:00,114.0,126.0,126.0,126.0,98.0,118.0
21-05 21:00:00,0.0,0.0,0.0,0.0,0.0,0.0
21-05 22:00:00,0.0,0.0,0.0,0.0,0.0,0.0
21-05 23:00:00,0.0,0.0,0.0,0.0,0.0,0.0
22-05 00:00:00,0.0,0.0,0.0,0.0,0.0,0.0
22-05 01:00:00,0.0,0.0,0.0,0.0,0.0,0.0
22-05 02:00:00,0.0,0.0,0.0,0.0,0.0,0.0
22-05 03:00:00,0.0,0.0,0.0,0.0,0.0,0.0
22-05 04:00:00,0.0,0.0,0.0,0.0,0.0,0.0
22-05 05:00:00,0.0,0.0,0.0,0.0,0.0,0.0
22-05 06:00:00,0.0,0.0,0.0,0.0,0.0,0.0
22-05 07:00:00,0.0,0.0,0.0,0.0,0.0,0.0
22-05 08:00:00,0.0,0.0,0.0,0.0,0.0,0.0
22-05 09:00:00,0.0,0.0,0.0,0.0,0.0,0.0
22-05 10:00:00,48.43,46.36,53.0,52.25,44.45,48.898
22-05 11:00:00,275.99,274.99,270.99,287.99,255.0,272.992
22-05 12:00:00,489.99,478.99,477.99,502.99,492.99,488.59
22-05 13:00:00,661.99,647.99,637.99,677.99,660.99,657.39
22-05 14:00:00,771.99,764.99,806.99,802.99,769.99,783.39
22-05 15:00:00,719.99,789.99,773.99,855.99,816.99,791.39
22-05 16:00:00,739.99,750.99,787.99,838.99,754.99,774.5899999999999
22-05 17:00:00,637.99,610.99,509.0,748.99,661.99,633.792
22-05 18:00:00,533.99,442.0,142.0,578.99,435.0,426.396
22-05 19:00:00,338.99,267.0,196.0,368.99,252.0,284.596
22-05 20:00:00,119.0,108.0,26.0,132.0,89.0,94.8
22-05 21:00:00,0.0,0.0,0.0,0.0,0.0,0.0
22-05 22:00:00,0.0,0.0,0.0,0.0,0.0,0.0
22-05 23:00:00,0.0,0.0,0.0,0.0,0.0,0.0
23-05 00:00:00,0.0,0.0,0.0,0.0,0.0,0.0
23-05 01:00:00,0.0,0.0,0.0,0.0,0.0,0.0
23-05 02:00:00,0.0,0.0,0.0,0.0,0.0,0.0
23-05 03:00:00,0.0,0.0,0.0,0.0,0.0,0.0
23-05 04:00:00,0.0,0.0,0.0,0.0,0.0,0.0
23-05 05:00:00,0.0,0.0,0.0,0.0,0.0,0.0
23-05 06:00:00,0.0,0.0,0.0,0.0,0.0,0.0
23-05 07:00:00,0.0,0.0,0.0,0.0,0.0,0.0
23-05 08:00:00,0.0,0.0,0.0,0.0,0.0,0.0
23-05 09:00:00,0.0,0.0,0.0,0.0,0.0,0.0
23-05 10:00:00,50.58,9.0,49.0,52.1,49.85,42.106
23-05 11:00:00,273.99,217.0,186.0,279.99,272.99,245.994
23-05 12:00:00,487.99,317.0,301.0,494.99,485.99,417.39400000000006
23-05 13:00:00,658.99,442.0,546.99,666.99,648.99,592.792
23-05 14:00:00,752.99,617.99,602.99,786.99,757.99,703.79
23-05 15:00:00,793.99,432.0,668.99,829.99,803.99,705.792
23-05 16:00:00,800.99,604.0,743.99,758.99,779.99,737.592
23-05 17:00:00,709.99,306.0,498.0,690.99,718.99,584.7940000000001
23-05 18:00:00,550.99,320.0,165.0,554.99,519.99,422.1940000000001
23-05 19:00:00,328.99,128.0,91.0,350.99,329.99,245.794
23-05 20:00:00,116.0,11.0,11.0,117.0,90.0,69.0
23-05 21:00:00,0.0,0.0,0.0,0.0,0.0,0.0
23-05 22:00:00,0.0,0.0,0.0,0.0,0.0,0.0
23-05 23:00:00,0.0,0.0,0.0,0.0,0.0,0.0
24-05 00:00:00,0.0,0.0,0.0,0.0,0.0,0.0
24-05 01:00:00,0.0,0.0,0.0,0.0,0.0,0.0
24-05 02:00:00,0.0,0.0,0.0,0.0,0.0,0.0
24-05 03:00:00,0.0,0.0,0.0,0.0,0.0,0.0
24-05 04:00:00,0.0,0.0,0.0,0.0,0.0,0.0
24-05 05:00:00,0.0,0.0,0.0,0.0,0.0,0.0
24-05 06:00:00,0.0,0.0,0.0,0.0,0.0,0.0
24-05 07:00:00,0.0,0.0,0.0,0.0,0.0,0.0
24-05 08:00:00,0.0,0.0,0.0,0.0,0.0,0.0
24-05 09:00:00,0.0,0.0,0.0,0.0,0.0,0.0
24-05 10:00:00,51.23,32.83,16.0,47.44,50.46,39.592
24-05 11:00:00,234.0,27.0,68.0,273.99,271.99,174.996
24-05 12:00:00,464.99,63.0,167.0,481.99,485.99,332.594
24-05 13:00:00,629.99,168.0,306.0,651.99,652.99,481.79400000000004
24-05 14:00:00,0.0,364.0,635.99,769.99,774.99,508.994
24-05 15:00:00,769.99,379.0,781.99,799.99,826.99,711.592
24-05 16:00:00,362.0,383.0,783.99,610.0,788.99,585.5959999999999
24-05 17:00:00,647.99,176.0,690.99,577.99,662.99,551.192
24-05 18:00:00,518.99,128.0,533.99,475.99,478.99,427.192
24-05 19:00:00,250.0,52.0,340.99,315.99,347.99,261.394
24-05 20:00:00,120.0,11.0,118.0,107.0,124.0,96.0
24-05 21:00:00,0.0,0.0,0.0,0.0,0.0,0.0
24-05 22:00:00,0.0,0.0,0.0,0.0,0.0,0.0
24-05 23:00:00,0.0,0.0,0.0,0.0,0.0,0.0
25-05 00:00:00,0.0,0.0,0.0,0.0,0.0,0.0
25-05 01:00:00,0.0,0.0,0.0,0.0,0.0,0.0
25-05 02:00:00,0.0,0.0,0.0,0.0,0.0,0.0
25-05 03:00:00,0.0,0.0,0.0,0.0,0.0,0.0
25-05 04:00:00,0.0,0.0,0.0,0.0,0.0,0.0
25-05 05:00:00,0.0,0.0,0.0,0.0,0.0,0.0
25-05 06:00:00,0.0,0.0,0.0,0.0,0.0,0.0
25-05 07:00:00,0.0,0.0,0.0,0.0,0.0,0.0
25-05 08:00:00,0.0,0.0,0.0,0.0,0.0,0.0
25-05 09:00:00,0.0,0.0,0.0,0.0,0.0,0.0
25-05 10:00:00,8.0,16.0,47.3,51.25,47.35,33.980000000000004
25-05 11:00:00,52.0,118.0,260.99,272.99,266.99,194.19400000000002
25-05 12:00:00,123.0,118.0,470.99,487.99,475.99,335.194
25-05 13:00:00,348.0,426.0,642.99,652.99,644.99,542.994
25-05 14:00:00,287.0,533.0,755.99,770.99,752.99,619.994
25-05 15:00:00,471.0,781.99,806.99,827.99,817.99,741.192
25-05 16:00:00,768.99,351.0,786.99,806.99,771.99,697.192
25-05 17:00:00,688.99,313.0,678.99,719.99,668.99,613.992
25-05 18:00:00,535.99,475.99,521.99,551.99,520.99,521.39
25-05 19:00:00,323.99,292.0,323.99,349.99,332.99,324.592
25-05 20:00:00,120.0,11.0,107.0,117.0,109.0,92.8
25-05 21:00:00,0.0,0.0,0.0,0.0,0.0,0.0
25-05 22:00:00,0.0,0.0,0.0,0.0,0.0,0.0
25-05 23:00:00,0.0,0.0,0.0,0.0,0.0,0.0
26-05 00:00:00,0.0,0.0,0.0,0.0,0.0,0.0
26-05 01:00:00,0.0,0.0,0.0,0.0,0.0,0.0
26-05 02:00:00,0.0,0.0,0.0,0.0,0.0,0.0
26-05 03:00:00,0.0,0.0,0.0,0.0,0.0,0.0
26-05 04:00:00,0.0,0.0,0.0,0.0,0.0,0.0
26-05 05:00:00,0.0,0.0,0.0,0.0,0.0,0.0
26-05 06:00:00,0.0,0.0,0.0,0.0,0.0,0.0
26-05 07:00:00,0.0,0.0,0.0,0.0,0.0,0.0
26-05 08:00:00,0.0,0.0,0.0,0.0,0.0,0.0
26-05 09:00:00,0.0,0.0,0.0,0.0,0.0,0.0
26-05 10:00:00,42.13,54.84,50.41,47.26,46.51,48.23
26-05 11:00:00,256.99,252.99,270.99,272.99,264.99,263.79
26-05 12:00:00,475.99,486.99,482.99,479.99,476.99,480.59
26-05 13:00:00,641.99,662.99,648.99,660.99,645.99,652.1899999999999
26-05 14:00:00,759.99,778.99,758.99,775.99,763.99,767.5899999999999
26-05 15:00:00,810.99,831.99,809.99,775.99,814.99,808.79
26-05 16:00:00,794.99,802.99,789.99,799.99,790.99,795.79
26-05 17:00:00,689.99,708.99,669.99,693.99,689.99,690.5899999999999
26-05 18:00:00,542.99,555.99,535.99,549.99,499.99,536.99
26-05 19:00:00,327.99,350.99,335.99,338.99,295.0,329.79200000000003
26-05 20:00:00,108.0,129.0,116.0,106.0,98.0,111.4
26-05 21:00:00,0.0,0.0,0.0,0.0,0.0,0.0
26-05 22:00:00,0.0,0.0,0.0,0.0,0.0,0.0
26-05 23:00:00,0.0,0.0,0.0,0.0,0.0,0.0
27-05 00:00:00,0.0,0.0,0.0,0.0,0.0,0.0
27-05 01:00:00,0.0,0.0,0.0,0.0,0.0,0.0
27-05 02:00:00,0.0,0.0,0.0,0.0,0.0,0.0
27-05 03:00:00,0.0,0.0,0.0,0.0,0.0,0.0
27-05 04:00:00,0.0,0.0,0.0,0.0,0.0,0.0
27-05 05:00:00,0.0,0.0,0.0,0.0,0.0,0.0
27-05 06:00:00,0.0,0.0,0.0,0.0,0.0,0.0
27-05 07:00:00,0.0,0.0,0.0,0.0,0.0,0.0
27-05 08:00:00,0.0,0.0,0.0,0.0,0.0,0.0
27-05 09:00:00,0.0,0.0,0.0,0.0,0.0,0.0
27-05 10:00:00,44.1,45.61,44.75,41.94,45.55,44.39
27-05 11:00:00,271.99,283.99,254.99,271.99,264.99,269.59000000000003
27-05 12:00:00,479.99,498.99,467.99,464.99,468.99,476.18999999999994
27-05 13:00:00,646.99,674.99,632.99,626.99,643.99,645.1899999999999
27-05 14:00:00,761.99,792.99,740.99,761.99,727.99,757.1899999999999
27-05 15:00:00,812.99,845.99,773.99,723.99,626.99,756.79
27-05 16:00:00,792.99,816.99,683.99,763.99,730.99,757.79
27-05 17:00:00,691.99,724.99,650.99,434.0,679.99,636.392
27-05 18:00:00,540.99,565.99,522.99,395.0,423.0,489.59400000000005
27-05 19:00:00,280.0,359.99,261.0,326.99,313.99,308.394
27-05 20:00:00,109.0,131.0,11.0,54.0,80.0,77.0
27-05 21:00:00,0.0,0.0,0.0,0.0,0.0,0.0
27-05 22:00:00,0.0,0.0,0.0,0.0,0.0,0.0
27-05 23:00:00,0.0,0.0,0.0,0.0,0.0,0.0
28-05 00:00:00,0.0,0.0,0.0,0.0,0.0,0.0
28-05 01:00:00,0.0,0.0,0.0,0.0,0.0,0.0
28-05 02:00:00,0.0,0.0,0.0,0.0,0.0,0.0
28-05 03:00:00,0.0,0.0,0.0,0.0,0.0,0.0
28-05 04:00:00,0.0,0.0,0.0,0.0,0.0,0.0
28-05 05:00:00,0.0,0.0,0.0,0.0,0.0,0.0
28-05 06:00:00,0.0,0.0,0.0,0.0,0.0,0.0
28-05 07:00:00,0.0,0.0,0.0,0.0,0.0,0.0
28-05 08:00:00,0.0,0.0,0.0,0.0,0.0,0.0
28-05 09:00:00,0.0,0.0,0.0,0.0,0.0,0.0
28-05 10:00:00,41.76,42.62,43.95,43.19,39.65,42.233999999999995
28-05 11:00:00,262.99,272.99,242.0,274.99,258.99,262.392
28-05 12:00:00,469.99,497.99,444.99,461.99,440.99,463.18999999999994
28-05 13:00:00,638.99,673.99,627.99,542.99,624.99,621.79
28-05 14:00:00,751.99,786.99,722.99,726.99,755.99,748.99
28-05 15:00:00,760.99,840.99,711.99,831.99,694.99,768.1899999999999
28-05 16:00:00,721.99,815.99,587.0,768.99,753.99,729.592
28-05 17:00:00,600.99,723.99,580.99,606.99,668.99,636.39
28-05 18:00:00,447.99,561.99,416.0,524.99,528.99,495.992
28-05 19:00:00,315.99,362.99,230.0,161.0,302.99,274.594
28-05 20:00:00,89.0,134.99,47.0,111.0,127.0,101.798
28-05 21:00:00,0.0,0.0,0.0,0.0,0.0,0.0
28-05 22:00:00,0.0,0.0,0.0,0.0,0.0,0.0
28-05 23:00:00,0.0,0.0,0.0,0.0,0.0,0.0
29-05 00:00:00,0.0,0.0,0.0,0.0,0.0,0.0
29-05 01:00:00,0.0,0.0,0.0,0.0,0.0,0.0
29-05 02:00:00,0.0,0.0,0.0,0.0,0.0,0.0
29-05 03:00:00,0.0,0.0,0.0,0.0,0.0,0.0
29-05 04:00:00,0.0,0.0,0.0,0.0,0.0,0.0
29-05 05:00:00,0.0,0.0,0.0,0.0,0.0,0.0
29-05 06:00:00,0.0,0.0,0.0,0.0,0.0,0.0
29-05 07:00:00,0.0,0.0,0.0,0.0,0.0,0.0
29-05 08:00:00,0.0,0.0,0.0,0.0,0.0,0.0
29-05 09:00:00,0.0,0.0,0.0,0.0,0.0,0.0
29-05 10:00:00,38.12,43.93,47.77,42.44,42.28,42.908
29-05 11:00:00,251.99,275.99,140.0,262.99,251.99,236.592
29-05 12:00:00,459.99,490.99,447.99,469.99,464.99,466.78999999999996
29-05 13:00:00,620.99,661.99,348.0,641.99,632.99,581.192
29-05 14:00:00,743.99,778.99,669.99,763.99,748.99,741.1899999999999
29-05 15:00:00,790.99,831.99,616.99,811.99,795.99,769.5899999999999
29-05 16:00:00,767.99,807.99,575.0,799.99,776.99,745.592
29-05 17:00:00,676.99,712.99,646.99,701.99,684.99,684.79
29-05 18:00:00,506.99,555.99,483.99,546.99,526.99,524.1899999999999
29-05 19:00:00,324.99,354.99,337.99,343.99,328.99,338.19
29-05 20:00:00,92.0,129.99,116.0,117.0,86.0,108.19800000000001
29-05 21:00:00,0.0,0.0,0.0,0.0,0.0,0.0
29-05 22:00:00,0.0,0.0,0.0,0.0,0.0,0.0
29-05 23:00:00,0.0,0.0,0.0,0.0,0.0,0.0
30-05 00:00:00,0.0,0.0,0.0,0.0,0.0,0.0
30-05 01:00:00,0.0,0.0,0.0,0.0,0.0,0.0
30-05 02:00:00,0.0,0.0,0.0,0.0,0.0,0.0
30-05 03:00:00,0.0,0.0,0.0,0.0,0.0,0.0
30-05 04:00:00,0.0,0.0,0.0,0.0,0.0,0.0
30-05 05:00:00,0.0,0.0,0.0,0.0,0.0,0.0
30-05 06:00:00,0.0,0.0,0.0,0.0,0.0,0.0
30-05 07:00:00,0.0,0.0,0.0,0.0,0.0,0.0
30-05 08:00:00,0.0,0.0,0.0,0.0,0.0,0.0
30-05 09:00:00,0.0,0.0,0.0,0.0,0.0,0.0
30-05 10:00:00,42.96,39.39,46.87,46.03,21.81,39.412
30-05 11:00:00,263.99,243.0,247.99,265.99,228.0,249.794
30-05 12:00:00,472.99,472.99,461.99,469.99,455.99,466.78999999999996
30-05 13:00:00,638.99,655.99,621.99,640.99,624.99,636.5899999999999
30-05 14:00:00,752.99,775.99,732.99,766.99,711.99,748.1899999999999
30-05 15:00:00,812.99,824.99,750.99,814.99,782.99,797.39
30-05 16:00:00,789.99,800.99,688.99,799.99,727.99,761.5899999999999
30-05 17:00:00,680.99,710.99,606.99,705.99,588.99,658.79
30-05 18:00:00,541.99,554.99,517.99,549.99,403.0,513.592
30-05 19:00:00,242.0,353.99,272.0,347.99,280.0,299.196
30-05 20:00:00,114.0,124.0,104.0,122.0,101.0,113.0
30-05 21:00:00,0.0,0.0,0.0,0.0,0.0,0.0
30-05 22:00:00,0.0,0.0,0.0,0.0,0.0,0.0
30-05 23:00:00,0.0,0.0,0.0,0.0,0.0,0.0
31-05 00:00:00,0.0,0.0,0.0,0.0,0.0,0.0
31-05 01:00:00,0.0,0.0,0.0,0.0,0.0,0.0
31-05 02:00:00,0.0,0.0,0.0,0.0,0.0,0.0
31-05 03:00:00,0.0,0.0,0.0,0.0,0.0,0.0
31-05 04:00:00,0.0,0.0,0.0,0.0,0.0,0.0
31-05 05:00:00,0.0,0.0,0.0,0.0,0.0,0.0
31-05 06:00:00,0.0,0.0,0.0,0.0,0.0,0.0
31-05 07:00:00,0.0,0.0,0.0,0.0,0.0,0.0
31-05 08:00:00,0.0,0.0,0.0,0.0,0.0,0.0
31-05 09:00:00,0.0,0.0,0.0,0.0,0.0,0.0
31-05 10:00:00,30.78,40.61,46.03,43.58,16.0,35.4
31-05 11:00:00,229.0,265.99,241.99,261.99,159.0,231.594
31-05 12:00:00,460.99,476.99,354.0,467.99,270.0,405.994
31-05 13:00:00,630.99,647.99,626.99,639.99,284.0,565.992
31-05 14:00:00,746.99,762.99,676.99,758.99,636.99,716.5899999999999
31-05 15:00:00,598.0,815.99,789.99,801.99,343.0,669.7940000000001
31-05 16:00:00,653.99,792.99,757.99,748.99,333.0,657.392
31-05 17:00:00,618.99,695.99,583.99,596.99,551.99,609.5899999999999
31-05 18:00:00,453.99,532.99,484.99,506.99,490.99,493.98999999999995
31-05 19:00:00,166.0,331.99,212.0,278.0,156.0,228.798
31-05 20:00:00,11.0,111.0,67.0,48.0,42.0,55.8
31-05 21:00:00,0.0,0.0,0.0,0.0,0.0,0.0
31-05 22:00:00,0.0,0.0,0.0,0.0,0.0,0.0
31-05 23:00:00,0.0,0.0,0.0,0.0,0.0,0.0
01-06 00:00:00,0.0,0.0,0.0,0.0,0.0,0.0
01-06 01:00:00,0.0,0.0,0.0,0.0,0.0,0.0
01-06 02:00:00,0.0,0.0,0.0,0.0,0.0,0.0
01-06 03:00:00,0.0,0.0,0.0,0.0,0.0,0.0
01-06 04:00:00,0.0,0.0,0.0,0.0,0.0,0.0
01-06 05:00:00,0.0,0.0,0.0,0.0,0.0,0.0
01-06 06:00:00,0.0,0.0,0.0,0.0,0.0,0.0
01-06 07:00:00,0.0,0.0,0.0,0.0,0.0,0.0
01-06 08:00:00,0.0,0.0,0.0,0.0,0.0,0.0
01-06 09:00:00,0.0,0.0,0.0,0.0,0.0,0.0
01-06 10:00:00,44.34,41.94,27.31,37.53,41.15,38.454
01-06 11:00:00,266.99,252.99,254.99,262.99,251.99,257.99
01-06 12:00:00,477.99,475.99,461.99,469.99,458.99,468.98999999999995
01-06 13:00:00,642.99,653.99,628.99,641.99,627.99,639.1899999999999
01-06 14:00:00,757.99,760.99,741.99,763.99,736.99,752.39
01-06 15:00:00,729.99,817.99,788.99,807.99,782.99,785.5899999999999
01-06 16:00:00,672.99,794.99,621.99,797.99,760.99,729.79
01-06 17:00:00,582.99,690.99,611.99,699.99,670.99,651.39
01-06 18:00:00,543.99,535.99,342.0,539.99,516.99,495.79200000000003
01-06 19:00:00,347.99,337.99,189.0,340.99,327.99,308.79200000000003
01-06 20:00:00,26.0,122.0,121.0,96.0,93.0,91.6
01-06 21:00:00,0.0,0.0,0.0,0.0,0.0,0.0
01-06 22:00:00,0.0,0.0,0.0,0.0,0.0,0.0
01-06 23:00:00,0.0,0.0,0.0,0.0,0.0,0.0
02-06 00:00:00,0.0,0.0,0.0,0.0,0.0,0.0
02-06 01:00:00,0.0,0.0,0.0,0.0,0.0,0.0
02-06 02:00:00,0.0,0.0,0.0,0.0,0.0,0.0
02-06 03:00:00,0.0,0.0,0.0,0.0,0.0,0.0
02-06 04:00:00,0.0,0.0,0.0,0.0,0.0,0.0
02-06 05:00:00,0.0,0.0,0.0,0.0,0.0,0.0
02-06 06:00:00,0.0,0.0,0.0,0.0,0.0,0.0
02-06 07:00:00,0.0,0.0,0.0,0.0,0.0,0.0
02-06 08:00:00,0.0,0.0,0.0,0.0,0.0,0.0
02-06 09:00:00,0.0,0.0,0.0,0.0,0.0,0.0
02-06 10:00:00,6.0,45.44,42.76,38.87,38.79,34.372
02-06 11:00:00,264.99,272.99,258.99,263.99,260.99,264.39
02-06 12:00:00,472.99,488.99,360.0,471.99,466.99,452.192
02-06 13:00:00,640.99,654.99,631.99,638.99,637.99,640.99
02-06 14:00:00,755.99,763.99,580.99,760.99,751.99,722.79
02-06 15:00:00,794.99,816.99,800.99,808.99,803.99,805.1899999999999
02-06 16:00:00,683.99,797.99,720.99,790.99,781.99,755.1899999999999
02-06 17:00:00,412.0,700.99,646.99,693.99,681.99,627.192
02-06 18:00:00,521.99,534.99,508.99,540.99,461.99,513.79
02-06 19:00:00,310.99,326.99,335.99,340.99,287.0,320.392
02-06 20:00:00,66.0,106.0,122.0,116.0,70.0,96.0
02-06 21:00:00,0.0,0.0,0.0,0.0,0.0,0.0
02-06 22:00:00,0.0,0.0,0.0,0.0,0.0,0.0
02-06 23:00:00,0.0,0.0,0.0,0.0,0.0,0.0
03-06 00:00:00,0.0,0.0,0.0,0.0,0.0,0.0
03-06 01:00:00,0.0,0.0,0.0,0.0,0.0,0.0
03-06 02:00:00,0.0,0.0,0.0,0.0,0.0,0.0
03-06 03:00:00,0.0,0.0,0.0,0.0,0.0,0.0
03-06 04:00:00,0.0,0.0,0.0,0.0,0.0,0.0
03-06 05:00:00,0.0,0.0,0.0,0.0,0.0,0.0
03-06 06:00:00,0.0,0.0,0.0,0.0,0.0,0.0
03-06 07:00:00,0.0,0.0,0.0,0.0,0.0,0.0
03-06 08:00:00,0.0,0.0,0.0,0.0,0.0,0.0
03-06 09:00:00,0.0,0.0,0.0,0.0,0.0,0.0
03-06 10:00:00,30.52,37.89,39.43,33.69,40.97,36.5
03-06 11:00:00,255.99,248.99,224.0,250.99,261.99,248.392
03-06 12:00:00,470.99,418.99,469.99,462.99,467.99,458.18999999999994
03-06 13:00:00,627.99,590.99,612.99,630.99,640.99,620.79
03-06 14:00:00,694.99,735.99,730.99,755.99,758.99,735.39
03-06 15:00:00,676.99,750.99,795.99,799.99,806.99,766.1899999999999
03-06 16:00:00,629.99,709.99,780.99,785.99,779.99,737.39
03-06 17:00:00,622.99,604.99,666.99,685.99,696.99,655.5899999999999
03-06 18:00:00,255.0,470.99,447.99,525.99,543.99,448.79200000000003
03-06 19:00:00,114.0,325.99,273.0,331.99,344.99,277.994
03-06 20:00:00,99.0,36.0,106.0,98.0,113.0,90.4
03-06 21:00:00,0.0,0.0,0.0,0.0,0.0,0.0
03-06 22:00:00,0.0,0.0,0.0,0.0,0.0,0.0
03-06 23:00:00,0.0,0.0,0.0,0.0,0.0,0.0
04-06 00:00:00,0.0,0.0,0.0,0.0,0.0,0.0
04-06 01:00:00,0.0,0.0,0.0,0.0,0.0,0.0
04-06 02:00:00,0.0,0.0,0.0,0.0,0.0,0.0
04-06 03:00:00,0.0,0.0,0.0,0.0,0.0,0.0
04-06 04:00:00,0.0,0.0,0.0,0.0,0.0,0.0
04-06 05:00:00,0.0,0.0,0.0,0.0,0.0,0.0
04-06 06:00:00,0.0,0.0,0.0,0.0,0.0,0.0
04-06 07:00:00,0.0,0.0,0.0,0.0,0.0,0.0
04-06 08:00:00,0.0,0.0,0.0,0.0,0.0,0.0
04-06 09:00:00,0.0,0.0,0.0,0.0,0.0,0.0
04-06 10:00:00,4.0,39.33,38.55,35.61,37.82,31.062
04-06 11:00:00,151.0,242.99,260.99,256.99,259.99,234.392
04-06 12:00:00,412.99,458.99,475.99,459.99,465.99,454.78999999999996
04-06 13:00:00,632.99,627.99,641.99,630.99,637.99,634.39
04-06 14:00:00,550.0,745.99,757.99,748.99,755.99,711.792
04-06 15:00:00,708.99,759.99,805.99,792.99,804.99,774.5899999999999
04-06 16:00:00,664.99,734.99,787.99,769.99,785.99,748.79
04-06 17:00:00,648.99,662.99,702.99,675.99,693.99,676.99
04-06 18:00:00,416.0,521.99,539.99,520.99,532.99,506.392
04-06 19:00:00,156.0,311.99,343.99,327.99,303.99,288.79200000000003
04-06 20:00:00,90.0,105.0,123.0,103.0,22.0,88.6
04-06 21:00:00,0.0,0.0,0.0,0.0,0.0,0.0
04-06 22:00:00,0.0,0.0,0.0,0.0,0.0,0.0
04-06 23:00:00,0.0,0.0,0.0,0.0,0.0,0.0
05-06 00:00:00,0.0,0.0,0.0,0.0,0.0,0.0
05-06 01:00:00,0.0,0.0,0.0,0.0,0.0,0.0
05-06 02:00:00,0.0,0.0,0.0,0.0,0.0,0.0
05-06 03:00:00,0.0,0.0,0.0,0.0,0.0,0.0
05-06 04:00:00,0.0,0.0,0.0,0.0,0.0,0.0
05-06 05:00:00,0.0,0.0,0.0,0.0,0.0,0.0
05-06 06:00:00,0.0,0.0,0.0,0.0,0.0,0.0
05-06 07:00:00,0.0,0.0,0.0,0.0,0.0,0.0
05-06 08:00:00,0.0,0.0,0.0,0.0,0.0,0.0
05-06 09:00:00,0.0,0.0,0.0,0.0,0.0,0.0
05-06 10:00:00,45.49,37.67,28.77,35.46,40.02,37.482
05-06 11:00:00,266.99,249.99,233.99,248.99,255.99,251.19
05-06 12:00:00,473.99,450.99,444.99,459.99,465.99,459.18999999999994
05-06 13:00:00,645.99,622.99,622.99,624.99,637.99,630.99
05-06 14:00:00,769.99,732.99,738.99,741.99,756.99,748.1899999999999
05-06 15:00:00,814.99,780.99,795.99,785.99,805.99,796.79
05-06 16:00:00,795.99,703.99,773.99,758.99,786.99,763.99
05-06 17:00:00,703.99,662.99,617.99,641.99,691.99,663.79
05-06 18:00:00,545.99,493.99,362.0,516.99,539.99,491.79200000000003
05-06 19:00:00,335.99,282.0,210.0,330.99,332.99,298.394
05-06 20:00:00,115.0,66.0,108.0,114.0,89.0,98.4
05-06 21:00:00,0.0,0.0,0.0,0.0,0.0,0.0
05-06 22:00:00,0.0,0.0,0.0,0.0,0.0,0.0
05-06 23:00:00,0.0,0.0,0.0,0.0,0.0,0.0
06-06 00:00:00,0.0,0.0,0.0,0.0,0.0,0.0
06-06 01:00:00,0.0,0.0,0.0,0.0,0.0,0.0
06-06 02:00:00,0.0,0.0,0.0,0.0,0.0,0.0
06-06 03:00:00,0.0,0.0,0.0,0.0,0.0,0.0
06-06 04:00:00,0.0,0.0,0.0,0.0,0.0,0.0
06-06 05:00:00,0.0,0.0,0.0,0.0,0.0,0.0
06-06 06:00:00,0.0,0.0,0.0,0.0,0.0,0.0
06-06 07:00:00,0.0,0.0,0.0,0.0,0.0,0.0
06-06 08:00:00,0.0,0.0,0.0,0.0,0.0,0.0
06-06 09:00:00,0.0,0.0,0.0,0.0,0.0,0.0
06-06 10:00:00,39.99,40.05,34.54,36.85,43.55,38.995999999999995
06-06 11:00:00,258.99,247.99,228.99,256.99,254.99,249.59
06-06 12:00:00,463.99,454.99,426.99,463.99,464.99,454.98999999999995
06-06 13:00:00,636.99,623.99,607.99,632.99,633.99,627.1899999999999
06-06 14:00:00,755.99,732.99,726.99,755.99,748.99,744.1899999999999
06-06 15:00:00,803.99,772.99,764.99,791.99,778.99,782.5899999999999
06-06 16:00:00,786.99,726.99,442.0,769.99,647.99,674.792
06-06 17:00:00,690.99,614.99,503.0,625.99,501.0,587.1940000000001
06-06 18:00:00,524.99,481.99,384.0,535.99,427.0,470.79400000000004
06-06 19:00:00,337.99,298.99,88.0,344.99,329.99,279.992
06-06 20:00:00,114.0,101.0,33.0,123.99,121.0,98.598
06-06 21:00:00,0.0,0.0,0.0,0.0,0.0,0.0
06-06 22:00:00,0.0,0.0,0.0,0.0,0.0,0.0
06-06 23:00:00,0.0,0.0,0.0,0.0,0.0,0.0
07-06 00:00:00,0.0,0.0,0.0,0.0,0.0,0.0
07-06 01:00:00,0.0,0.0,0.0,0.0,0.0,0.0
07-06 02:00:00,0.0,0.0,0.0,0.0,0.0,0.0
07-06 03:00:00,0.0,0.0,0.0,0.0,0.0,0.0
07-06 04:00:00,0.0,0.0,0.0,0.0,0.0,0.0
07-06 05:00:00,0.0,0.0,0.0,0.0,0.0,0.0
07-06 06:00:00,0.0,0.0,0.0,0.0,0.0,0.0
07-06 07:00:00,0.0,0.0,0.0,0.0,0.0,0.0
07-06 08:00:00,0.0,0.0,0.0,0.0,0.0,0.0
07-06 09:00:00,0.0,0.0,0.0,0.0,0.0,0.0
07-06 10:00:00,39.16,36.72,37.51,35.96,36.78,37.226
07-06 11:00:00,255.99,250.99,252.99,254.99,253.99,253.79000000000002
07-06 12:00:00,460.99,454.99,460.99,461.99,442.99,456.39
07-06 13:00:00,629.99,622.99,629.99,631.99,631.99,629.39
07-06 14:00:00,747.99,732.99,739.99,750.99,753.99,745.1899999999999
07-06 15:00:00,770.99,759.99,792.99,790.99,793.99,781.79
07-06 16:00:00,508.0,704.99,770.99,781.99,698.99,692.992
07-06 17:00:00,325.0,597.99,691.99,675.99,663.99,590.992
07-06 18:00:00,458.99,484.99,522.99,515.99,490.99,494.78999999999996
07-06 19:00:00,314.99,299.99,295.99,241.0,288.0,287.994
07-06 20:00:00,11.0,103.0,78.0,22.0,111.0,65.0
07-06 21:00:00,0.0,0.0,0.0,0.0,0.0,0.0
07-06 22:00:00,0.0,0.0,0.0,0.0,0.0,0.0
07-06 23:00:00,0.0,0.0,0.0,0.0,0.0,0.0
08-06 00:00:00,0.0,0.0,0.0,0.0,0.0,0.0
08-06 01:00:00,0.0,0.0,0.0,0.0,0.0,0.0
08-06 02:00:00,0.0,0.0,0.0,0.0,0.0,0.0
08-06 03:00:00,0.0,0.0,0.0,0.0,0.0,0.0
08-06 04:00:00,0.0,0.0,0.0,0.0,0.0,0.0
08-06 05:00:00,0.0,0.0,0.0,0.0,0.0,0.0
08-06 06:00:00,0.0,0.0,0.0,0.0,0.0,0.0
08-06 07:00:00,0.0,0.0,0.0,0.0,0.0,0.0
08-06 08:00:00,0.0,0.0,0.0,0.0,0.0,0.0
08-06 09:00:00,0.0,0.0,0.0,0.0,0.0,0.0
08-06 10:00:00,37.44,34.3,33.66,35.08,35.12,35.12
08-06 11:00:00,259.99,248.99,243.99,250.99,238.99,248.59
08-06 12:00:00,453.99,454.99,452.99,451.99,439.99,450.78999999999996
08-06 13:00:00,627.99,623.99,617.99,622.99,623.99,623.39
08-06 14:00:00,710.99,738.99,729.99,736.99,733.99,730.1899999999999
08-06 15:00:00,794.99,791.99,782.99,780.99,781.99,786.5899999999999
08-06 16:00:00,751.99,778.99,760.99,695.99,747.99,747.1899999999999
08-06 17:00:00,636.99,687.99,679.99,648.99,664.99,663.79
08-06 18:00:00,435.99,536.99,490.99,517.99,507.99,497.98999999999995
08-06 19:00:00,330.99,330.99,296.99,319.99,332.99,322.39
08-06 20:00:00,101.0,114.0,115.0,124.99,119.0,114.798
08-06 21:00:00,0.0,0.0,0.0,0.0,0.0,0.0
08-06 22:00:00,0.0,0.0,0.0,0.0,0.0,0.0
08-06 23:00:00,0.0,0.0,0.0,0.0,0.0,0.0
09-06 00:00:00,0.0,0.0,0.0,0.0,0.0,0.0
09-06 01:00:00,0.0,0.0,0.0,0.0,0.0,0.0
09-06 02:00:00,0.0,0.0,0.0,0.0,0.0,0.0
09-06 03:00:00,0.0,0.0,0.0,0.0,0.0,0.0
09-06 04:00:00,0.0,0.0,0.0,0.0,0.0,0.0
09-06 05:00:00,0.0,0.0,0.0,0.0,0.0,0.0
09-06 06:00:00,0.0,0.0,0.0,0.0,0.0,0.0
09-06 07:00:00,0.0,0.0,0.0,0.0,0.0,0.0
09-06 08:00:00,0.0,0.0,0.0,0.0,0.0,0.0
09-06 09:00:00,0.0,0.0,0.0,0.0,0.0,0.0
09-06 10:00:00,39.16,34.19,25.07,27.38,37.39,32.638
09-06 11:00:00,251.99,203.0,251.99,248.99,250.99,241.392
09-06 12:00:00,462.99,453.99,456.99,447.99,452.99,454.98999999999995
09-06 13:00:00,630.99,625.99,619.99,610.99,623.99,622.39
09-06 14:00:00,749.99,743.99,733.99,719.99,741.99,737.99
09-06 15:00:00,798.99,797.99,777.99,754.99,794.99,784.99
09-06 16:00:00,777.99,788.99,764.99,656.99,672.99,732.39
09-06 17:00:00,676.99,682.99,686.99,607.99,651.99,661.39
09-06 18:00:00,373.0,515.99,529.99,483.99,497.99,480.192
09-06 19:00:00,265.0,320.99,318.99,228.0,343.99,295.394
09-06 20:00:00,100.0,103.0,113.0,116.0,122.0,110.8
09-06 21:00:00,0.0,0.0,0.0,0.0,0.0,0.0
09-06 22:00:00,0.0,0.0,0.0,0.0,0.0,0.0
09-06 23:00:00,0.0,0.0,0.0,0.0,0.0,0.0
10-06 00:00:00,0.0,0.0,0.0,0.0,0.0,0.0
10-06 01:00:00,0.0,0.0,0.0,0.0,0.0,0.0
10-06 02:00:00,0.0,0.0,0.0,0.0,0.0,0.0
10-06 03:00:00,0.0,0.0,0.0,0.0,0.0,0.0
10-06 04:00:00,0.0,0.0,0.0,0.0,0.0,0.0
10-06 05:00:00,0.0,0.0,0.0,0.0,0.0,0.0
10-06 06:00:00,0.0,0.0,0.0,0.0,0.0,0.0
10-06 07:00:00,0.0,0.0,0.0,0.0,0.0,0.0
10-06 08:00:00,0.0,0.0,0.0,0.0,0.0,0.0
10-06 09:00:00,0.0,0.0,0.0,0.0,0.0,0.0
10-06 10:00:00,33.46,31.17,30.4,30.3,32.62,31.589999999999996
10-06 11:00:00,254.99,239.99,238.99,201.0,247.99,236.592
10-06 12:00:00,449.99,408.99,447.99,311.0,451.99,413.992
10-06 13:00:00,623.99,604.99,610.99,547.99,619.99,601.5899999999999
10-06 14:00:00,737.99,701.99,722.99,667.99,686.99,703.5899999999999
10-06 15:00:00,778.99,744.99,771.99,548.0,686.99,706.192
10-06 16:00:00,761.99,752.99,742.99,731.99,672.99,732.5899999999999
10-06 17:00:00,581.99,665.99,590.99,379.0,653.99,574.392
10-06 18:00:00,264.0,483.99,446.99,118.0,488.99,360.394
10-06 19:00:00,143.0,303.99,327.99,193.0,334.99,260.594
10-06 20:00:00,76.0,46.0,41.0,26.0,118.0,61.4
10-06 21:00:00,0.0,0.0,0.0,0.0,0.0,0.0
10-06 22:00:00,0.0,0.0,0.0,0.0,0.0,0.0
10-06 23:00:00,0.0,0.0,0.0,0.0,0.0,0.0
11-06 00:00:00,0.0,0.0,0.0,0.0,0.0,0.0
11-06 01:00:00,0.0,0.0,0.0,0.0,0.0,0.0
11-06 02:00:00,0.0,0.0,0.0,0.0,0.0,0.0
11-06 03:00:00,0.0,0.0,0.0,0.0,0.0,0.0
11-06 04:00:00,0.0,0.0,0.0,0.0,0.0,0.0
11-06 05:00:00,0.0,0.0,0.0,0.0,0.0,0.0
11-06 06:00:00,0.0,0.0,0.0,0.0,0.0,0.0
11-06 07:00:00,0.0,0.0,0.0,0.0,0.0,0.0
11-06 08:00:00,0.0,0.0,0.0,0.0,0.0,0.0
11-06 09:00:00,0.0,0.0,0.0,0.0,0.0,0.0
11-06 10:00:00,34.85,4.0,20.59,5.0,32.51,19.389999999999997
11-06 11:00:00,247.99,227.99,62.0,51.0,244.99,166.794
11-06 12:00:00,456.99,433.99,134.0,125.0,450.99,320.194
11-06 13:00:00,623.99,625.99,117.0,225.0,614.99,441.39400000000006
11-06 14:00:00,741.99,728.99,132.0,364.0,731.99,539.7940000000001
11-06 15:00:00,791.99,715.99,343.0,615.99,754.99,644.392
11-06 16:00:00,770.99,744.99,345.0,700.99,534.0,619.1940000000001
11-06 17:00:00,666.99,684.99,449.0,503.0,601.99,581.1940000000001
11-06 18:00:00,511.99,534.99,342.0,503.99,442.99,467.192
11-06 19:00:00,333.99,335.99,29.0,321.99,330.99,270.392
11-06 20:00:00,124.99,122.0,11.0,14.0,112.0,76.798
11-06 21:00:00,0.0,0.0,0.0,0.0,0.0,0.0
11-06 22:00:00,0.0,0.0,0.0,0.0,0.0,0.0
11-06 23:00:00,0.0,0.0,0.0,0.0,0.0,0.0
12-06 00:00:00,0.0,0.0,0.0,0.0,0.0,0.0
12-06 01:00:00,0.0,0.0,0.0,0.0,0.0,0.0
12-06 02:00:00,0.0,0.0,0.0,0.0,0.0,0.0
12-06 03:00:00,0.0,0.0,0.0,0.0,0.0,0.0
12-06 04:00:00,0.0,0.0,0.0,0.0,0.0,0.0
12-06 05:00:00,0.0,0.0,0.0,0.0,0.0,0.0
12-06 06:00:00,0.0,0.0,0.0,0.0,0.0,0.0
12-06 07:00:00,0.0,0.0,0.0,0.0,0.0,0.0
12-06 08:00:00,0.0,0.0,0.0,0.0,0.0,0.0
12-06 09:00:00,0.0,0.0,0.0,0.0,0.0,0.0
12-06 10:00:00,31.67,30.89,23.89,9.0,35.66,26.222
12-06 11:00:00,238.99,245.99,63.0,103.0,67.0,143.596
12-06 12:00:00,441.99,448.99,108.0,146.0,428.99,314.794
12-06 13:00:00,623.99,623.99,523.99,145.0,606.99,504.79200000000003
12-06 14:00:00,742.99,735.99,718.99,136.0,722.99,611.392
12-06 15:00:00,796.99,789.99,771.99,233.0,686.99,655.792
12-06 16:00:00,719.99,777.99,759.99,427.0,767.99,690.592
12-06 17:00:00,611.99,687.99,656.99,541.99,632.99,626.39
12-06 18:00:00,499.99,534.99,463.99,361.0,515.99,475.192
12-06 19:00:00,338.99,341.99,284.0,73.0,331.99,273.994
12-06 20:00:00,120.0,125.99,83.0,11.0,114.0,90.798
12-06 21:00:00,0.0,0.0,0.0,0.0,0.0,0.0
12-06 22:00:00,0.0,0.0,0.0,0.0,0.0,0.0
12-06 23:00:00,0.0,0.0,0.0,0.0,0.0,0.0
13-06 00:00:00,0.0,0.0,0.0,0.0,0.0,0.0
13-06 01:00:00,0.0,0.0,0.0,0.0,0.0,0.0
13-06 02:00:00,0.0,0.0,0.0,0.0,0.0,0.0
13-06 03:00:00,0.0,0.0,0.0,0.0,0.0,0.0
13-06 04:00:00,0.0,0.0,0.0,0.0,0.0,0.0
13-06 05:00:00,0.0,0.0,0.0,0.0,0.0,0.0
13-06 06:00:00,0.0,0.0,0.0,0.0,0.0,0.0
13-06 07:00:00,0.0,0.0,0.0,0.0,0.0,0.0
13-06 08:00:00,0.0,0.0,0.0,0.0,0.0,0.0
13-06 09:00:00,0.0,0.0,0.0,0.0,0.0,0.0
13-06 10:00:00,31.61,17.81,34.03,33.16,6.0,24.522
13-06 11:00:00,243.99,142.0,219.99,241.99,121.0,193.794
13-06 12:00:00,448.99,391.99,444.99,442.99,198.0,385.392
13-06 13:00:00,613.99,623.99,611.99,583.99,484.99,583.79
13-06 14:00:00,731.99,743.99,660.99,616.99,457.0,642.192
13-06 15:00:00,780.99,793.99,778.99,694.99,634.99,736.79
13-06 16:00:00,751.99,757.99,714.99,637.99,691.99,710.99
13-06 17:00:00,672.99,655.99,600.99,594.99,573.99,619.79
13-06 18:00:00,486.99,514.99,449.99,475.99,201.0,425.79200000000003
13-06 19:00:00,301.99,207.0,309.99,111.0,29.0,191.796
13-06 20:00:00,119.0,120.0,125.99,11.0,11.0,77.398
13-06 21:00:00,0.0,0.0,0.0,0.0,0.0,0.0
13-06 22:00:00,0.0,0.0,0.0,0.0,0.0,0.0
13-06 23:00:00,0.0,0.0,0.0,0.0,0.0,0.0
14-06 00:00:00,0.0,0.0,0.0,0.0,0.0,0.0
14-06 01:00:00,0.0,0.0,0.0,0.0,0.0,0.0
14-06 02:00:00,0.0,0.0,0.0,0.0,0.0,0.0
14-06 03:00:00,0.0,0.0,0.0,0.0,0.0,0.0
14-06 04:00:00,0.0,0.0,0.0,0.0,0.0,0.0
14-06 05:00:00,0.0,0.0,0.0,0.0,0.0,0.0
14-06 06:00:00,0.0,0.0,0.0,0.0,0.0,0.0
14-06 07:00:00,0.0,0.0,0.0,0.0,0.0,0.0
14-06 08:00:00,0.0,0.0,0.0,0.0,0.0,0.0
14-06 09:00:00,0.0,0.0,0.0,0.0,0.0,0.0
14-06 10:00:00,27.83,10.0,28.48,28.38,23.69,23.676
14-06 11:00:00,241.99,240.99,128.0,238.99,234.99,216.99200000000002
14-06 12:00:00,452.99,443.99,397.99,439.99,394.99,425.98999999999995
14-06 13:00:00,616.99,617.99,588.99,585.99,597.99,601.5899999999999
14-06 14:00:00,735.99,728.99,699.99,722.99,448.0,667.192
14-06 15:00:00,772.99,786.99,565.0,767.99,710.99,720.792
14-06 16:00:00,685.99,775.99,539.0,756.99,774.99,706.592
14-06 17:00:00,669.99,675.99,292.0,657.99,684.99,596.192
14-06 18:00:00,528.99,533.99,68.0,374.0,333.0,367.596
14-06 19:00:00,333.99,337.99,180.0,236.0,177.0,252.996
14-06 20:00:00,119.0,119.0,44.0,13.0,62.0,71.4
14-06 21:00:00,0.0,0.0,0.0,0.0,0.0,0.0
14-06 22:00:00,0.0,0.0,0.0,0.0,0.0,0.0
14-06 23:00:00,0.0,0.0,0.0,0.0,0.0,0.0
15-06 00:00:00,0.0,0.0,0.0,0.0,0.0,0.0
15-06 01:00:00,0.0,0.0,0.0,0.0,0.0,0.0
15-06 02:00:00,0.0,0.0,0.0,0.0,0.0,0.0
15-06 03:00:00,0.0,0.0,0.0,0.0,0.0,0.0
15-06 04:00:00,0.0,0.0,0.0,0.0,0.0,0.0
15-06 05:00:00,0.0,0.0,0.0,0.0,0.0,0.0
15-06 06:00:00,0.0,0.0,0.0,0.0,0.0,0.0
15-06 07:00:00,0.0,0.0,0.0,0.0,0.0,0.0
15-06 08:00:00,0.0,0.0,0.0,0.0,0.0,0.0
15-06 09:00:00,0.0,0.0,0.0,0.0,0.0,0.0
15-06 10:00:00,29.12,30.64,24.6,32.27,3.0,23.926000000000005
15-06 11:00:00,241.99,242.99,234.99,241.99,40.0,200.392
15-06 12:00:00,443.99,454.99,427.99,442.99,165.0,386.992
15-06 13:00:00,614.99,626.99,574.99,607.99,583.99,601.79
15-06 14:00:00,720.99,739.99,707.99,721.99,590.99,696.39
15-06 15:00:00,782.99,794.99,760.99,746.99,541.0,725.392
15-06 16:00:00,710.99,786.99,340.0,715.99,500.0,610.7940000000001
15-06 17:00:00,640.99,693.99,655.99,575.99,533.99,620.1899999999999
15-06 18:00:00,486.99,542.99,506.99,462.99,316.0,463.192
15-06 19:00:00,311.99,346.99,306.99,160.0,104.0,245.994
15-06 20:00:00,65.0,125.99,57.0,23.0,24.0,58.998000000000005
15-06 21:00:00,0.0,0.0,0.0,0.0,0.0,0.0
15-06 22:00:00,0.0,0.0,0.0,0.0,0.0,0.0
15-06 23:00:00,0.0,0.0,0.0,0.0,0.0,0.0
16-06 00:00:00,0.0,0.0,0.0,0.0,0.0,0.0
16-06 01:00:00,0.0,0.0,0.0,0.0,0.0,0.0
16-06 02:00:00,0.0,0.0,0.0,0.0,0.0,0.0
16-06 03:00:00,0.0,0.0,0.0,0.0,0.0,0.0
16-06 04:00:00,0.0,0.0,0.0,0.0,0.0,0.0
16-06 05:00:00,0.0,0.0,0.0,0.0,0.0,0.0
16-06 06:00:00,0.0,0.0,0.0,0.0,0.0,0.0
16-06 07:00:00,0.0,0.0,0.0,0.0,0.0,0.0
16-06 08:00:00,0.0,0.0,0.0,0.0,0.0,0.0
16-06 09:00:00,0.0,0.0,0.0,0.0,0.0,0.0
16-06 10:00:00,23.05,29.01,24.76,26.1,19.57,24.498
16-06 11:00:00,238.99,242.99,242.99,240.99,78.0,208.792
16-06 12:00:00,406.99,452.99,454.99,441.99,169.0,385.192
16-06 13:00:00,615.99,620.99,626.99,613.99,532.99,602.1899999999999
16-06 14:00:00,734.99,728.99,739.99,728.99,498.0,686.192
16-06 15:00:00,746.99,787.99,793.99,778.99,477.0,716.992
16-06 16:00:00,760.99,772.99,778.99,763.99,656.99,746.79
16-06 17:00:00,684.99,644.99,697.99,671.99,280.0,595.992
16-06 18:00:00,536.99,419.0,536.99,530.99,303.0,465.39400000000006
16-06 19:00:00,311.99,256.0,334.99,338.99,282.0,304.794
16-06 20:00:00,124.0,15.0,121.0,121.0,45.0,85.2
16-06 21:00:00,0.0,0.0,0.0,0.0,0.0,0.0
16-06 22:00:00,0.0,0.0,0.0,0.0,0.0,0.0
16-06 23:00:00,0.0,0.0,0.0,0.0,0.0,0.0
17-06 00:00:00,0.0,0.0,0.0,0.0,0.0,0.0
17-06 01:00:00,0.0,0.0,0.0,0.0,0.0,0.0
17-06 02:00:00,0.0,0.0,0.0,0.0,0.0,0.0
17-06 03:00:00,0.0,0.0,0.0,0.0,0.0,0.0
17-06 04:00:00,0.0,0.0,0.0,0.0,0.0,0.0
17-06 05:00:00,0.0,0.0,0.0,0.0,0.0,0.0
17-06 06:00:00,0.0,0.0,0.0,0.0,0.0,0.0
17-06 07:00:00,0.0,0.0,0.0,0.0,0.0,0.0
17-06 08:00:00,0.0,0.0,0.0,0.0,0.0,0.0
17-06 09:00:00,0.0,0.0,0.0,0.0,0.0,0.0
17-06 10:00:00,28.97,27.4,24.56,25.32,17.61,24.772
17-06 11:00:00,246.99,231.99,243.99,243.99,61.0,205.592
17-06 12:00:00,454.99,439.99,450.99,451.99,152.0,389.992
17-06 13:00:00,623.99,411.0,620.99,618.99,572.99,569.592
17-06 14:00:00,723.99,690.99,736.99,738.99,710.99,720.39
17-06 15:00:00,786.99,738.99,791.99,789.99,510.0,723.592
17-06 16:00:00,762.99,756.99,772.99,778.99,624.99,739.39
17-06 17:00:00,672.99,655.99,695.99,685.99,652.99,672.79
17-06 18:00:00,532.99,510.99,541.99,539.99,524.99,530.1899999999999
17-06 19:00:00,318.99,303.99,343.99,347.99,336.99,330.39
17-06 20:00:00,122.0,107.0,130.99,113.0,117.0,117.998
17-06 21:00:00,0.0,0.0,0.0,0.0,0.0,0.0
17-06 22:00:00,0.0,0.0,0.0,0.0,0.0,0.0
17-06 23:00:00,0.0,0.0,0.0,0.0,0.0,0.0
18-06 00:00:00,0.0,0.0,0.0,0.0,0.0,0.0
18-06 01:00:00,0.0,0.0,0.0,0.0,0.0,0.0
18-06 02:00:00,0.0,0.0,0.0,0.0,0.0,0.0
18-06 03:00:00,0.0,0.0,0.0,0.0,0.0,0.0
18-06 04:00:00,0.0,0.0,0.0,0.0,0.0,0.0
18-06 05:00:00,0.0,0.0,0.0,0.0,0.0,0.0
18-06 06:00:00,0.0,0.0,0.0,0.0,0.0,0.0
18-06 07:00:00,0.0,0.0,0.0,0.0,0.0,0.0
18-06 08:00:00,0.0,0.0,0.0,0.0,0.0,0.0
18-06 09:00:00,0.0,0.0,0.0,0.0,0.0,0.0
18-06 10:00:00,28.21,26.58,18.58,25.91,27.45,25.346
18-06 11:00:00,239.99,241.99,248.99,233.99,241.99,241.39000000000001
18-06 12:00:00,446.99,450.99,444.99,439.99,448.99,446.39
18-06 13:00:00,619.99,618.99,623.99,604.99,615.99,616.79
18-06 14:00:00,735.99,731.99,735.99,719.99,735.99,731.99
18-06 15:00:00,785.99,790.99,786.99,756.99,790.99,782.39
18-06 16:00:00,775.99,746.99,772.99,640.99,771.99,741.79
18-06 17:00:00,687.99,627.99,684.99,556.99,687.99,649.1899999999999
18-06 18:00:00,541.99,518.99,513.99,499.99,540.99,523.1899999999999
18-06 19:00:00,347.99,288.0,293.99,330.99,350.99,322.392
18-06 20:00:00,130.99,63.0,104.0,122.0,125.0,108.998
18-06 21:00:00,0.0,0.0,0.0,0.0,0.0,0.0
18-06 22:00:00,0.0,0.0,0.0,0.0,0.0,0.0
18-06 23:00:00,0.0,0.0,0.0,0.0,0.0,0.0
19-06 00:00:00,0.0,0.0,0.0,0.0,0.0,0.0
19-06 01:00:00,0.0,0.0,0.0,0.0,0.0,0.0
19-06 02:00:00,0.0,0.0,0.0,0.0,0.0,0.0
19-06 03:00:00,0.0,0.0,0.0,0.0,0.0,0.0
19-06 04:00:00,0.0,0.0,0.0,0.0,0.0,0.0
19-06 05:00:00,0.0,0.0,0.0,0.0,0.0,0.0
19-06 06:00:00,0.0,0.0,0.0,0.0,0.0,0.0
19-06 07:00:00,0.0,0.0,0.0,0.0,0.0,0.0
19-06 08:00:00,0.0,0.0,0.0,0.0,0.0,0.0
19-06 09:00:00,0.0,0.0,0.0,0.0,0.0,0.0
19-06 10:00:00,26.54,27.32,25.11,24.21,26.64,25.964
19-06 11:00:00,244.99,233.99,232.99,233.99,243.99,237.99
19-06 12:00:00,453.99,443.99,408.99,436.99,449.99,438.78999999999996
19-06 13:00:00,620.99,606.99,577.99,603.99,623.99,606.79
19-06 14:00:00,740.99,740.99,704.99,718.99,740.99,729.39
19-06 15:00:00,792.99,783.99,762.99,768.99,791.99,780.1899999999999
19-06 16:00:00,777.99,740.99,625.99,754.99,773.99,734.79
19-06 17:00:00,685.99,589.99,625.99,664.99,689.99,651.39
19-06 18:00:00,540.99,434.99,475.99,520.99,528.99,500.39
19-06 19:00:00,303.99,251.0,321.99,296.99,318.99,298.592
19-06 20:00:00,98.0,121.0,124.0,110.0,125.0,115.6
19-06 21:00:00,0.0,0.0,0.0,0.0,0.0,0.0
19-06 22:00:00,0.0,0.0,0.0,0.0,0.0,0.0
19-06 23:00:00,0.0,0.0,0.0,0.0,0.0,0.0
20-06 00:00:00,0.0,0.0,0.0,0.0,0.0,0.0
20-06 01:00:00,0.0,0.0,0.0,0.0,0.0,0.0
20-06 02:00:00,0.0,0.0,0.0,0.0,0.0,0.0
20-06 03:00:00,0.0,0.0,0.0,0.0,0.0,0.0
20-06 04:00:00,0.0,0.0,0.0,0.0,0.0,0.0
20-06 05:00:00,0.0,0.0,0.0,0.0,0.0,0.0
20-06 06:00:00,0.0,0.0,0.0,0.0,0.0,0.0
20-06 07:00:00,0.0,0.0,0.0,0.0,0.0,0.0
20-06 08:00:00,0.0,0.0,0.0,0.0,0.0,0.0
20-06 09:00:00,0.0,0.0,0.0,0.0,0.0,0.0
20-06 10:00:00,26.43,29.65,21.87,24.19,24.19,25.266
20-06 11:00:00,247.99,239.99,239.99,233.99,235.99,239.59
20-06 12:00:00,444.99,451.99,412.99,442.99,448.99,440.39
20-06 13:00:00,614.99,618.99,609.99,608.99,612.99,613.1899999999999
20-06 14:00:00,730.99,728.99,720.99,724.99,736.99,728.5899999999999
20-06 15:00:00,777.99,766.99,771.99,779.99,788.99,777.1899999999999
20-06 16:00:00,754.99,773.99,740.99,764.99,752.99,757.5899999999999
20-06 17:00:00,669.99,656.99,632.99,674.99,650.99,657.1899999999999
20-06 18:00:00,527.99,532.99,446.99,514.99,490.99,502.78999999999996
20-06 19:00:00,335.99,338.99,287.0,312.99,320.99,319.192
20-06 20:00:00,126.99,104.0,98.0,123.0,118.0,113.998
20-06 21:00:00,0.0,0.0,0.0,0.0,0.0,0.0
20-06 22:00:00,0.0,0.0,0.0,0.0,0.0,0.0
20-06 23:00:00,0.0,0.0,0.0,0.0,0.0,0.0
21-06 00:00:00,0.0,0.0,0.0,0.0,0.0,0.0
21-06 01:00:00,0.0,0.0,0.0,0.0,0.0,0.0
21-06 02:00:00,0.0,0.0,0.0,0.0,0.0,0.0
21-06 03:00:00,0.0,0.0,0.0,0.0,0.0,0.0
21-06 04:00:00,0.0,0.0,0.0,0.0,0.0,0.0
21-06 05:00:00,0.0,0.0,0.0,0.0,0.0,0.0
21-06 06:00:00,0.0,0.0,0.0,0.0,0.0,0.0
21-06 07:00:00,0.0,0.0,0.0,0.0,0.0,0.0
21-06 08:00:00,0.0,0.0,0.0,0.0,0.0,0.0
21-06 09:00:00,0.0,0.0,0.0,0.0,0.0,0.0
21-06 10:00:00,24.93,24.16,20.92,24.16,26.4,24.113999999999997
21-06 11:00:00,236.99,231.99,235.99,235.99,240.99,236.39000000000001
21-06 12:00:00,442.99,445.99,441.99,443.99,449.99,444.98999999999995
21-06 13:00:00,615.99,613.99,597.99,610.99,618.99,611.5899999999999
21-06 14:00:00,731.99,725.99,726.99,730.99,742.99,731.79
21-06 15:00:00,783.99,790.99,732.99,785.99,795.99,777.99
21-06 16:00:00,769.99,780.99,738.99,771.99,776.99,767.79
21-06 17:00:00,682.99,692.99,677.99,684.99,693.99,686.5899999999999
21-06 18:00:00,538.99,543.99,525.99,542.99,546.99,539.79
21-06 19:00:00,339.99,350.99,339.99,347.99,350.99,345.99
21-06 20:00:00,122.0,131.99,129.99,130.99,125.0,127.994
21-06 21:00:00,0.0,0.0,0.0,0.0,0.0,0.0
21-06 22:00:00,0.0,0.0,0.0,0.0,0.0,0.0
21-06 23:00:00,0.0,0.0,0.0,0.0,0.0,0.0
22-06 00:00:00,0.0,0.0,0.0,0.0,0.0,0.0
22-06 01:00:00,0.0,0.0,0.0,0.0,0.0,0.0
22-06 02:00:00,0.0,0.0,0.0,0.0,0.0,0.0
22-06 03:00:00,0.0,0.0,0.0,0.0,0.0,0.0
22-06 04:00:00,0.0,0.0,0.0,0.0,0.0,0.0
22-06 05:00:00,0.0,0.0,0.0,0.0,0.0,0.0
22-06 06:00:00,0.0,0.0,0.0,0.0,0.0,0.0
22-06 07:00:00,0.0,0.0,0.0,0.0,0.0,0.0
22-06 08:00:00,0.0,0.0,0.0,0.0,0.0,0.0
22-06 09:00:00,0.0,0.0,0.0,0.0,0.0,0.0
22-06 10:00:00,24.14,24.14,21.07,22.6,24.9,23.369999999999997
22-06 11:00:00,238.99,243.99,236.99,241.99,238.99,240.19
22-06 12:00:00,446.99,453.99,436.99,450.99,446.99,447.18999999999994
22-06 13:00:00,614.99,627.99,608.99,618.99,616.99,617.5899999999999
22-06 14:00:00,735.99,741.99,727.99,740.99,737.99,736.99
22-06 15:00:00,787.99,767.99,779.99,796.99,793.99,785.39
22-06 16:00:00,777.99,772.99,761.99,782.99,775.99,774.39
22-06 17:00:00,690.99,674.99,683.99,695.99,696.99,688.5899999999999
22-06 18:00:00,545.99,557.99,533.99,548.99,550.99,547.5899999999999
22-06 19:00:00,345.99,346.99,330.99,353.99,356.99,346.99
22-06 20:00:00,128.99,120.0,122.0,126.0,129.99,125.396
22-06 21:00:00,0.0,0.0,0.0,0.0,0.0,0.0
22-06 22:00:00,0.0,0.0,0.0,0.0,0.0,0.0
22-06 23:00:00,0.0,0.0,0.0,0.0,0.0,0.0
23-06 00:00:00,0.0,0.0,0.0,0.0,0.0,0.0
23-06 01:00:00,0.0,0.0,0.0,0.0,0.0,0.0
23-06 02:00:00,0.0,0.0,0.0,0.0,0.0,0.0
23-06 03:00:00,0.0,0.0,0.0,0.0,0.0,0.0
23-06 04:00:00,0.0,0.0,0.0,0.0,0.0,0.0
23-06 05:00:00,0.0,0.0,0.0,0.0,0.0,0.0
23-06 06:00:00,0.0,0.0,0.0,0.0,0.0,0.0
23-06 07:00:00,0.0,0.0,0.0,0.0,0.0,0.0
23-06 08:00:00,0.0,0.0,0.0,0.0,0.0,0.0
23-06 09:00:00,0.0,0.0,0.0,0.0,0.0,0.0
23-06 10:00:00,23.35,24.77,20.89,24.0,24.11,23.424
23-06 11:00:00,233.99,234.99,233.99,231.99,237.99,234.59
23-06 12:00:00,445.99,445.99,438.99,434.99,447.99,442.78999999999996
23-06 13:00:00,613.99,620.99,607.99,608.99,612.99,612.99
23-06 14:00:00,737.99,738.99,719.99,720.99,736.99,730.99
23-06 15:00:00,785.99,799.99,775.99,747.99,793.99,780.79
23-06 16:00:00,772.99,794.99,757.99,762.99,775.99,772.99
23-06 17:00:00,682.99,706.99,650.99,680.99,692.99,682.99
23-06 18:00:00,542.99,555.99,507.99,537.99,509.99,530.99
23-06 19:00:00,349.99,359.99,253.0,342.99,357.99,332.79200000000003
23-06 20:00:00,113.0,137.99,102.0,135.99,101.0,117.99600000000001
23-06 21:00:00,0.0,0.0,0.0,0.0,0.0,0.0
23-06 22:00:00,0.0,0.0,0.0,0.0,0.0,0.0
23-06 23:00:00,0.0,0.0,0.0,0.0,0.0,0.0
24-06 00:00:00,0.0,0.0,0.0,0.0,0.0,0.0
24-06 01:00:00,0.0,0.0,0.0,0.0,0.0,0.0
24-06 02:00:00,0.0,0.0,0.0,0.0,0.0,0.0
24-06 03:00:00,0.0,0.0,0.0,0.0,0.0,0.0
24-06 04:00:00,0.0,0.0,0.0,0.0,0.0,0.0
24-06 05:00:00,0.0,0.0,0.0,0.0,0.0,0.0
24-06 06:00:00,0.0,0.0,0.0,0.0,0.0,0.0
24-06 07:00:00,0.0,0.0,0.0,0.0,0.0,0.0
24-06 08:00:00,0.0,0.0,0.0,0.0,0.0,0.0
24-06 09:00:00,0.0,0.0,0.0,0.0,0.0,0.0
24-06 10:00:00,21.65,10.0,19.32,19.32,12.0,16.458
24-06 11:00:00,239.99,232.99,233.99,228.99,220.99,231.39000000000001
24-06 12:00:00,443.99,439.99,435.99,438.99,438.99,439.59
24-06 13:00:00,615.99,609.99,607.99,620.99,549.99,600.99
24-06 14:00:00,732.99,721.99,727.99,734.99,707.99,725.1899999999999
24-06 15:00:00,789.99,732.99,779.99,791.99,446.0,708.192
24-06 16:00:00,775.99,656.99,717.99,778.99,726.99,731.39
24-06 17:00:00,689.99,537.99,669.99,691.99,623.99,642.79
24-06 18:00:00,544.99,333.0,528.99,552.99,478.99,487.79200000000003
24-06 19:00:00,351.99,148.0,346.99,356.99,95.0,259.794
24-06 20:00:00,131.99,72.0,130.99,136.99,25.0,99.394
24-06 21:00:00,0.0,0.0,0.0,0.0,0.0,0.0
24-06 22:00:00,0.0,0.0,0.0,0.0,0.0,0.0
24-06 23:00:00,0.0,0.0,0.0,0.0,0.0,0.0
25-06 00:00:00,0.0,0.0,0.0,0.0,0.0,0.0
25-06 01:00:00,0.0,0.0,0.0,0.0,0.0,0.0
25-06 02:00:00,0.0,0.0,0.0,0.0,0.0,0.0
25-06 03:00:00,0.0,0.0,0.0,0.0,0.0,0.0
25-06 04:00:00,0.0,0.0,0.0,0.0,0.0,0.0
25-06 05:00:00,0.0,0.0,0.0,0.0,0.0,0.0
25-06 06:00:00,0.0,0.0,0.0,0.0,0.0,0.0
25-06 07:00:00,0.0,0.0,0.0,0.0,0.0,0.0
25-06 08:00:00,0.0,0.0,0.0,0.0,0.0,0.0
25-06 09:00:00,0.0,0.0,0.0,0.0,0.0,0.0
25-06 10:00:00,26.18,21.63,18.36,20.86,10.0,19.406
25-06 11:00:00,227.99,178.0,233.99,237.99,121.0,199.794
25-06 12:00:00,392.99,437.99,435.99,446.99,217.0,386.192
25-06 13:00:00,605.99,600.99,604.99,618.99,306.0,547.392
25-06 14:00:00,322.0,689.99,728.99,736.99,365.0,568.594
25-06 15:00:00,727.99,561.0,780.99,789.99,698.99,711.792
25-06 16:00:00,679.99,608.99,695.99,772.99,479.0,647.392
25-06 17:00:00,529.99,576.99,610.99,690.99,508.0,583.392
25-06 18:00:00,422.0,430.99,474.99,548.99,452.99,465.992
25-06 19:00:00,115.0,354.99,295.99,353.99,250.0,273.994
25-06 20:00:00,118.0,135.99,127.0,134.99,12.0,105.596
25-06 21:00:00,0.0,0.0,0.0,0.0,0.0,0.0
25-06 22:00:00,0.0,0.0,0.0,0.0,0.0,0.0
25-06 23:00:00,0.0,0.0,0.0,0.0,0.0,0.0
26-06 00:00:00,0.0,0.0,0.0,0.0,0.0,0.0
26-06 01:00:00,0.0,0.0,0.0,0.0,0.0,0.0
26-06 02:00:00,0.0,0.0,0.0,0.0,0.0,0.0
26-06 03:00:00,0.0,0.0,0.0,0.0,0.0,0.0
26-06 04:00:00,0.0,0.0,0.0,0.0,0.0,0.0
26-06 05:00:00,0.0,0.0,0.0,0.0,0.0,0.0
26-06 06:00:00,0.0,0.0,0.0,0.0,0.0,0.0
26-06 07:00:00,0.0,0.0,0.0,0.0,0.0,0.0
26-06 08:00:00,0.0,0.0,0.0,0.0,0.0,0.0
26-06 09:00:00,0.0,0.0,0.0,0.0,0.0,0.0
26-06 10:00:00,13.0,25.35,18.35,20.85,23.15,20.140000000000004
26-06 11:00:00,215.99,225.99,233.99,230.99,234.99,228.39000000000001
26-06 12:00:00,437.99,413.99,440.99,437.99,443.99,434.98999999999995
26-06 13:00:00,614.99,603.99,613.99,609.99,608.99,610.39
26-06 14:00:00,731.99,579.99,731.99,734.99,729.99,701.79
26-06 15:00:00,788.99,633.99,783.99,791.99,786.99,757.1899999999999
26-06 16:00:00,771.99,596.99,775.99,774.99,724.99,728.99
26-06 17:00:00,686.99,579.99,700.99,685.99,629.99,656.79
26-06 18:00:00,548.99,346.0,551.99,536.99,506.99,498.192
26-06 19:00:00,351.99,189.0,353.99,351.99,324.99,314.392
26-06 20:00:00,136.99,74.0,137.99,130.0,79.0,111.596
26-06 21:00:00,0.0,0.0,0.0,0.0,0.0,0.0
26-06 22:00:00,0.0,0.0,0.0,0.0,0.0,0.0
26-06 23:00:00,0.0,0.0,0.0,0.0,0.0,0.0
27-06 00:00:00,0.0,0.0,0.0,0.0,0.0,0.0
27-06 01:00:00,0.0,0.0,0.0,0.0,0.0,0.0
27-06 02:00:00,0.0,0.0,0.0,0.0,0.0,0.0
27-06 03:00:00,0.0,0.0,0.0,0.0,0.0,0.0
27-06 04:00:00,0.0,0.0,0.0,0.0,0.0,0.0
27-06 05:00:00,0.0,0.0,0.0,0.0,0.0,0.0
27-06 06:00:00,0.0,0.0,0.0,0.0,0.0,0.0
27-06 07:00:00,0.0,0.0,0.0,0.0,0.0,0.0
27-06 08:00:00,0.0,0.0,0.0,0.0,0.0,0.0
27-06 09:00:00,0.0,0.0,0.0,0.0,0.0,0.0
27-06 10:00:00,10.0,21.46,19.12,20.07,21.6,18.45
27-06 11:00:00,227.99,230.99,239.99,229.99,232.99,232.39000000000001
27-06 12:00:00,429.99,438.99,448.99,437.99,439.99,439.18999999999994
27-06 13:00:00,597.99,608.99,628.99,614.99,613.99,612.99
27-06 14:00:00,720.99,718.99,748.99,732.99,734.99,731.39
27-06 15:00:00,769.99,734.99,802.99,789.99,788.99,777.39
27-06 16:00:00,756.99,707.99,789.99,773.99,771.99,760.1899999999999
27-06 17:00:00,672.99,604.99,710.99,687.99,682.99,671.99
27-06 18:00:00,529.99,439.99,562.99,547.99,540.99,524.39
27-06 19:00:00,245.0,256.0,365.99,353.99,357.99,315.794
27-06 20:00:00,104.0,82.0,144.99,134.99,135.99,120.394
27-06 21:00:00,0.0,0.0,0.0,0.0,0.0,0.0
27-06 22:00:00,0.0,0.0,0.0,0.0,0.0,0.0
27-06 23:00:00,0.0,0.0,0.0,0.0,0.0,0.0
28-06 00:00:00,0.0,0.0,0.0,0.0,0.0,0.0
28-06 01:00:00,0.0,0.0,0.0,0.0,0.0,0.0
28-06 02:00:00,0.0,0.0,0.0,0.0,0.0,0.0
28-06 03:00:00,0.0,0.0,0.0,0.0,0.0,0.0
28-06 04:00:00,0.0,0.0,0.0,0.0,0.0,0.0
28-06 05:00:00,0.0,0.0,0.0,0.0,0.0,0.0
28-06 06:00:00,0.0,0.0,0.0,0.0,0.0,0.0
28-06 07:00:00,0.0,0.0,0.0,0.0,0.0,0.0
28-06 08:00:00,0.0,0.0,0.0,0.0,0.0,0.0
28-06 09:00:00,0.0,0.0,0.0,0.0,0.0,0.0
28-06 10:00:00,20.67,5.0,18.34,18.34,22.23,16.916000000000004
28-06 11:00:00,225.99,239.99,234.99,232.99,229.99,232.79000000000002
28-06 12:00:00,428.99,432.99,440.99,439.99,439.99,436.59
28-06 13:00:00,589.99,599.99,614.99,617.99,610.99,606.79
28-06 14:00:00,711.99,711.99,733.99,736.99,736.99,726.39
28-06 15:00:00,772.99,772.99,790.99,789.99,793.99,784.1899999999999
28-06 16:00:00,755.99,764.99,778.99,777.99,773.99,770.39
28-06 17:00:00,672.99,665.99,700.99,691.99,695.99,685.5899999999999
28-06 18:00:00,520.99,485.99,555.99,551.99,551.99,533.39
28-06 19:00:00,273.0,281.0,362.99,353.99,359.99,326.194
28-06 20:00:00,125.0,72.0,141.99,130.0,140.99,121.99600000000001
28-06 21:00:00,0.0,0.0,0.0,0.0,0.0,0.0
28-06 22:00:00,0.0,0.0,0.0,0.0,0.0,0.0
28-06 23:00:00,0.0,0.0,0.0,0.0,0.0,0.0
29-06 00:00:00,0.0,0.0,0.0,0.0,0.0,0.0
29-06 01:00:00,0.0,0.0,0.0,0.0,0.0,0.0
29-06 02:00:00,0.0,0.0,0.0,0.0,0.0,0.0
29-06 03:00:00,0.0,0.0,0.0,0.0,0.0,0.0
29-06 04:00:00,0.0,0.0,0.0,0.0,0.0,0.0
29-06 05:00:00,0.0,0.0,0.0,0.0,0.0,0.0
29-06 06:00:00,0.0,0.0,0.0,0.0,0.0,0.0
29-06 07:00:00,0.0,0.0,0.0,0.0,0.0,0.0
29-06 08:00:00,0.0,0.0,0.0,0.0,0.0,0.0
29-06 09:00:00,0.0,0.0,0.0,0.0,0.0,0.0
29-06 10:00:00,19.88,17.37,3.0,15.79,21.44,15.496
29-06 11:00:00,230.99,235.99,41.0,229.99,234.99,194.592
29-06 12:00:00,440.99,434.99,88.0,436.99,444.99,369.192
29-06 13:00:00,608.99,601.99,118.0,610.99,616.99,511.392
29-06 14:00:00,730.99,706.99,162.0,728.99,731.99,612.192
29-06 15:00:00,783.99,743.99,195.0,790.99,793.99,661.592
29-06 16:00:00,758.99,692.99,246.0,774.99,773.99,649.392
29-06 17:00:00,643.99,619.99,507.0,689.99,692.99,630.792
29-06 18:00:00,515.99,499.99,544.99,546.99,551.99,531.99
29-06 19:00:00,332.99,342.99,351.99,345.99,356.99,346.19
29-06 20:00:00,137.99,135.99,133.0,126.0,139.99,134.594
29-06 21:00:00,0.0,0.0,0.0,0.0,0.0,0.0
29-06 22:00:00,0.0,0.0,0.0,0.0,0.0,0.0
29-06 23:00:00,0.0,0.0,0.0,0.0,0.0,0.0
30-06 00:00:00,0.0,0.0,0.0,0.0,0.0,0.0
30-06 01:00:00,0.0,0.0,0.0,0.0,0.0,0.0
30-06 02:00:00,0.0,0.0,0.0,0.0,0.0,0.0
30-06 03:00:00,0.0,0.0,0.0,0.0,0.0,0.0
30-06 04:00:00,0.0,0.0,0.0,0.0,0.0,0.0
30-06 05:00:00,0.0,0.0,0.0,0.0,0.0,0.0
30-06 06:00:00,0.0,0.0,0.0,0.0,0.0,0.0
30-06 07:00:00,0.0,0.0,0.0,0.0,0.0,0.0
30-06 08:00:00,0.0,0.0,0.0,0.0,0.0,0.0
30-06 09:00:00,0.0,0.0,0.0,0.0,0.0,0.0
30-06 10:00:00,19.73,18.95,18.32,19.87,11.0,17.574
30-06 11:00:00,226.99,245.99,231.99,229.99,0.0,186.99200000000002
30-06 12:00:00,429.99,428.99,438.99,432.99,443.99,434.98999999999995
30-06 13:00:00,598.99,599.99,609.99,611.99,616.99,607.5899999999999
30-06 14:00:00,722.99,723.99,731.99,702.99,726.99,721.79
30-06 15:00:00,762.99,785.99,785.99,783.99,713.99,766.5899999999999
30-06 16:00:00,751.99,725.99,769.99,767.99,736.99,750.5899999999999
30-06 17:00:00,680.99,693.99,700.99,679.99,673.99,685.99
30-06 18:00:00,539.99,538.99,552.99,536.99,546.99,543.1899999999999
30-06 19:00:00,348.99,285.0,355.99,337.99,355.99,336.79200000000003
30-06 20:00:00,138.99,137.99,103.0,115.0,124.0,123.796
30-06 21:00:00,0.0,0.0,0.0,0.0,0.0,0.0
30-06 22:00:00,0.0,0.0,0.0,0.0,0.0,0.0
30-06 23:00:00,0.0,0.0,0.0,0.0,0.0,0.0
01-07 00:00:00,0.0,0.0,0.0,0.0,0.0,0.0
01-07 01:00:00,0.0,0.0,0.0,0.0,0.0,0.0
01-07 02:00:00,0.0,0.0,0.0,0.0,0.0,0.0
01-07 03:00:00,0.0,0.0,0.0,0.0,0.0,0.0
01-07 04:00:00,0.0,0.0,0.0,0.0,0.0,0.0
01-07 05:00:00,0.0,0.0,0.0,0.0,0.0,0.0
01-07 06:00:00,0.0,0.0,0.0,0.0,0.0,0.0
01-07 07:00:00,0.0,0.0,0.0,0.0,0.0,0.0
01-07 08:00:00,0.0,0.0,0.0,0.0,0.0,0.0
01-07 09:00:00,0.0,0.0,0.0,0.0,0.0,0.0
01-07 10:00:00,21.3,23.61,18.32,16.58,7.0,17.362000000000002
01-07 11:00:00,236.99,235.99,235.99,229.99,214.99,230.79000000000002
01-07 12:00:00,446.99,445.99,442.99,435.99,432.99,440.98999999999995
01-07 13:00:00,622.99,600.99,621.99,612.99,605.99,612.99
01-07 14:00:00,738.99,725.99,737.99,731.99,727.99,732.5899999999999
01-07 15:00:00,793.99,779.99,795.99,789.99,776.99,787.39
01-07 16:00:00,781.99,556.0,780.99,769.99,769.99,731.792
01-07 17:00:00,689.99,386.0,706.99,689.99,689.99,632.592
01-07 18:00:00,519.99,425.0,555.99,552.99,546.99,520.192
01-07 19:00:00,338.99,281.0,366.99,357.99,355.99,340.192
01-07 20:00:00,112.0,27.0,143.99,137.99,139.99,112.194
01-07 21:00:00,0.0,0.0,0.0,0.0,0.0,0.0
01-07 22:00:00,0.0,0.0,0.0,0.0,0.0,0.0
01-07 23:00:00,0.0,0.0,0.0,0.0,0.0,0.0
02-07 00:00:00,0.0,0.0,0.0,0.0,0.0,0.0
02-07 01:00:00,0.0,0.0,0.0,0.0,0.0,0.0
02-07 02:00:00,0.0,0.0,0.0,0.0,0.0,0.0
02-07 03:00:00,0.0,0.0,0.0,0.0,0.0,0.0
02-07 04:00:00,0.0,0.0,0.0,0.0,0.0,0.0
02-07 05:00:00,0.0,0.0,0.0,0.0,0.0,0.0
02-07 06:00:00,0.0,0.0,0.0,0.0,0.0,0.0
02-07 07:00:00,0.0,0.0,0.0,0.0,0.0,0.0
02-07 08:00:00,0.0,0.0,0.0,0.0,0.0,0.0
02-07 09:00:00,0.0,0.0,0.0,0.0,0.0,0.0
02-07 10:00:00,19.86,20.5,18.15,9.0,18.15,17.131999999999998
02-07 11:00:00,238.99,226.99,229.99,223.99,229.99,229.99
02-07 12:00:00,450.99,414.99,437.99,431.99,439.99,435.18999999999994
02-07 13:00:00,616.99,603.99,615.99,607.99,610.99,611.1899999999999
02-07 14:00:00,740.99,721.99,738.99,725.99,733.99,732.39
02-07 15:00:00,790.99,775.99,793.99,787.99,787.99,787.39
02-07 16:00:00,783.99,728.99,778.99,776.99,772.99,768.39
02-07 17:00:00,694.99,606.99,701.99,691.99,692.99,677.79
02-07 18:00:00,551.99,506.99,550.99,558.99,549.99,543.79
02-07 19:00:00,355.99,328.99,363.99,352.99,356.99,351.79
02-07 20:00:00,136.0,130.0,144.99,139.99,140.99,138.394
02-07 21:00:00,0.0,0.0,0.0,0.0,0.0,0.0
02-07 22:00:00,0.0,0.0,0.0,0.0,0.0,0.0
02-07 23:00:00,0.0,0.0,0.0,0.0,0.0,0.0
03-07 00:00:00,0.0,0.0,0.0,0.0,0.0,0.0
03-07 01:00:00,0.0,0.0,0.0,0.0,0.0,0.0
03-07 02:00:00,0.0,0.0,0.0,0.0,0.0,0.0
03-07 03:00:00,0.0,0.0,0.0,0.0,0.0,0.0
03-07 04:00:00,0.0,0.0,0.0,0.0,0.0,0.0
03-07 05:00:00,0.0,0.0,0.0,0.0,0.0,0.0
03-07 06:00:00,0.0,0.0,0.0,0.0,0.0,0.0
03-07 07:00:00,0.0,0.0,0.0,0.0,0.0,0.0
03-07 08:00:00,0.0,0.0,0.0,0.0,0.0,0.0
03-07 09:00:00,0.0,0.0,0.0,0.0,0.0,0.0
03-07 10:00:00,24.39,25.21,16.57,15.6,19.08,20.169999999999998
03-07 11:00:00,235.99,236.99,230.99,226.99,232.99,232.79000000000002
03-07 12:00:00,450.99,441.99,436.99,433.99,443.99,441.59
03-07 13:00:00,617.99,589.99,607.99,613.99,617.99,609.5899999999999
03-07 14:00:00,694.99,732.99,729.99,732.99,736.99,725.5899999999999
03-07 15:00:00,518.0,791.99,788.99,787.99,795.99,736.592
03-07 16:00:00,471.0,768.99,773.99,686.99,780.99,696.392
03-07 17:00:00,449.0,681.99,697.99,542.99,696.99,613.792
03-07 18:00:00,449.99,538.99,548.99,332.0,556.99,485.392
03-07 19:00:00,321.99,303.99,357.99,203.0,361.99,309.79200000000003
03-07 20:00:00,135.0,114.0,138.99,23.0,143.99,110.99600000000001
03-07 21:00:00,0.0,0.0,0.0,0.0,0.0,0.0
03-07 22:00:00,0.0,0.0,0.0,0.0,0.0,0.0
03-07 23:00:00,0.0,0.0,0.0,0.0,0.0,0.0
04-07 00:00:00,0.0,0.0,0.0,0.0,0.0,0.0
04-07 01:00:00,0.0,0.0,0.0,0.0,0.0,0.0
04-07 02:00:00,0.0,0.0,0.0,0.0,0.0,0.0
04-07 03:00:00,0.0,0.0,0.0,0.0,0.0,0.0
04-07 04:00:00,0.0,0.0,0.0,0.0,0.0,0.0
04-07 05:00:00,0.0,0.0,0.0,0.0,0.0,0.0
04-07 06:00:00,0.0,0.0,0.0,0.0,0.0,0.0
04-07 07:00:00,0.0,0.0,0.0,0.0,0.0,0.0
04-07 08:00:00,0.0,0.0,0.0,0.0,0.0,0.0
04-07 09:00:00,0.0,0.0,0.0,0.0,0.0,0.0
04-07 10:00:00,23.59,23.59,16.57,17.35,18.14,19.848
04-07 11:00:00,234.99,213.99,237.99,247.99,231.99,233.39000000000001
04-07 12:00:00,319.0,443.99,443.99,444.99,439.99,418.392
04-07 13:00:00,609.99,614.99,623.99,618.99,608.99,615.39
04-07 14:00:00,708.99,730.99,744.99,742.99,735.99,732.79
04-07 15:00:00,783.99,790.99,800.99,801.99,794.99,794.5899999999999
04-07 16:00:00,772.99,561.0,789.99,791.99,774.99,738.192
04-07 17:00:00,685.99,583.99,708.99,709.99,695.99,676.99
04-07 18:00:00,544.99,515.99,560.99,567.99,553.99,548.79
04-07 19:00:00,351.99,295.0,365.99,370.99,361.99,349.192
04-07 20:00:00,130.0,124.0,144.99,152.99,143.99,139.19400000000002
04-07 21:00:00,0.0,0.0,0.0,0.0,0.0,0.0
04-07 22:00:00,0.0,0.0,0.0,0.0,0.0,0.0
04-07 23:00:00,0.0,0.0,0.0,0.0,0.0,0.0
05-07 00:00:00,0.0,0.0,0.0,0.0,0.0,0.0
05-07 01:00:00,0.0,0.0,0.0,0.0,0.0,0.0
05-07 02:00:00,0.0,0.0,0.0,0.0,0.0,0.0
05-07 03:00:00,0.0,0.0,0.0,0.0,0.0,0.0
05-07 04:00:00,0.0,0.0,0.0,0.0,0.0,0.0
05-07 05:00:00,0.0,0.0,0.0,0.0,0.0,0.0
05-07 06:00:00,0.0,0.0,0.0,0.0,0.0,0.0
05-07 07:00:00,0.0,0.0,0.0,0.0,0.0,0.0
05-07 08:00:00,0.0,0.0,0.0,0.0,0.0,0.0
05-07 09:00:00,0.0,0.0,0.0,0.0,0.0,0.0
05-07 10:00:00,21.94,12.0,18.14,15.6,18.14,17.163999999999998
05-07 11:00:00,227.99,218.99,216.99,231.99,229.99,225.19
05-07 12:00:00,437.99,436.99,424.99,444.99,436.99,436.39
05-07 13:00:00,604.99,615.99,606.99,624.99,608.99,612.39
05-07 14:00:00,723.99,728.99,737.99,737.99,731.99,732.1899999999999
05-07 15:00:00,765.99,787.99,771.99,806.99,790.99,784.79
05-07 16:00:00,729.99,764.99,790.99,791.99,775.99,770.79
05-07 17:00:00,328.0,659.99,701.99,710.99,692.99,618.792
05-07 18:00:00,107.0,537.99,559.99,565.99,550.99,464.392
05-07 19:00:00,119.0,349.99,366.99,370.99,356.99,312.79200000000003
05-07 20:00:00,12.0,134.0,142.99,151.99,139.0,115.99600000000001
05-07 21:00:00,0.0,0.0,0.0,0.0,0.0,0.0
05-07 22:00:00,0.0,0.0,0.0,0.0,0.0,0.0
05-07 23:00:00,0.0,0.0,0.0,0.0,0.0,0.0
06-07 00:00:00,0.0,0.0,0.0,0.0,0.0,0.0
06-07 01:00:00,0.0,0.0,0.0,0.0,0.0,0.0
06-07 02:00:00,0.0,0.0,0.0,0.0,0.0,0.0
06-07 03:00:00,0.0,0.0,0.0,0.0,0.0,0.0
06-07 04:00:00,0.0,0.0,0.0,0.0,0.0,0.0
06-07 05:00:00,0.0,0.0,0.0,0.0,0.0,0.0
06-07 06:00:00,0.0,0.0,0.0,0.0,0.0,0.0
06-07 07:00:00,0.0,0.0,0.0,0.0,0.0,0.0
06-07 08:00:00,0.0,0.0,0.0,0.0,0.0,0.0
06-07 09:00:00,0.0,0.0,0.0,0.0,0.0,0.0
06-07 10:00:00,2.0,23.58,16.57,15.6,18.92,15.334
06-07 11:00:00,212.99,235.99,232.99,230.99,228.99,228.39000000000001
06-07 12:00:00,352.0,446.99,439.99,441.99,437.99,423.79200000000003
06-07 13:00:00,553.99,626.99,618.99,617.99,609.99,605.5899999999999
06-07 14:00:00,734.99,736.99,743.99,742.99,732.99,738.39
06-07 15:00:00,785.99,796.99,803.99,798.99,791.99,795.5899999999999
06-07 16:00:00,775.99,782.99,788.99,787.99,772.99,781.79
06-07 17:00:00,691.99,702.99,708.99,707.99,689.99,700.39
06-07 18:00:00,544.99,553.99,564.99,563.99,549.99,555.5899999999999
06-07 19:00:00,355.99,357.99,370.99,369.99,352.99,361.59000000000003
06-07 20:00:00,139.0,141.0,147.99,151.99,129.0,141.796
06-07 21:00:00,0.0,0.0,0.0,0.0,0.0,0.0
06-07 22:00:00,0.0,0.0,0.0,0.0,0.0,0.0
06-07 23:00:00,0.0,0.0,0.0,0.0,0.0,0.0
07-07 00:00:00,0.0,0.0,0.0,0.0,0.0,0.0
07-07 01:00:00,0.0,0.0,0.0,0.0,0.0,0.0
07-07 02:00:00,0.0,0.0,0.0,0.0,0.0,0.0
07-07 03:00:00,0.0,0.0,0.0,0.0,0.0,0.0
07-07 04:00:00,0.0,0.0,0.0,0.0,0.0,0.0
07-07 05:00:00,0.0,0.0,0.0,0.0,0.0,0.0
07-07 06:00:00,0.0,0.0,0.0,0.0,0.0,0.0
07-07 07:00:00,0.0,0.0,0.0,0.0,0.0,0.0
07-07 08:00:00,0.0,0.0,0.0,0.0,0.0,0.0
07-07 09:00:00,0.0,0.0,0.0,0.0,0.0,0.0
07-07 10:00:00,22.83,21.98,15.6,14.62,18.92,18.79
07-07 11:00:00,243.99,234.99,234.99,228.99,229.99,234.59
07-07 12:00:00,459.99,446.99,446.99,437.99,442.99,446.98999999999995
07-07 13:00:00,639.99,622.99,621.99,616.99,612.99,622.99
07-07 14:00:00,763.99,739.99,746.99,736.99,736.99,744.99
07-07 15:00:00,820.99,804.99,797.99,796.99,796.99,803.5899999999999
07-07 16:00:00,810.99,790.99,792.99,769.99,777.99,788.5899999999999
07-07 17:00:00,723.99,706.99,711.99,698.99,698.99,708.1899999999999
07-07 18:00:00,571.99,562.99,561.99,562.99,553.99,562.79
07-07 19:00:00,378.99,368.99,366.99,367.99,361.99,368.99
07-07 20:00:00,143.0,149.99,144.99,150.99,148.99,147.592
07-07 21:00:00,0.0,0.0,0.0,0.0,0.0,0.0
07-07 22:00:00,0.0,0.0,0.0,0.0,0.0,0.0
07-07 23:00:00,0.0,0.0,0.0,0.0,0.0,0.0
08-07 00:00:00,0.0,0.0,0.0,0.0,0.0,0.0
08-07 01:00:00,0.0,0.0,0.0,0.0,0.0,0.0
08-07 02:00:00,0.0,0.0,0.0,0.0,0.0,0.0
08-07 03:00:00,0.0,0.0,0.0,0.0,0.0,0.0
08-07 04:00:00,0.0,0.0,0.0,0.0,0.0,0.0
08-07 05:00:00,0.0,0.0,0.0,0.0,0.0,0.0
08-07 06:00:00,0.0,0.0,0.0,0.0,0.0,0.0
08-07 07:00:00,0.0,0.0,0.0,0.0,0.0,0.0
08-07 08:00:00,0.0,0.0,0.0,0.0,0.0,0.0
08-07 09:00:00,0.0,0.0,0.0,0.0,0.0,0.0
08-07 10:00:00,23.56,17.35,15.6,14.8,18.13,17.887999999999998
08-07 11:00:00,237.99,236.99,232.99,224.99,229.99,232.59
08-07 12:00:00,454.99,453.99,444.99,433.99,438.99,445.39
08-07 13:00:00,626.99,631.99,625.99,611.99,611.99,621.79
08-07 14:00:00,753.99,747.99,739.99,735.99,731.99,741.99
08-07 15:00:00,805.99,812.99,799.99,777.99,795.99,798.5899999999999
08-07 16:00:00,795.99,794.99,789.99,763.99,772.99,783.5899999999999
08-07 17:00:00,710.99,713.99,709.99,638.99,661.99,687.1899999999999
08-07 18:00:00,557.99,566.99,563.99,546.99,547.99,556.79
08-07 19:00:00,358.99,368.99,368.99,313.99,364.99,355.19
08-07 20:00:00,125.0,151.99,144.99,146.99,146.99,143.192
08-07 21:00:00,0.0,0.0,0.0,0.0,0.0,0.0
08-07 22:00:00,0.0,0.0,0.0,0.0,0.0,0.0
08-07 23:00:00,0.0,0.0,0.0,0.0,0.0,0.0
09-07 00:00:00,0.0,0.0,0.0,0.0,0.0,0.0
09-07 01:00:00,0.0,0.0,0.0,0.0,0.0,0.0
09-07 02:00:00,0.0,0.0,0.0,0.0,0.0,0.0
09-07 03:00:00,0.0,0.0,0.0,0.0,0.0,0.0
09-07 04:00:00,0.0,0.0,0.0,0.0,0.0,0.0
09-07 05:00:00,0.0,0.0,0.0,0.0,0.0,0.0
09-07 06:00:00,0.0,0.0,0.0,0.0,0.0,0.0
09-07 07:00:00,0.0,0.0,0.0,0.0,0.0,0.0
09-07 08:00:00,0.0,0.0,0.0,0.0,0.0,0.0
09-07 09:00:00,0.0,0.0,0.0,0.0,0.0,0.0
09-07 10:00:00,23.58,21.98,15.6,17.35,18.92,19.486
09-07 11:00:00,237.99,235.99,232.99,230.99,229.99,233.59
09-07 12:00:00,449.99,447.99,440.99,429.99,434.99,440.78999999999996
09-07 13:00:00,626.99,620.99,620.99,615.99,612.99,619.5899999999999
09-07 14:00:00,745.99,742.99,742.99,736.99,737.99,741.39
09-07 15:00:00,797.99,798.99,798.99,787.99,792.99,795.39
09-07 16:00:00,787.99,784.99,788.99,782.99,774.99,783.99
09-07 17:00:00,703.99,682.99,704.99,703.99,692.99,697.79
09-07 18:00:00,558.99,538.99,559.99,561.99,555.99,555.1899999999999
09-07 19:00:00,361.99,362.99,366.99,369.99,361.99,364.79
09-07 20:00:00,142.0,147.99,148.99,154.99,151.99,149.192
09-07 21:00:00,0.0,0.0,0.0,0.0,0.0,0.0
09-07 22:00:00,0.0,0.0,0.0,0.0,0.0,0.0
09-07 23:00:00,0.0,0.0,0.0,0.0,0.0,0.0
10-07 00:00:00,0.0,0.0,0.0,0.0,0.0,0.0
10-07 01:00:00,0.0,0.0,0.0,0.0,0.0,0.0
10-07 02:00:00,0.0,0.0,0.0,0.0,0.0,0.0
10-07 03:00:00,0.0,0.0,0.0,0.0,0.0,0.0
10-07 04:00:00,0.0,0.0,0.0,0.0,0.0,0.0
10-07 05:00:00,0.0,0.0,0.0,0.0,0.0,0.0
10-07 06:00:00,0.0,0.0,0.0,0.0,0.0,0.0
10-07 07:00:00,0.0,0.0,0.0,0.0,0.0,0.0
10-07 08:00:00,0.0,0.0,0.0,0.0,0.0,0.0
10-07 09:00:00,0.0,0.0,0.0,0.0,0.0,0.0
10-07 10:00:00,22.84,23.57,15.6,13.81,13.81,17.926
10-07 11:00:00,238.99,236.99,230.99,226.99,229.99,232.79000000000002
10-07 12:00:00,457.99,447.99,438.99,439.99,426.99,442.39
10-07 13:00:00,630.99,624.99,618.99,619.99,605.99,620.1899999999999
10-07 14:00:00,757.99,743.99,739.99,740.99,732.99,743.1899999999999
10-07 15:00:00,810.99,808.99,795.99,796.99,788.99,800.39
10-07 16:00:00,804.99,794.99,786.99,774.99,769.99,786.39
10-07 17:00:00,720.99,710.99,707.99,707.99,692.99,708.1899999999999
10-07 18:00:00,572.99,558.99,561.99,564.99,552.99,562.39
10-07 19:00:00,379.99,364.99,368.99,368.99,331.99,362.99
10-07 20:00:00,153.99,147.99,146.0,151.99,133.0,146.594
10-07 21:00:00,0.0,0.0,0.0,0.0,0.0,0.0
10-07 22:00:00,0.0,0.0,0.0,0.0,0.0,0.0
10-07 23:00:00,0.0,0.0,0.0,0.0,0.0,0.0
11-07 00:00:00,0.0,0.0,0.0,0.0,0.0,0.0
11-07 01:00:00,0.0,0.0,0.0,0.0,0.0,0.0
11-07 02:00:00,0.0,0.0,0.0,0.0,0.0,0.0
11-07 03:00:00,0.0,0.0,0.0,0.0,0.0,0.0
11-07 04:00:00,0.0,0.0,0.0,0.0,0.0,0.0
11-07 05:00:00,0.0,0.0,0.0,0.0,0.0,0.0
11-07 06:00:00,0.0,0.0,0.0,0.0,0.0,0.0
11-07 07:00:00,0.0,0.0,0.0,0.0,0.0,0.0
11-07 08:00:00,0.0,0.0,0.0,0.0,0.0,0.0
11-07 09:00:00,0.0,0.0,0.0,0.0,0.0,0.0
11-07 10:00:00,24.4,26.08,15.6,15.6,4.0,17.136
11-07 11:00:00,239.99,238.99,232.99,220.99,36.0,193.792
11-07 12:00:00,461.99,450.99,444.99,438.99,435.99,446.59
11-07 13:00:00,633.99,624.99,626.99,621.99,611.99,623.99
11-07 14:00:00,757.99,747.99,745.99,743.99,735.99,746.39
11-07 15:00:00,810.99,800.99,802.99,800.99,724.99,788.1899999999999
11-07 16:00:00,805.99,769.99,788.99,791.99,658.99,763.1899999999999
11-07 17:00:00,720.99,574.99,705.99,707.99,578.99,657.79
11-07 18:00:00,575.99,562.99,560.99,565.99,425.0,538.192
11-07 19:00:00,378.99,357.99,366.99,375.99,202.0,336.392
11-07 20:00:00,153.99,131.0,148.0,154.99,30.0,123.596
11-07 21:00:00,0.0,0.0,0.0,0.0,0.0,0.0
11-07 22:00:00,0.0,0.0,0.0,0.0,0.0,0.0
11-07 23:00:00,0.0,0.0,0.0,0.0,0.0,0.0
12-07 00:00:00,0.0,0.0,0.0,0.0,0.0,0.0
12-07 01:00:00,0.0,0.0,0.0,0.0,0.0,0.0
12-07 02:00:00,0.0,0.0,0.0,0.0,0.0,0.0
12-07 03:00:00,0.0,0.0,0.0,0.0,0.0,0.0
12-07 04:00:00,0.0,0.0,0.0,0.0,0.0,0.0
12-07 05:00:00,0.0,0.0,0.0,0.0,0.0,0.0
12-07 06:00:00,0.0,0.0,0.0,0.0,0.0,0.0
12-07 07:00:00,0.0,0.0,0.0,0.0,0.0,0.0
12-07 08:00:00,0.0,0.0,0.0,0.0,0.0,0.0
12-07 09:00:00,0.0,0.0,0.0,0.0,0.0,0.0
12-07 10:00:00,23.59,18.93,15.6,15.6,9.0,16.544
12-07 11:00:00,236.99,242.99,232.99,231.99,202.0,229.392
12-07 12:00:00,444.99,305.0,440.99,445.99,427.99,412.992
12-07 13:00:00,622.99,454.0,620.99,624.99,591.99,582.992
12-07 14:00:00,749.99,600.99,742.99,584.99,669.99,669.79
12-07 15:00:00,798.99,788.99,799.99,688.99,612.99,737.99
12-07 16:00:00,788.99,619.99,790.99,677.99,533.0,682.192
12-07 17:00:00,694.99,565.99,711.99,647.99,451.0,614.392
12-07 18:00:00,438.0,392.0,568.99,505.99,382.0,457.396
12-07 19:00:00,160.0,309.0,375.99,357.99,254.0,291.396
12-07 20:00:00,77.0,134.0,155.99,108.0,133.0,121.598
12-07 21:00:00,0.0,0.0,0.0,0.0,0.0,0.0
12-07 22:00:00,0.0,0.0,0.0,0.0,0.0,0.0
12-07 23:00:00,0.0,0.0,0.0,0.0,0.0,0.0
13-07 00:00:00,0.0,0.0,0.0,0.0,0.0,0.0
13-07 01:00:00,0.0,0.0,0.0,0.0,0.0,0.0
13-07 02:00:00,0.0,0.0,0.0,0.0,0.0,0.0
13-07 03:00:00,0.0,0.0,0.0,0.0,0.0,0.0
13-07 04:00:00,0.0,0.0,0.0,0.0,0.0,0.0
13-07 05:00:00,0.0,0.0,0.0,0.0,0.0,0.0
13-07 06:00:00,0.0,0.0,0.0,0.0,0.0,0.0
13-07 07:00:00,0.0,0.0,0.0,0.0,0.0,0.0
13-07 08:00:00,0.0,0.0,0.0,0.0,0.0,0.0
13-07 09:00:00,0.0,0.0,0.0,0.0,0.0,0.0
13-07 10:00:00,22.09,24.42,21.3,17.36,18.94,20.822
13-07 11:00:00,231.99,236.99,231.99,235.99,231.99,233.79000000000002
13-07 12:00:00,447.99,447.99,445.99,444.99,434.99,444.39
13-07 13:00:00,621.99,624.99,630.99,622.99,610.99,622.39
13-07 14:00:00,747.99,747.99,750.99,749.99,722.99,743.99
13-07 15:00:00,783.99,804.99,808.99,810.99,773.99,796.5899999999999
13-07 16:00:00,783.99,769.99,794.99,797.99,691.99,767.79
13-07 17:00:00,704.99,708.99,719.99,701.99,644.99,696.1899999999999
13-07 18:00:00,533.99,560.99,568.99,558.99,318.0,508.192
13-07 19:00:00,351.99,366.99,376.99,350.99,319.99,353.39
13-07 20:00:00,145.0,147.0,160.99,124.0,152.99,145.996
13-07 21:00:00,0.0,0.0,0.0,0.0,0.0,0.0
13-07 22:00:00,0.0,0.0,0.0,0.0,0.0,0.0
13-07 23:00:00,0.0,0.0,0.0,0.0,0.0,0.0
14-07 00:00:00,0.0,0.0,0.0,0.0,0.0,0.0
14-07 01:00:00,0.0,0.0,0.0,0.0,0.0,0.0
14-07 02:00:00,0.0,0.0,0.0,0.0,0.0,0.0
14-07 03:00:00,0.0,0.0,0.0,0.0,0.0,0.0
14-07 04:00:00,0.0,0.0,0.0,0.0,0.0,0.0
14-07 05:00:00,0.0,0.0,0.0,0.0,0.0,0.0
14-07 06:00:00,0.0,0.0,0.0,0.0,0.0,0.0
14-07 07:00:00,0.0,0.0,0.0,0.0,0.0,0.0
14-07 08:00:00,0.0,0.0,0.0,0.0,0.0,0.0
14-07 09:00:00,0.0,0.0,0.0,0.0,0.0,0.0
14-07 10:00:00,24.44,22.84,22.89,18.95,3.0,18.424
14-07 11:00:00,235.99,234.99,231.99,227.99,111.0,208.392
14-07 12:00:00,454.99,448.99,445.99,444.99,204.0,399.79200000000003
14-07 13:00:00,627.99,621.99,627.99,616.99,311.0,561.192
14-07 14:00:00,750.99,740.99,751.99,746.99,174.0,632.992
14-07 15:00:00,803.99,797.99,808.99,803.99,393.0,721.592
14-07 16:00:00,786.99,792.99,799.99,790.99,651.99,764.5899999999999
14-07 17:00:00,703.99,706.99,716.99,695.99,691.99,703.1899999999999
14-07 18:00:00,560.99,555.99,570.99,566.99,549.99,560.99
14-07 19:00:00,374.99,278.0,380.99,377.99,356.99,353.79200000000003
14-07 20:00:00,149.0,137.0,160.99,162.99,149.0,151.796
14-07 21:00:00,0.0,0.0,0.0,0.0,0.0,0.0
14-07 22:00:00,0.0,0.0,0.0,0.0,0.0,0.0
14-07 23:00:00,0.0,0.0,0.0,0.0,0.0,0.0
15-07 00:00:00,0.0,0.0,0.0,0.0,0.0,0.0
15-07 01:00:00,0.0,0.0,0.0,0.0,0.0,0.0
15-07 02:00:00,0.0,0.0,0.0,0.0,0.0,0.0
15-07 03:00:00,0.0,0.0,0.0,0.0,0.0,0.0
15-07 04:00:00,0.0,0.0,0.0,0.0,0.0,0.0
15-07 05:00:00,0.0,0.0,0.0,0.0,0.0,0.0
15-07 06:00:00,0.0,0.0,0.0,0.0,0.0,0.0
15-07 07:00:00,0.0,0.0,0.0,0.0,0.0,0.0
15-07 08:00:00,0.0,0.0,0.0,0.0,0.0,0.0
15-07 09:00:00,0.0,0.0,0.0,0.0,0.0,0.0
15-07 10:00:00,22.86,25.33,25.27,13.82,17.37,20.93
15-07 11:00:00,237.99,241.99,229.99,229.99,225.99,233.19
15-07 12:00:00,453.99,455.99,436.99,442.99,421.99,442.39
15-07 13:00:00,625.99,628.99,619.99,621.99,601.99,619.79
15-07 14:00:00,752.99,748.99,745.99,747.99,728.99,744.99
15-07 15:00:00,801.99,810.99,793.99,800.99,797.99,801.1899999999999
15-07 16:00:00,779.99,793.99,793.99,791.99,714.99,774.99
15-07 17:00:00,709.99,710.99,714.99,709.99,599.99,689.1899999999999
15-07 18:00:00,490.99,568.99,569.99,567.99,359.0,511.392
15-07 19:00:00,356.99,369.99,383.99,382.99,223.0,343.392
15-07 20:00:00,112.0,153.0,164.99,154.99,109.0,138.796
15-07 21:00:00,0.0,0.0,0.0,0.0,0.0,0.0
15-07 22:00:00,0.0,0.0,0.0,0.0,0.0,0.0
15-07 23:00:00,0.0,0.0,0.0,0.0,0.0,0.0
16-07 00:00:00,0.0,0.0,0.0,0.0,0.0,0.0
16-07 01:00:00,0.0,0.0,0.0,0.0,0.0,0.0
16-07 02:00:00,0.0,0.0,0.0,0.0,0.0,0.0
16-07 03:00:00,0.0,0.0,0.0,0.0,0.0,0.0
16-07 04:00:00,0.0,0.0,0.0,0.0,0.0,0.0
16-07 05:00:00,0.0,0.0,0.0,0.0,0.0,0.0
16-07 06:00:00,0.0,0.0,0.0,0.0,0.0,0.0
16-07 07:00:00,0.0,0.0,0.0,0.0,0.0,0.0
16-07 08:00:00,0.0,0.0,0.0,0.0,0.0,0.0
16-07 09:00:00,0.0,0.0,0.0,0.0,0.0,0.0
16-07 10:00:00,19.9,25.3,25.31,20.55,22.07,22.625999999999998
16-07 11:00:00,214.0,238.99,235.99,230.99,227.99,229.592
16-07 12:00:00,381.99,453.99,448.99,441.99,435.99,432.59
16-07 13:00:00,623.99,631.99,628.99,616.99,607.99,621.99
16-07 14:00:00,750.99,755.99,748.99,741.99,732.99,746.1899999999999
16-07 15:00:00,800.99,813.99,810.99,803.99,788.99,803.79
16-07 16:00:00,787.99,805.99,797.99,781.99,767.99,788.39
16-07 17:00:00,708.99,721.99,718.99,707.99,679.99,707.5899999999999
16-07 18:00:00,511.99,575.99,569.99,567.99,537.99,552.79
16-07 19:00:00,281.0,376.99,382.99,380.99,294.0,343.194
16-07 20:00:00,70.0,158.99,131.0,138.0,99.0,119.398
16-07 21:00:00,0.0,0.0,0.0,0.0,0.0,0.0
16-07 22:00:00,0.0,0.0,0.0,0.0,0.0,0.0
16-07 23:00:00,0.0,0.0,0.0,0.0,0.0,0.0
17-07 00:00:00,0.0,0.0,0.0,0.0,0.0,0.0
17-07 01:00:00,0.0,0.0,0.0,0.0,0.0,0.0
17-07 02:00:00,0.0,0.0,0.0,0.0,0.0,0.0
17-07 03:00:00,0.0,0.0,0.0,0.0,0.0,0.0
17-07 04:00:00,0.0,0.0,0.0,0.0,0.0,0.0
17-07 05:00:00,0.0,0.0,0.0,0.0,0.0,0.0
17-07 06:00:00,0.0,0.0,0.0,0.0,0.0,0.0
17-07 07:00:00,0.0,0.0,0.0,0.0,0.0,0.0
17-07 08:00:00,0.0,0.0,0.0,0.0,0.0,0.0
17-07 09:00:00,0.0,0.0,0.0,0.0,0.0,0.0
17-07 10:00:00,23.71,24.6,26.16,10.0,24.52,21.798
17-07 11:00:00,234.99,237.99,232.99,249.99,240.99,239.39000000000001
17-07 12:00:00,447.99,466.99,445.99,428.99,420.99,442.18999999999994
17-07 13:00:00,620.99,639.99,624.99,590.99,602.99,615.99
17-07 14:00:00,747.99,757.99,743.99,742.99,729.99,744.5899999999999
17-07 15:00:00,800.99,759.99,800.99,785.99,645.99,758.79
17-07 16:00:00,788.99,734.99,763.99,795.99,671.99,751.1899999999999
17-07 17:00:00,702.99,670.99,616.99,712.99,511.0,642.992
17-07 18:00:00,549.99,551.99,482.99,586.99,453.0,524.992
17-07 19:00:00,363.99,358.99,308.0,369.99,272.0,334.594
17-07 20:00:00,128.0,74.0,113.0,165.99,57.0,107.598
17-07 21:00:00,0.0,0.0,0.0,0.0,0.0,0.0
17-07 22:00:00,0.0,0.0,0.0,0.0,0.0,0.0
17-07 23:00:00,0.0,0.0,0.0,0.0,0.0,0.0
18-07 00:00:00,0.0,0.0,0.0,0.0,0.0,0.0
18-07 01:00:00,0.0,0.0,0.0,0.0,0.0,0.0
18-07 02:00:00,0.0,0.0,0.0,0.0,0.0,0.0
18-07 03:00:00,0.0,0.0,0.0,0.0,0.0,0.0
18-07 04:00:00,0.0,0.0,0.0,0.0,0.0,0.0
18-07 05:00:00,0.0,0.0,0.0,0.0,0.0,0.0
18-07 06:00:00,0.0,0.0,0.0,0.0,0.0,0.0
18-07 07:00:00,0.0,0.0,0.0,0.0,0.0,0.0
18-07 08:00:00,0.0,0.0,0.0,0.0,0.0,0.0
18-07 09:00:00,0.0,0.0,0.0,0.0,0.0,0.0
18-07 10:00:00,27.02,14.81,21.49,23.06,23.73,22.022
18-07 11:00:00,234.99,241.99,244.99,238.99,83.0,208.792
18-07 12:00:00,453.99,453.99,446.99,448.99,300.0,420.79200000000003
18-07 13:00:00,622.99,635.99,622.99,628.99,604.99,623.1899999999999
18-07 14:00:00,752.99,751.99,745.99,755.99,586.99,718.79
18-07 15:00:00,802.99,818.99,807.99,814.99,784.99,805.99
18-07 16:00:00,789.99,810.99,790.99,805.99,715.99,782.79
18-07 17:00:00,655.99,726.99,708.99,722.99,663.99,695.79
18-07 18:00:00,477.99,577.99,561.99,579.99,530.99,545.79
18-07 19:00:00,287.0,382.99,367.99,386.99,348.99,354.79200000000003
18-07 20:00:00,133.0,163.99,148.0,164.99,127.0,147.39600000000002
18-07 21:00:00,0.0,0.0,0.0,0.0,0.0,0.0
18-07 22:00:00,0.0,0.0,0.0,0.0,0.0,0.0
18-07 23:00:00,0.0,0.0,0.0,0.0,0.0,0.0
19-07 00:00:00,0.0,0.0,0.0,0.0,0.0,0.0
19-07 01:00:00,0.0,0.0,0.0,0.0,0.0,0.0
19-07 02:00:00,0.0,0.0,0.0,0.0,0.0,0.0
19-07 03:00:00,0.0,0.0,0.0,0.0,0.0,0.0
19-07 04:00:00,0.0,0.0,0.0,0.0,0.0,0.0
19-07 05:00:00,0.0,0.0,0.0,0.0,0.0,0.0
19-07 06:00:00,0.0,0.0,0.0,0.0,0.0,0.0
19-07 07:00:00,0.0,0.0,0.0,0.0,0.0,0.0
19-07 08:00:00,0.0,0.0,0.0,0.0,0.0,0.0
19-07 09:00:00,0.0,0.0,0.0,0.0,0.0,0.0
19-07 10:00:00,26.2,26.2,27.12,18.36,3.0,20.176
19-07 11:00:00,236.99,240.99,168.0,254.99,216.0,223.394
19-07 12:00:00,450.99,461.99,346.0,443.99,400.99,420.79200000000003
19-07 13:00:00,627.99,638.99,618.99,597.99,484.0,593.592
19-07 14:00:00,751.99,763.99,740.99,690.99,672.99,724.1899999999999
19-07 15:00:00,804.99,827.99,802.99,743.99,699.99,775.99
19-07 16:00:00,796.99,818.99,794.99,753.99,533.0,739.592
19-07 17:00:00,710.99,738.99,712.99,713.99,507.0,676.792
19-07 18:00:00,566.99,590.99,568.99,585.99,457.0,553.992
19-07 19:00:00,369.99,390.99,376.99,384.99,79.0,320.392
19-07 20:00:00,149.0,167.99,162.99,144.0,50.0,134.796
19-07 21:00:00,0.0,0.0,0.0,0.0,0.0,0.0
19-07 22:00:00,0.0,0.0,0.0,0.0,0.0,0.0
19-07 23:00:00,0.0,0.0,0.0,0.0,0.0,0.0
20-07 00:00:00,0.0,0.0,0.0,0.0,0.0,0.0
20-07 01:00:00,0.0,0.0,0.0,0.0,0.0,0.0
20-07 02:00:00,0.0,0.0,0.0,0.0,0.0,0.0
20-07 03:00:00,0.0,0.0,0.0,0.0,0.0,0.0
20-07 04:00:00,0.0,0.0,0.0,0.0,0.0,0.0
20-07 05:00:00,0.0,0.0,0.0,0.0,0.0,0.0
20-07 06:00:00,0.0,0.0,0.0,0.0,0.0,0.0
20-07 07:00:00,0.0,0.0,0.0,0.0,0.0,0.0
20-07 08:00:00,0.0,0.0,0.0,0.0,0.0,0.0
20-07 09:00:00,0.0,0.0,0.0,0.0,0.0,0.0
20-07 10:00:00,26.24,27.06,27.93,25.44,22.32,25.797999999999995
20-07 11:00:00,236.99,244.99,239.99,227.99,235.99,237.19
20-07 12:00:00,455.99,454.99,455.99,446.99,439.99,450.78999999999996
20-07 13:00:00,630.99,640.99,637.99,625.99,609.99,629.1899999999999
20-07 14:00:00,766.99,765.99,762.99,756.99,746.99,759.99
20-07 15:00:00,821.99,824.99,826.99,815.99,804.99,818.99
20-07 16:00:00,817.99,816.99,813.99,807.99,791.99,809.79
20-07 17:00:00,705.99,728.99,729.99,724.99,698.99,717.79
20-07 18:00:00,573.99,582.99,579.99,578.99,563.99,575.99
20-07 19:00:00,374.99,385.99,383.99,383.99,371.99,380.19
20-07 20:00:00,172.99,170.99,162.99,164.99,152.0,164.792
20-07 21:00:00,0.0,0.0,0.0,0.0,0.0,0.0
20-07 22:00:00,0.0,0.0,0.0,0.0,0.0,0.0
20-07 23:00:00,0.0,0.0,0.0,0.0,0.0,0.0
21-07 00:00:00,0.0,0.0,0.0,0.0,0.0,0.0
21-07 01:00:00,0.0,0.0,0.0,0.0,0.0,0.0
21-07 02:00:00,0.0,0.0,0.0,0.0,0.0,0.0
21-07 03:00:00,0.0,0.0,0.0,0.0,0.0,0.0
21-07 04:00:00,0.0,0.0,0.0,0.0,0.0,0.0
21-07 05:00:00,0.0,0.0,0.0,0.0,0.0,0.0
21-07 06:00:00,0.0,0.0,0.0,0.0,0.0,0.0
21-07 07:00:00,0.0,0.0,0.0,0.0,0.0,0.0
21-07 08:00:00,0.0,0.0,0.0,0.0,0.0,0.0
21-07 09:00:00,0.0,0.0,0.0,0.0,0.0,0.0
21-07 10:00:00,19.17,28.74,28.81,27.09,26.28,26.018
21-07 11:00:00,219.0,240.99,239.99,235.99,231.99,233.592
21-07 12:00:00,454.99,461.99,452.99,453.99,438.99,452.59
21-07 13:00:00,614.99,637.99,0.0,631.99,595.99,496.192
21-07 14:00:00,751.99,766.99,758.99,759.99,752.99,758.1899999999999
21-07 15:00:00,854.99,821.99,734.99,822.99,810.99,809.1899999999999
21-07 16:00:00,788.99,822.99,714.99,814.99,784.99,785.39
21-07 17:00:00,495.0,738.99,668.99,730.99,655.99,657.992
21-07 18:00:00,426.0,590.99,560.99,584.99,538.99,540.392
21-07 19:00:00,366.99,393.99,360.99,396.99,375.99,378.99
21-07 20:00:00,161.0,164.99,134.0,173.99,149.0,156.596
21-07 21:00:00,0.0,0.0,0.0,0.0,0.0,0.0
21-07 22:00:00,0.0,0.0,0.0,0.0,0.0,0.0
21-07 23:00:00,0.0,0.0,0.0,0.0,0.0,0.0
22-07 00:00:00,0.0,0.0,0.0,0.0,0.0,0.0
22-07 01:00:00,0.0,0.0,0.0,0.0,0.0,0.0
22-07 02:00:00,0.0,0.0,0.0,0.0,0.0,0.0
22-07 03:00:00,0.0,0.0,0.0,0.0,0.0,0.0
22-07 04:00:00,0.0,0.0,0.0,0.0,0.0,0.0
22-07 05:00:00,0.0,0.0,0.0,0.0,0.0,0.0
22-07 06:00:00,0.0,0.0,0.0,0.0,0.0,0.0
22-07 07:00:00,0.0,0.0,0.0,0.0,0.0,0.0
22-07 08:00:00,0.0,0.0,0.0,0.0,0.0,0.0
22-07 09:00:00,0.0,0.0,0.0,0.0,0.0,0.0
22-07 10:00:00,29.69,29.69,27.94,27.94,27.97,28.646000000000004
22-07 11:00:00,255.99,246.99,233.99,233.99,233.99,240.99
22-07 12:00:00,448.99,467.99,445.99,437.99,443.99,448.98999999999995
22-07 13:00:00,593.99,646.99,630.99,620.99,624.99,623.5899999999999
22-07 14:00:00,583.0,776.99,746.99,742.99,755.99,721.192
22-07 15:00:00,752.99,831.99,790.99,594.0,784.99,750.992
22-07 16:00:00,774.99,828.99,778.99,699.99,721.99,760.99
22-07 17:00:00,603.99,743.99,718.99,650.99,651.99,673.99
22-07 18:00:00,583.99,595.99,534.99,574.99,538.99,565.79
22-07 19:00:00,390.99,398.99,341.99,388.99,312.0,366.592
22-07 20:00:00,173.99,177.99,101.0,165.0,128.0,149.196
22-07 21:00:00,0.0,0.0,0.0,0.0,0.0,0.0
22-07 22:00:00,0.0,0.0,0.0,0.0,0.0,0.0
22-07 23:00:00,0.0,0.0,0.0,0.0,0.0,0.0
23-07 00:00:00,0.0,0.0,0.0,0.0,0.0,0.0
23-07 01:00:00,0.0,0.0,0.0,0.0,0.0,0.0
23-07 02:00:00,0.0,0.0,0.0,0.0,0.0,0.0
23-07 03:00:00,0.0,0.0,0.0,0.0,0.0,0.0
23-07 04:00:00,0.0,0.0,0.0,0.0,0.0,0.0
23-07 05:00:00,0.0,0.0,0.0,0.0,0.0,0.0
23-07 06:00:00,0.0,0.0,0.0,0.0,0.0,0.0
23-07 07:00:00,0.0,0.0,0.0,0.0,0.0,0.0
23-07 08:00:00,0.0,0.0,0.0,0.0,0.0,0.0
23-07 09:00:00,0.0,0.0,0.0,0.0,0.0,0.0
23-07 10:00:00,28.84,31.42,30.58,29.67,29.74,30.05
23-07 11:00:00,238.99,244.99,244.99,243.99,237.99,242.19
23-07 12:00:00,448.99,461.99,453.99,457.99,446.99,453.98999999999995
23-07 13:00:00,627.99,641.99,637.99,632.99,632.99,634.79
23-07 14:00:00,759.99,770.99,762.99,764.99,764.99,764.79
23-07 15:00:00,817.99,830.99,812.99,823.99,823.99,821.99
23-07 16:00:00,814.99,826.99,804.99,815.99,806.99,813.99
23-07 17:00:00,727.99,742.99,734.99,732.99,724.99,732.79
23-07 18:00:00,584.99,591.99,437.0,585.99,588.99,557.792
23-07 19:00:00,393.99,394.99,391.99,394.99,389.99,393.19
23-07 20:00:00,162.0,172.99,115.0,170.99,175.99,159.394
23-07 21:00:00,0.0,0.0,0.0,0.0,0.0,0.0
23-07 22:00:00,0.0,0.0,0.0,0.0,0.0,0.0
23-07 23:00:00,0.0,0.0,0.0,0.0,0.0,0.0
24-07 00:00:00,0.0,0.0,0.0,0.0,0.0,0.0
24-07 01:00:00,0.0,0.0,0.0,0.0,0.0,0.0
24-07 02:00:00,0.0,0.0,0.0,0.0,0.0,0.0
24-07 03:00:00,0.0,0.0,0.0,0.0,0.0,0.0
24-07 04:00:00,0.0,0.0,0.0,0.0,0.0,0.0
24-07 05:00:00,0.0,0.0,0.0,0.0,0.0,0.0
24-07 06:00:00,0.0,0.0,0.0,0.0,0.0,0.0
24-07 07:00:00,0.0,0.0,0.0,0.0,0.0,0.0
24-07 08:00:00,0.0,0.0,0.0,0.0,0.0,0.0
24-07 09:00:00,0.0,0.0,0.0,0.0,0.0,0.0
24-07 10:00:00,30.55,31.38,31.48,31.38,28.9,30.738
24-07 11:00:00,241.99,242.99,241.99,240.99,238.99,241.39000000000001
24-07 12:00:00,453.99,469.99,451.99,453.99,450.99,456.18999999999994
24-07 13:00:00,633.99,647.99,633.99,633.99,632.99,636.5899999999999
24-07 14:00:00,753.99,778.99,766.99,769.99,760.99,766.1899999999999
24-07 15:00:00,769.99,833.99,829.99,824.99,763.99,804.5899999999999
24-07 16:00:00,740.99,829.99,817.99,816.99,756.99,792.5899999999999
24-07 17:00:00,725.99,749.99,729.99,733.99,690.99,726.1899999999999
24-07 18:00:00,580.99,600.99,594.99,590.99,586.99,590.99
24-07 19:00:00,360.99,401.99,396.99,393.99,257.0,362.192
24-07 20:00:00,77.0,179.99,171.99,173.99,176.99,155.99200000000002
24-07 21:00:00,0.0,0.0,0.0,0.0,0.0,0.0
24-07 22:00:00,0.0,0.0,0.0,0.0,0.0,0.0
24-07 23:00:00,0.0,0.0,0.0,0.0,0.0,0.0
25-07 00:00:00,0.0,0.0,0.0,0.0,0.0,0.0
25-07 01:00:00,0.0,0.0,0.0,0.0,0.0,0.0
25-07 02:00:00,0.0,0.0,0.0,0.0,0.0,0.0
25-07 03:00:00,0.0,0.0,0.0,0.0,0.0,0.0
25-07 04:00:00,0.0,0.0,0.0,0.0,0.0,0.0
25-07 05:00:00,0.0,0.0,0.0,0.0,0.0,0.0
25-07 06:00:00,0.0,0.0,0.0,0.0,0.0,0.0
25-07 07:00:00,0.0,0.0,0.0,0.0,0.0,0.0
25-07 08:00:00,0.0,0.0,0.0,0.0,0.0,0.0
25-07 09:00:00,0.0,0.0,0.0,0.0,0.0,0.0
25-07 10:00:00,14.0,30.52,33.23,32.28,29.79,27.964
25-07 11:00:00,170.0,250.99,245.99,0.0,234.99,180.394
25-07 12:00:00,441.99,460.99,461.99,460.99,440.99,453.39
25-07 13:00:00,638.99,642.99,650.99,642.99,627.99,640.79
25-07 14:00:00,755.99,771.99,781.99,772.99,754.99,767.5899999999999
25-07 15:00:00,641.99,830.99,841.99,831.99,803.99,790.1899999999999
25-07 16:00:00,674.99,827.99,828.99,819.99,741.99,778.79
25-07 17:00:00,711.99,743.99,744.99,736.99,355.0,658.592
25-07 18:00:00,397.0,598.99,603.99,592.99,344.0,507.39400000000006
25-07 19:00:00,394.99,400.99,407.99,395.99,166.0,353.192
25-07 20:00:00,172.99,86.0,182.99,174.99,18.0,126.994
25-07 21:00:00,0.0,0.0,0.0,0.0,0.0,0.0
25-07 22:00:00,0.0,0.0,0.0,0.0,0.0,0.0
25-07 23:00:00,0.0,0.0,0.0,0.0,0.0,0.0
26-07 00:00:00,0.0,0.0,0.0,0.0,0.0,0.0
26-07 01:00:00,0.0,0.0,0.0,0.0,0.0,0.0
26-07 02:00:00,0.0,0.0,0.0,0.0,0.0,0.0
26-07 03:00:00,0.0,0.0,0.0,0.0,0.0,0.0
26-07 04:00:00,0.0,0.0,0.0,0.0,0.0,0.0
26-07 05:00:00,0.0,0.0,0.0,0.0,0.0,0.0
26-07 06:00:00,0.0,0.0,0.0,0.0,0.0,0.0
26-07 07:00:00,0.0,0.0,0.0,0.0,0.0,0.0
26-07 08:00:00,0.0,0.0,0.0,0.0,0.0,0.0
26-07 09:00:00,0.0,0.0,0.0,0.0,0.0,0.0
26-07 10:00:00,31.52,34.15,33.18,33.18,31.44,32.694
26-07 11:00:00,247.99,251.99,246.99,242.99,241.99,246.39000000000001
26-07 12:00:00,457.99,467.99,458.99,460.99,454.99,460.18999999999994
26-07 13:00:00,638.99,652.99,640.99,642.99,637.99,642.79
26-07 14:00:00,768.99,791.99,769.99,776.99,766.99,774.99
26-07 15:00:00,705.99,843.99,833.99,835.99,816.99,807.39
26-07 16:00:00,491.0,835.99,825.99,827.99,804.99,757.192
26-07 17:00:00,571.0,754.99,741.99,747.99,710.99,705.392
26-07 18:00:00,555.99,605.99,597.99,599.99,502.99,572.5899999999999
26-07 19:00:00,252.0,405.99,397.99,405.99,336.0,359.594
26-07 20:00:00,107.0,183.99,179.99,178.99,22.0,134.394
26-07 21:00:00,0.0,0.0,0.0,0.0,0.0,0.0
26-07 22:00:00,0.0,0.0,0.0,0.0,0.0,0.0
26-07 23:00:00,0.0,0.0,0.0,0.0,0.0,0.0
27-07 00:00:00,0.0,0.0,0.0,0.0,0.0,0.0
27-07 01:00:00,0.0,0.0,0.0,0.0,0.0,0.0
27-07 02:00:00,0.0,0.0,0.0,0.0,0.0,0.0
27-07 03:00:00,0.0,0.0,0.0,0.0,0.0,0.0
27-07 04:00:00,0.0,0.0,0.0,0.0,0.0,0.0
27-07 05:00:00,0.0,0.0,0.0,0.0,0.0,0.0
27-07 06:00:00,0.0,0.0,0.0,0.0,0.0,0.0
27-07 07:00:00,0.0,0.0,0.0,0.0,0.0,0.0
27-07 08:00:00,0.0,0.0,0.0,0.0,0.0,0.0
27-07 09:00:00,0.0,0.0,0.0,0.0,0.0,0.0
27-07 10:00:00,32.34,34.82,33.26,35.07,32.34,33.565999999999995
27-07 11:00:00,244.99,250.99,247.99,247.99,243.99,247.19
27-07 12:00:00,464.99,465.99,463.99,461.99,463.99,464.18999999999994
27-07 13:00:00,643.99,652.99,653.99,647.99,649.99,649.79
27-07 14:00:00,777.99,774.99,767.99,785.99,780.99,777.5899999999999
27-07 15:00:00,832.99,810.99,836.99,841.99,840.99,832.79
27-07 16:00:00,829.99,769.99,800.99,833.99,823.99,811.79
27-07 17:00:00,736.99,640.99,646.99,753.99,626.99,681.1899999999999
27-07 18:00:00,597.99,494.99,561.99,604.99,533.99,558.79
27-07 19:00:00,406.99,273.0,365.99,407.99,297.0,350.194
27-07 20:00:00,173.0,121.0,115.0,178.99,64.0,130.398
27-07 21:00:00,0.0,0.0,0.0,0.0,0.0,0.0
27-07 22:00:00,0.0,0.0,0.0,0.0,0.0,0.0
27-07 23:00:00,0.0,0.0,0.0,0.0,0.0,0.0
28-07 00:00:00,0.0,0.0,0.0,0.0,0.0,0.0
28-07 01:00:00,0.0,0.0,0.0,0.0,0.0,0.0
28-07 02:00:00,0.0,0.0,0.0,0.0,0.0,0.0
28-07 03:00:00,0.0,0.0,0.0,0.0,0.0,0.0
28-07 04:00:00,0.0,0.0,0.0,0.0,0.0,0.0
28-07 05:00:00,0.0,0.0,0.0,0.0,0.0,0.0
28-07 06:00:00,0.0,0.0,0.0,0.0,0.0,0.0
28-07 07:00:00,0.0,0.0,0.0,0.0,0.0,0.0
28-07 08:00:00,0.0,0.0,0.0,0.0,0.0,0.0
28-07 09:00:00,0.0,0.0,0.0,0.0,0.0,0.0
28-07 10:00:00,16.0,33.17,33.17,30.72,34.07,29.426
28-07 11:00:00,247.99,247.99,247.99,246.99,244.99,247.19
28-07 12:00:00,458.99,461.99,461.99,471.99,462.99,463.59
28-07 13:00:00,649.99,643.99,640.99,649.99,644.99,645.99
28-07 14:00:00,749.99,777.99,765.99,783.99,769.99,769.5899999999999
28-07 15:00:00,720.99,818.99,820.99,843.99,824.99,805.99
28-07 16:00:00,770.99,796.99,807.99,835.99,789.99,800.39
28-07 17:00:00,743.99,620.99,721.99,751.99,691.99,706.1899999999999
28-07 18:00:00,465.0,500.99,584.99,602.99,446.0,519.994
28-07 19:00:00,263.0,395.99,386.99,404.99,280.0,346.194
28-07 20:00:00,56.0,139.0,170.0,167.0,97.0,125.8
28-07 21:00:00,0.0,0.0,0.0,0.0,0.0,0.0
28-07 22:00:00,0.0,0.0,0.0,0.0,0.0,0.0
28-07 23:00:00,0.0,0.0,0.0,0.0,0.0,0.0
29-07 00:00:00,0.0,0.0,0.0,0.0,0.0,0.0
29-07 01:00:00,0.0,0.0,0.0,0.0,0.0,0.0
29-07 02:00:00,0.0,0.0,0.0,0.0,0.0,0.0
29-07 03:00:00,0.0,0.0,0.0,0.0,0.0,0.0
29-07 04:00:00,0.0,0.0,0.0,0.0,0.0,0.0
29-07 05:00:00,0.0,0.0,0.0,0.0,0.0,0.0
29-07 06:00:00,0.0,0.0,0.0,0.0,0.0,0.0
29-07 07:00:00,0.0,0.0,0.0,0.0,0.0,0.0
29-07 08:00:00,0.0,0.0,0.0,0.0,0.0,0.0
29-07 09:00:00,0.0,0.0,0.0,0.0,0.0,0.0
29-07 10:00:00,34.99,17.81,10.0,35.72,34.08,26.52
29-07 11:00:00,250.99,98.0,241.99,259.99,222.0,214.594
29-07 12:00:00,467.99,306.0,451.99,469.99,400.99,419.392
29-07 13:00:00,650.99,601.99,633.99,652.99,599.99,627.99
29-07 14:00:00,755.99,580.0,765.99,787.99,688.99,715.792
29-07 15:00:00,770.99,641.0,824.99,847.99,745.99,766.192
29-07 16:00:00,792.99,648.99,816.99,835.99,806.99,780.39
29-07 17:00:00,670.99,475.0,725.99,725.99,708.99,661.392
29-07 18:00:00,476.0,328.0,591.99,585.99,410.0,478.396
29-07 19:00:00,296.0,187.0,391.99,383.99,334.0,318.596
29-07 20:00:00,36.0,78.0,176.0,164.0,103.0,111.4
29-07 21:00:00,0.0,0.0,0.0,0.0,0.0,0.0
29-07 22:00:00,0.0,0.0,0.0,0.0,0.0,0.0
29-07 23:00:00,0.0,0.0,0.0,0.0,0.0,0.0
30-07 00:00:00,0.0,0.0,0.0,0.0,0.0,0.0
30-07 01:00:00,0.0,0.0,0.0,0.0,0.0,0.0
30-07 02:00:00,0.0,0.0,0.0,0.0,0.0,0.0
30-07 03:00:00,0.0,0.0,0.0,0.0,0.0,0.0
30-07 04:00:00,0.0,0.0,0.0,0.0,0.0,0.0
30-07 05:00:00,0.0,0.0,0.0,0.0,0.0,0.0
30-07 06:00:00,0.0,0.0,0.0,0.0,0.0,0.0
30-07 07:00:00,0.0,0.0,0.0,0.0,0.0,0.0
30-07 08:00:00,0.0,0.0,0.0,0.0,0.0,0.0
30-07 09:00:00,0.0,0.0,0.0,0.0,0.0,0.0
30-07 10:00:00,35.07,37.46,35.81,35.91,35.07,35.864
30-07 11:00:00,143.0,256.99,251.99,252.99,256.99,232.392
30-07 12:00:00,278.0,470.99,470.99,467.99,460.99,429.79200000000003
30-07 13:00:00,570.99,657.99,651.99,647.99,648.99,635.5899999999999
30-07 14:00:00,637.99,780.99,782.99,777.99,774.99,750.99
30-07 15:00:00,551.0,840.99,833.99,837.99,838.99,780.592
30-07 16:00:00,496.0,809.99,825.99,829.99,821.99,756.792
30-07 17:00:00,277.0,719.99,737.99,728.99,515.0,595.7940000000001
30-07 18:00:00,274.0,562.99,598.99,572.99,472.0,496.1940000000001
30-07 19:00:00,397.99,377.99,396.99,356.99,378.99,381.79
30-07 20:00:00,176.0,180.99,179.0,155.0,16.0,141.398
30-07 21:00:00,0.0,0.0,0.0,0.0,0.0,0.0
30-07 22:00:00,0.0,0.0,0.0,0.0,0.0,0.0
30-07 23:00:00,0.0,0.0,0.0,0.0,0.0,0.0
31-07 00:00:00,0.0,0.0,0.0,0.0,0.0,0.0
31-07 01:00:00,0.0,0.0,0.0,0.0,0.0,0.0
31-07 02:00:00,0.0,0.0,0.0,0.0,0.0,0.0
31-07 03:00:00,0.0,0.0,0.0,0.0,0.0,0.0
31-07 04:00:00,0.0,0.0,0.0,0.0,0.0,0.0
31-07 05:00:00,0.0,0.0,0.0,0.0,0.0,0.0
31-07 06:00:00,0.0,0.0,0.0,0.0,0.0,0.0
31-07 07:00:00,0.0,0.0,0.0,0.0,0.0,0.0
31-07 08:00:00,0.0,0.0,0.0,0.0,0.0,0.0
31-07 09:00:00,0.0,0.0,0.0,0.0,0.0,0.0
31-07 10:00:00,36.84,38.52,37.56,36.84,28.89,35.730000000000004
31-07 11:00:00,252.99,261.99,247.99,253.99,248.99,253.19
31-07 12:00:00,467.99,467.99,462.99,469.99,465.99,466.98999999999995
31-07 13:00:00,653.99,660.99,643.99,653.99,651.99,652.99
31-07 14:00:00,757.99,791.99,772.99,779.99,777.99,776.1899999999999
31-07 15:00:00,829.99,847.99,840.99,834.99,836.99,838.1899999999999
31-07 16:00:00,831.99,839.99,827.99,798.99,801.99,820.1899999999999
31-07 17:00:00,743.99,746.99,736.99,660.99,705.99,718.99
31-07 18:00:00,571.99,599.99,597.99,504.99,485.0,551.992
31-07 19:00:00,289.0,383.99,390.99,331.0,388.99,356.794
31-07 20:00:00,179.0,141.0,138.0,139.0,156.0,150.6
31-07 21:00:00,0.0,0.0,0.0,0.0,0.0,0.0
31-07 22:00:00,0.0,0.0,0.0,0.0,0.0,0.0
31-07 23:00:00,0.0,0.0,0.0,0.0,0.0,0.0
01-08 00:00:00,0.0,0.0,0.0,0.0,0.0,0.0
01-08 01:00:00,0.0,0.0,0.0,0.0,0.0,0.0
01-08 02:00:00,0.0,0.0,0.0,0.0,0.0,0.0
01-08 03:00:00,0.0,0.0,0.0,0.0,0.0,0.0
01-08 04:00:00,0.0,0.0,0.0,0.0,0.0,0.0
01-08 05:00:00,0.0,0.0,0.0,0.0,0.0,0.0
01-08 06:00:00,0.0,0.0,0.0,0.0,0.0,0.0
01-08 07:00:00,0.0,0.0,0.0,0.0,0.0,0.0
01-08 08:00:00,0.0,0.0,0.0,0.0,0.0,0.0
01-08 09:00:00,0.0,0.0,0.0,0.0,0.0,0.0
01-08 10:00:00,23.34,30.6,35.83,36.62,27.39,30.755999999999993
01-08 11:00:00,251.99,259.99,244.0,250.0,244.0,249.996
01-08 12:00:00,473.99,476.99,460.99,466.99,463.99,468.59
01-08 13:00:00,657.99,660.99,643.99,647.99,653.99,652.99
01-08 14:00:00,782.99,792.99,770.99,779.99,777.99,780.99
01-08 15:00:00,833.99,853.99,829.99,834.99,837.99,838.1899999999999
01-08 16:00:00,834.99,836.99,817.99,799.99,829.99,823.99
01-08 17:00:00,744.99,742.99,721.99,721.99,752.99,736.99
01-08 18:00:00,602.99,560.99,593.99,580.99,595.99,586.99
01-08 19:00:00,384.99,363.0,380.99,381.99,400.99,382.392
01-08 20:00:00,173.0,151.0,174.0,171.0,175.0,168.8
01-08 21:00:00,0.0,0.0,0.0,0.0,0.0,0.0
01-08 22:00:00,0.0,0.0,0.0,0.0,0.0,0.0
01-08 23:00:00,0.0,0.0,0.0,0.0,0.0,0.0
02-08 00:00:00,0.0,0.0,0.0,0.0,0.0,0.0
02-08 01:00:00,0.0,0.0,0.0,0.0,0.0,0.0
02-08 02:00:00,0.0,0.0,0.0,0.0,0.0,0.0
02-08 03:00:00,0.0,0.0,0.0,0.0,0.0,0.0
02-08 04:00:00,0.0,0.0,0.0,0.0,0.0,0.0
02-08 05:00:00,0.0,0.0,0.0,0.0,0.0,0.0
02-08 06:00:00,0.0,0.0,0.0,0.0,0.0,0.0
02-08 07:00:00,0.0,0.0,0.0,0.0,0.0,0.0
02-08 08:00:00,0.0,0.0,0.0,0.0,0.0,0.0
02-08 09:00:00,0.0,0.0,0.0,0.0,0.0,0.0
02-08 10:00:00,23.36,33.2,36.72,37.51,28.36,31.829999999999995
02-08 11:00:00,214.0,268.99,246.0,250.0,248.0,245.398
02-08 12:00:00,448.99,488.99,461.99,462.99,464.99,465.59
02-08 13:00:00,660.99,665.99,640.99,645.99,659.99,654.79
02-08 14:00:00,768.99,693.99,774.99,776.99,783.99,759.79
02-08 15:00:00,757.99,859.99,839.99,760.99,848.99,813.5899999999999
02-08 16:00:00,680.99,846.99,830.99,779.99,839.99,795.79
02-08 17:00:00,553.0,764.99,741.99,718.99,762.99,708.392
02-08 18:00:00,575.99,616.99,596.99,516.99,607.99,582.99
02-08 19:00:00,329.0,412.99,392.99,246.0,410.99,358.394
02-08 20:00:00,139.0,185.0,173.0,16.0,182.0,139.0
02-08 21:00:00,0.0,0.0,0.0,0.0,0.0,0.0
02-08 22:00:00,0.0,0.0,0.0,0.0,0.0,0.0
02-08 23:00:00,0.0,0.0,0.0,0.0,0.0,0.0
03-08 00:00:00,0.0,0.0,0.0,0.0,0.0,0.0
03-08 01:00:00,0.0,0.0,0.0,0.0,0.0,0.0
03-08 02:00:00,0.0,0.0,0.0,0.0,0.0,0.0
03-08 03:00:00,0.0,0.0,0.0,0.0,0.0,0.0
03-08 04:00:00,0.0,0.0,0.0,0.0,0.0,0.0
03-08 05:00:00,0.0,0.0,0.0,0.0,0.0,0.0
03-08 06:00:00,0.0,0.0,0.0,0.0,0.0,0.0
03-08 07:00:00,0.0,0.0,0.0,0.0,0.0,0.0
03-08 08:00:00,0.0,0.0,0.0,0.0,0.0,0.0
03-08 09:00:00,0.0,0.0,0.0,0.0,0.0,0.0
03-08 10:00:00,21.6,33.26,37.61,38.4,31.01,32.376
03-08 11:00:00,257.99,262.99,254.0,251.0,249.0,254.996
03-08 12:00:00,482.99,489.99,465.99,463.99,469.99,474.59
03-08 13:00:00,661.99,672.99,652.99,650.99,664.99,660.79
03-08 14:00:00,786.99,798.99,775.99,776.99,789.99,785.79
03-08 15:00:00,838.99,864.99,835.99,836.99,854.99,846.39
03-08 16:00:00,834.99,851.99,827.99,823.99,846.99,837.1899999999999
03-08 17:00:00,745.99,764.99,738.99,744.99,760.99,751.1899999999999
03-08 18:00:00,602.99,612.99,591.99,592.99,605.99,601.39
03-08 19:00:00,387.99,411.99,384.99,391.99,408.99,397.19
03-08 20:00:00,151.0,186.0,165.0,170.0,179.0,170.2
03-08 21:00:00,0.0,0.0,0.0,0.0,0.0,0.0
03-08 22:00:00,0.0,0.0,0.0,0.0,0.0,0.0
03-08 23:00:00,0.0,0.0,0.0,0.0,0.0,0.0
04-08 00:00:00,0.0,0.0,0.0,0.0,0.0,0.0
04-08 01:00:00,0.0,0.0,0.0,0.0,0.0,0.0
04-08 02:00:00,0.0,0.0,0.0,0.0,0.0,0.0
04-08 03:00:00,0.0,0.0,0.0,0.0,0.0,0.0
04-08 04:00:00,0.0,0.0,0.0,0.0,0.0,0.0
04-08 05:00:00,0.0,0.0,0.0,0.0,0.0,0.0
04-08 06:00:00,0.0,0.0,0.0,0.0,0.0,0.0
04-08 07:00:00,0.0,0.0,0.0,0.0,0.0,0.0
04-08 08:00:00,0.0,0.0,0.0,0.0,0.0,0.0
04-08 09:00:00,0.0,0.0,0.0,0.0,0.0,0.0
04-08 10:00:00,22.59,34.97,39.29,40.1,33.33,34.056
04-08 11:00:00,265.99,272.99,247.0,255.0,252.0,258.596
04-08 12:00:00,486.99,488.99,471.99,471.99,473.99,478.78999999999996
04-08 13:00:00,641.99,678.99,652.99,656.99,663.99,658.99
04-08 14:00:00,784.99,808.99,737.99,783.99,454.0,713.992
04-08 15:00:00,839.99,875.99,816.99,843.99,842.99,843.99
04-08 16:00:00,752.99,861.99,750.99,830.99,824.99,804.39
04-08 17:00:00,687.99,774.99,674.99,750.99,669.99,711.79
04-08 18:00:00,538.99,627.99,389.0,601.99,167.0,464.994
04-08 19:00:00,267.0,421.99,127.0,393.99,383.99,318.794
04-08 20:00:00,17.0,192.0,32.0,172.0,147.0,112.0
04-08 21:00:00,0.0,0.0,0.0,0.0,0.0,0.0
04-08 22:00:00,0.0,0.0,0.0,0.0,0.0,0.0
04-08 23:00:00,0.0,0.0,0.0,0.0,0.0,0.0
05-08 00:00:00,0.0,0.0,0.0,0.0,0.0,0.0
05-08 01:00:00,0.0,0.0,0.0,0.0,0.0,0.0
05-08 02:00:00,0.0,0.0,0.0,0.0,0.0,0.0
05-08 03:00:00,0.0,0.0,0.0,0.0,0.0,0.0
05-08 04:00:00,0.0,0.0,0.0,0.0,0.0,0.0
05-08 05:00:00,0.0,0.0,0.0,0.0,0.0,0.0
05-08 06:00:00,0.0,0.0,0.0,0.0,0.0,0.0
05-08 07:00:00,0.0,0.0,0.0,0.0,0.0,0.0
05-08 08:00:00,0.0,0.0,0.0,0.0,0.0,0.0
05-08 09:00:00,0.0,0.0,0.0,0.0,0.0,0.0
05-08 10:00:00,22.6,38.05,19.0,40.99,35.68,31.264000000000003
05-08 11:00:00,162.0,277.99,211.0,254.0,198.0,220.598
05-08 12:00:00,440.99,502.99,457.99,474.99,463.99,468.18999999999994
05-08 13:00:00,592.99,689.99,646.99,656.99,621.99,641.79
05-08 14:00:00,773.99,817.99,680.99,746.99,695.99,743.1899999999999
05-08 15:00:00,540.0,883.99,820.99,762.99,797.99,761.192
05-08 16:00:00,814.99,874.99,831.99,637.0,763.99,784.592
05-08 17:00:00,585.0,781.99,719.99,674.99,341.0,620.594
05-08 18:00:00,308.0,630.99,295.0,587.99,590.99,482.59400000000005
05-08 19:00:00,316.0,426.99,334.0,383.99,294.0,350.996
05-08 20:00:00,95.0,195.0,137.0,152.0,133.0,142.4
05-08 21:00:00,0.0,0.0,0.0,0.0,0.0,0.0
05-08 22:00:00,0.0,0.0,0.0,0.0,0.0,0.0
05-08 23:00:00,0.0,0.0,0.0,0.0,0.0,0.0
06-08 00:00:00,0.0,0.0,0.0,0.0,0.0,0.0
06-08 01:00:00,0.0,0.0,0.0,0.0,0.0,0.0
06-08 02:00:00,0.0,0.0,0.0,0.0,0.0,0.0
06-08 03:00:00,0.0,0.0,0.0,0.0,0.0,0.0
06-08 04:00:00,0.0,0.0,0.0,0.0,0.0,0.0
06-08 05:00:00,0.0,0.0,0.0,0.0,0.0,0.0
06-08 06:00:00,0.0,0.0,0.0,0.0,0.0,0.0
06-08 07:00:00,0.0,0.0,0.0,0.0,0.0,0.0
06-08 08:00:00,0.0,0.0,0.0,0.0,0.0,0.0
06-08 09:00:00,0.0,0.0,0.0,0.0,0.0,0.0
06-08 10:00:00,29.8,38.25,42.7,42.7,34.5,37.589999999999996
06-08 11:00:00,258.0,273.99,239.0,260.0,257.0,257.598
06-08 12:00:00,469.99,489.99,441.99,481.99,473.99,471.59
06-08 13:00:00,649.99,685.99,574.99,665.99,661.99,647.79
06-08 14:00:00,713.99,803.99,731.99,798.99,788.99,767.5899999999999
06-08 15:00:00,810.99,868.99,701.99,858.99,853.99,818.99
06-08 16:00:00,790.99,860.99,770.99,840.99,849.99,822.79
06-08 17:00:00,659.99,777.99,743.99,751.99,770.99,740.99
06-08 18:00:00,518.99,623.99,555.99,570.99,614.99,576.99
06-08 19:00:00,371.0,421.99,300.0,408.99,414.99,383.394
06-08 20:00:00,171.0,191.0,80.0,145.0,185.0,154.4
06-08 21:00:00,0.0,0.0,0.0,0.0,0.0,0.0
06-08 22:00:00,0.0,0.0,0.0,0.0,0.0,0.0
06-08 23:00:00,0.0,0.0,0.0,0.0,0.0,0.0
07-08 00:00:00,0.0,0.0,0.0,0.0,0.0,0.0
07-08 01:00:00,0.0,0.0,0.0,0.0,0.0,0.0
07-08 02:00:00,0.0,0.0,0.0,0.0,0.0,0.0
07-08 03:00:00,0.0,0.0,0.0,0.0,0.0,0.0
07-08 04:00:00,0.0,0.0,0.0,0.0,0.0,0.0
07-08 05:00:00,0.0,0.0,0.0,0.0,0.0,0.0
07-08 06:00:00,0.0,0.0,0.0,0.0,0.0,0.0
07-08 07:00:00,0.0,0.0,0.0,0.0,0.0,0.0
07-08 08:00:00,0.0,0.0,0.0,0.0,0.0,0.0
07-08 09:00:00,0.0,0.0,0.0,0.0,0.0,0.0
07-08 10:00:00,30.59,39.21,16.0,44.36,35.47,33.126
07-08 11:00:00,259.0,272.99,165.0,263.0,256.0,243.198
07-08 12:00:00,477.99,494.99,176.0,475.99,478.99,420.79200000000003
07-08 13:00:00,663.99,688.99,364.0,663.99,667.99,609.792
07-08 14:00:00,790.99,815.99,751.99,795.99,796.99,790.39
07-08 15:00:00,859.99,872.99,736.99,819.99,861.99,830.39
07-08 16:00:00,855.99,829.99,849.99,842.99,852.99,846.39
07-08 17:00:00,764.99,710.99,473.0,760.99,769.99,695.992
07-08 18:00:00,625.99,553.99,392.0,606.99,617.99,559.392
07-08 19:00:00,415.99,360.0,257.0,400.99,414.99,369.794
07-08 20:00:00,185.0,119.0,16.0,182.0,179.0,136.2
07-08 21:00:00,0.0,0.0,0.0,0.0,0.0,0.0
07-08 22:00:00,0.0,0.0,0.0,0.0,0.0,0.0
07-08 23:00:00,0.0,0.0,0.0,0.0,0.0,0.0
08-08 00:00:00,0.0,0.0,0.0,0.0,0.0,0.0
08-08 01:00:00,0.0,0.0,0.0,0.0,0.0,0.0
08-08 02:00:00,0.0,0.0,0.0,0.0,0.0,0.0
08-08 03:00:00,0.0,0.0,0.0,0.0,0.0,0.0
08-08 04:00:00,0.0,0.0,0.0,0.0,0.0,0.0
08-08 05:00:00,0.0,0.0,0.0,0.0,0.0,0.0
08-08 06:00:00,0.0,0.0,0.0,0.0,0.0,0.0
08-08 07:00:00,0.0,0.0,0.0,0.0,0.0,0.0
08-08 08:00:00,0.0,0.0,0.0,0.0,0.0,0.0
08-08 09:00:00,0.0,0.0,0.0,0.0,0.0,0.0
08-08 10:00:00,34.03,39.3,45.32,33.27,35.53,37.49
08-08 11:00:00,268.0,270.0,261.0,251.0,262.0,262.4
08-08 12:00:00,493.99,481.99,481.99,475.99,479.99,482.78999999999996
08-08 13:00:00,682.99,684.99,671.99,663.99,668.99,674.5899999999999
08-08 14:00:00,817.99,806.99,795.99,791.99,792.99,801.1899999999999
08-08 15:00:00,878.99,847.99,860.99,846.99,861.99,859.39
08-08 16:00:00,869.99,780.99,856.99,832.99,852.99,838.79
08-08 17:00:00,781.99,709.99,764.99,743.99,769.99,754.1899999999999
08-08 18:00:00,640.99,569.99,616.99,571.99,613.99,602.79
08-08 19:00:00,428.99,359.0,419.99,286.0,414.99,381.794
08-08 20:00:00,194.0,146.0,191.0,149.0,182.0,172.4
08-08 21:00:00,0.0,0.0,0.0,0.0,0.0,0.0
08-08 22:00:00,0.0,0.0,0.0,0.0,0.0,0.0
08-08 23:00:00,0.0,0.0,0.0,0.0,0.0,0.0
09-08 00:00:00,0.0,0.0,0.0,0.0,0.0,0.0
09-08 01:00:00,0.0,0.0,0.0,0.0,0.0,0.0
09-08 02:00:00,0.0,0.0,0.0,0.0,0.0,0.0
09-08 03:00:00,0.0,0.0,0.0,0.0,0.0,0.0
09-08 04:00:00,0.0,0.0,0.0,0.0,0.0,0.0
09-08 05:00:00,0.0,0.0,0.0,0.0,0.0,0.0
09-08 06:00:00,0.0,0.0,0.0,0.0,0.0,0.0
09-08 07:00:00,0.0,0.0,0.0,0.0,0.0,0.0
09-08 08:00:00,0.0,0.0,0.0,0.0,0.0,0.0
09-08 09:00:00,0.0,0.0,0.0,0.0,0.0,0.0
09-08 10:00:00,31.8,41.76,46.98,44.64,36.51,40.338
09-08 11:00:00,270.0,262.0,260.0,257.0,261.0,262.0
09-08 12:00:00,495.99,494.99,482.99,470.99,484.99,485.98999999999995
09-08 13:00:00,678.99,694.99,668.99,649.99,666.99,671.99
09-08 14:00:00,807.99,478.0,795.99,778.99,793.99,730.992
09-08 15:00:00,826.99,710.99,782.99,837.99,862.99,804.39
09-08 16:00:00,809.99,785.99,761.99,819.99,853.99,806.39
09-08 17:00:00,771.99,648.99,675.99,622.99,766.99,697.39
09-08 18:00:00,598.99,469.0,535.99,446.0,618.99,533.7940000000001
09-08 19:00:00,390.99,241.0,403.99,105.0,415.99,311.394
09-08 20:00:00,71.0,117.0,124.0,105.0,183.0,120.0
09-08 21:00:00,0.0,0.0,0.0,0.0,0.0,0.0
09-08 22:00:00,0.0,0.0,0.0,0.0,0.0,0.0
09-08 23:00:00,0.0,0.0,0.0,0.0,0.0,0.0
10-08 00:00:00,0.0,0.0,0.0,0.0,0.0,0.0
10-08 01:00:00,0.0,0.0,0.0,0.0,0.0,0.0
10-08 02:00:00,0.0,0.0,0.0,0.0,0.0,0.0
10-08 03:00:00,0.0,0.0,0.0,0.0,0.0,0.0
10-08 04:00:00,0.0,0.0,0.0,0.0,0.0,0.0
10-08 05:00:00,0.0,0.0,0.0,0.0,0.0,0.0
10-08 06:00:00,0.0,0.0,0.0,0.0,0.0,0.0
10-08 07:00:00,0.0,0.0,0.0,0.0,0.0,0.0
10-08 08:00:00,0.0,0.0,0.0,0.0,0.0,0.0
10-08 09:00:00,0.0,0.0,0.0,0.0,0.0,0.0
10-08 10:00:00,35.06,44.9,29.32,41.78,38.08,37.827999999999996
10-08 11:00:00,267.0,276.0,207.0,145.0,262.0,231.4
10-08 12:00:00,490.99,497.99,472.99,294.0,484.99,448.192
10-08 13:00:00,686.99,690.99,667.99,552.0,674.99,654.592
10-08 14:00:00,761.99,700.99,798.99,458.0,798.99,703.792
10-08 15:00:00,839.99,802.99,608.0,510.0,857.99,723.7940000000001
10-08 16:00:00,796.99,807.99,447.0,670.0,848.99,714.1940000000001
10-08 17:00:00,638.99,761.99,454.0,658.99,762.99,655.392
10-08 18:00:00,513.0,611.99,496.0,568.99,587.99,555.594
10-08 19:00:00,373.0,414.99,228.0,281.0,366.0,332.598
10-08 20:00:00,189.0,159.0,98.0,16.0,166.0,125.6
10-08 21:00:00,0.0,0.0,0.0,0.0,0.0,0.0
10-08 22:00:00,0.0,0.0,0.0,0.0,0.0,0.0
10-08 23:00:00,0.0,0.0,0.0,0.0,0.0,0.0
11-08 00:00:00,0.0,0.0,0.0,0.0,0.0,0.0
11-08 01:00:00,0.0,0.0,0.0,0.0,0.0,0.0
11-08 02:00:00,0.0,0.0,0.0,0.0,0.0,0.0
11-08 03:00:00,0.0,0.0,0.0,0.0,0.0,0.0
11-08 04:00:00,0.0,0.0,0.0,0.0,0.0,0.0
11-08 05:00:00,0.0,0.0,0.0,0.0,0.0,0.0
11-08 06:00:00,0.0,0.0,0.0,0.0,0.0,0.0
11-08 07:00:00,0.0,0.0,0.0,0.0,0.0,0.0
11-08 08:00:00,0.0,0.0,0.0,0.0,0.0,0.0
11-08 09:00:00,0.0,0.0,0.0,0.0,0.0,0.0
11-08 10:00:00,36.04,45.85,50.41,50.41,37.72,44.086
11-08 11:00:00,274.0,278.0,271.0,227.0,249.0,259.8
11-08 12:00:00,496.99,494.99,493.99,431.0,376.0,458.59400000000005
11-08 13:00:00,681.99,696.99,685.99,678.99,579.99,664.79
11-08 14:00:00,788.99,809.99,806.99,819.99,719.99,789.1899999999999
11-08 15:00:00,876.99,859.99,875.99,776.99,859.99,849.99
11-08 16:00:00,833.99,809.99,851.99,732.99,835.99,812.99
11-08 17:00:00,717.99,706.99,769.99,678.99,635.0,701.792
11-08 18:00:00,604.99,583.99,610.99,575.99,612.99,597.79
11-08 19:00:00,379.0,341.0,406.99,408.99,146.0,336.396
11-08 20:00:00,177.0,144.0,179.0,196.0,110.0,161.2
11-08 21:00:00,0.0,0.0,0.0,0.0,0.0,0.0
11-08 22:00:00,0.0,0.0,0.0,0.0,0.0,0.0
11-08 23:00:00,0.0,0.0,0.0,0.0,0.0,0.0
12-08 00:00:00,0.0,0.0,0.0,0.0,0.0,0.0
12-08 01:00:00,0.0,0.0,0.0,0.0,0.0,0.0
12-08 02:00:00,0.0,0.0,0.0,0.0,0.0,0.0
12-08 03:00:00,0.0,0.0,0.0,0.0,0.0,0.0
12-08 04:00:00,0.0,0.0,0.0,0.0,0.0,0.0
12-08 05:00:00,0.0,0.0,0.0,0.0,0.0,0.0
12-08 06:00:00,0.0,0.0,0.0,0.0,0.0,0.0
12-08 07:00:00,0.0,0.0,0.0,0.0,0.0,0.0
12-08 08:00:00,0.0,0.0,0.0,0.0,0.0,0.0
12-08 09:00:00,0.0,0.0,0.0,0.0,0.0,0.0
12-08 10:00:00,38.71,46.81,52.96,44.67,51.33,46.896
12-08 11:00:00,269.0,284.0,275.0,276.0,269.0,274.6
12-08 12:00:00,503.99,503.99,489.99,498.99,490.99,497.59
12-08 13:00:00,683.99,693.99,678.99,697.99,679.99,686.99
12-08 14:00:00,811.99,823.99,810.99,832.99,786.99,813.39
12-08 15:00:00,881.99,883.99,880.99,898.99,407.0,790.592
12-08 16:00:00,862.99,873.99,865.99,883.99,373.0,771.992
12-08 17:00:00,774.99,780.99,782.99,798.99,387.0,704.992
12-08 18:00:00,634.99,629.99,621.99,638.99,432.0,591.592
12-08 19:00:00,425.99,426.99,418.99,436.99,102.0,362.192
12-08 20:00:00,186.0,191.0,187.0,122.0,19.0,141.0
12-08 21:00:00,0.0,0.0,0.0,0.0,0.0,0.0
12-08 22:00:00,0.0,0.0,0.0,0.0,0.0,0.0
12-08 23:00:00,0.0,0.0,0.0,0.0,0.0,0.0
13-08 00:00:00,0.0,0.0,0.0,0.0,0.0,0.0
13-08 01:00:00,0.0,0.0,0.0,0.0,0.0,0.0
13-08 02:00:00,0.0,0.0,0.0,0.0,0.0,0.0
13-08 03:00:00,0.0,0.0,0.0,0.0,0.0,0.0
13-08 04:00:00,0.0,0.0,0.0,0.0,0.0,0.0
13-08 05:00:00,0.0,0.0,0.0,0.0,0.0,0.0
13-08 06:00:00,0.0,0.0,0.0,0.0,0.0,0.0
13-08 07:00:00,0.0,0.0,0.0,0.0,0.0,0.0
13-08 08:00:00,0.0,0.0,0.0,0.0,0.0,0.0
13-08 09:00:00,0.0,0.0,0.0,0.0,0.0,0.0
13-08 10:00:00,40.44,42.83,53.08,49.14,41.18,45.334
13-08 11:00:00,280.0,288.0,278.0,276.0,275.0,279.4
13-08 12:00:00,506.99,504.99,500.99,493.99,499.99,501.39
13-08 13:00:00,689.99,694.99,688.99,694.99,684.99,690.79
13-08 14:00:00,823.99,737.99,822.99,824.99,812.99,804.5899999999999
13-08 15:00:00,883.99,869.99,882.99,875.99,867.99,876.1899999999999
13-08 16:00:00,873.99,840.99,863.99,870.99,722.99,834.5899999999999
13-08 17:00:00,784.99,771.99,779.99,781.99,677.99,759.39
13-08 18:00:00,643.99,630.99,615.99,617.99,498.0,601.392
13-08 19:00:00,424.99,422.99,412.99,370.0,82.0,342.594
13-08 20:00:00,189.0,189.0,182.0,166.0,98.0,164.8
13-08 21:00:00,0.0,0.0,0.0,0.0,0.0,0.0
13-08 22:00:00,0.0,0.0,0.0,0.0,0.0,0.0
13-08 23:00:00,0.0,0.0,0.0,0.0,0.0,0.0
14-08 00:00:00,0.0,0.0,0.0,0.0,0.0,0.0
14-08 01:00:00,0.0,0.0,0.0,0.0,0.0,0.0
14-08 02:00:00,0.0,0.0,0.0,0.0,0.0,0.0
14-08 03:00:00,0.0,0.0,0.0,0.0,0.0,0.0
14-08 04:00:00,0.0,0.0,0.0,0.0,0.0,0.0
14-08 05:00:00,0.0,0.0,0.0,0.0,0.0,0.0
14-08 06:00:00,0.0,0.0,0.0,0.0,0.0,0.0
14-08 07:00:00,0.0,0.0,0.0,0.0,0.0,0.0
14-08 08:00:00,0.0,0.0,0.0,0.0,0.0,0.0
14-08 09:00:00,0.0,0.0,0.0,0.0,0.0,0.0
14-08 10:00:00,42.17,50.94,54.0,45.0,41.25,46.672000000000004
14-08 11:00:00,287.0,285.0,277.0,278.0,259.0,277.2
14-08 12:00:00,518.99,500.99,494.99,498.99,466.99,496.18999999999994
14-08 13:00:00,697.99,706.99,683.99,686.99,665.99,688.39
14-08 14:00:00,827.99,828.99,810.99,818.99,804.99,818.39
14-08 15:00:00,893.99,893.99,879.99,878.99,862.99,881.99
14-08 16:00:00,878.99,878.99,855.99,863.99,812.99,858.1899999999999
14-08 17:00:00,767.99,788.99,781.99,771.99,251.0,672.392
14-08 18:00:00,616.99,633.99,616.99,622.99,289.0,555.992
14-08 19:00:00,404.99,424.99,405.99,415.99,214.0,373.192
14-08 20:00:00,172.0,193.0,176.0,190.0,87.0,163.6
14-08 21:00:00,0.0,0.0,0.0,0.0,0.0,0.0
14-08 22:00:00,0.0,0.0,0.0,0.0,0.0,0.0
14-08 23:00:00,0.0,0.0,0.0,0.0,0.0,0.0
15-08 00:00:00,0.0,0.0,0.0,0.0,0.0,0.0
15-08 01:00:00,0.0,0.0,0.0,0.0,0.0,0.0
15-08 02:00:00,0.0,0.0,0.0,0.0,0.0,0.0
15-08 03:00:00,0.0,0.0,0.0,0.0,0.0,0.0
15-08 04:00:00,0.0,0.0,0.0,0.0,0.0,0.0
15-08 05:00:00,0.0,0.0,0.0,0.0,0.0,0.0
15-08 06:00:00,0.0,0.0,0.0,0.0,0.0,0.0
15-08 07:00:00,0.0,0.0,0.0,0.0,0.0,0.0
15-08 08:00:00,0.0,0.0,0.0,0.0,0.0,0.0
15-08 09:00:00,0.0,0.0,0.0,0.0,0.0,0.0
15-08 10:00:00,46.0,59.0,65.0,58.0,39.0,53.4
15-08 11:00:00,286.0,288.0,286.0,284.0,104.0,249.6
15-08 12:00:00,516.99,509.99,516.99,506.99,101.0,430.392
15-08 13:00:00,692.99,710.99,697.99,702.99,346.0,630.192
15-08 14:00:00,825.99,832.99,818.99,832.99,419.0,745.992
15-08 15:00:00,895.99,897.99,867.99,892.99,313.0,773.592
15-08 16:00:00,889.99,881.99,798.99,877.99,298.0,749.392
15-08 17:00:00,790.99,795.99,627.0,788.99,505.0,701.594
15-08 18:00:00,638.99,639.99,575.99,633.99,144.0,526.592
15-08 19:00:00,412.99,431.99,406.99,425.99,63.0,348.192
15-08 20:00:00,192.0,197.0,147.0,190.0,21.0,149.4
15-08 21:00:00,0.0,0.0,0.0,0.0,0.0,0.0
15-08 22:00:00,0.0,0.0,0.0,0.0,0.0,0.0
15-08 23:00:00,0.0,0.0,0.0,0.0,0.0,0.0
16-08 00:00:00,0.0,0.0,0.0,0.0,0.0,0.0
16-08 01:00:00,0.0,0.0,0.0,0.0,0.0,0.0
16-08 02:00:00,0.0,0.0,0.0,0.0,0.0,0.0
16-08 03:00:00,0.0,0.0,0.0,0.0,0.0,0.0
16-08 04:00:00,0.0,0.0,0.0,0.0,0.0,0.0
16-08 05:00:00,0.0,0.0,0.0,0.0,0.0,0.0
16-08 06:00:00,0.0,0.0,0.0,0.0,0.0,0.0
16-08 07:00:00,0.0,0.0,0.0,0.0,0.0,0.0
16-08 08:00:00,0.0,0.0,0.0,0.0,0.0,0.0
16-08 09:00:00,0.0,0.0,0.0,0.0,0.0,0.0
16-08 10:00:00,44.0,62.0,67.0,18.0,56.0,49.4
16-08 11:00:00,290.0,289.0,288.0,159.0,248.0,254.8
16-08 12:00:00,518.99,513.99,511.99,313.0,479.99,467.592
16-08 13:00:00,702.99,686.99,693.99,644.99,579.0,661.592
16-08 14:00:00,832.99,827.99,822.99,833.99,595.0,782.592
16-08 15:00:00,902.99,881.99,891.99,888.99,739.99,861.1899999999999
16-08 16:00:00,843.99,783.99,841.99,877.99,419.0,753.392
16-08 17:00:00,618.0,707.99,720.99,784.99,612.0,688.7940000000001
16-08 18:00:00,622.99,545.0,506.0,608.99,348.0,526.196
16-08 19:00:00,345.0,368.0,389.0,365.0,142.0,321.8
16-08 20:00:00,202.0,136.0,134.0,29.0,24.0,105.0
16-08 21:00:00,0.0,0.0,0.0,0.0,0.0,0.0
16-08 22:00:00,0.0,0.0,0.0,0.0,0.0,0.0
16-08 23:00:00,0.0,0.0,0.0,0.0,0.0,0.0
17-08 00:00:00,0.0,0.0,0.0,0.0,0.0,0.0
17-08 01:00:00,0.0,0.0,0.0,0.0,0.0,0.0
17-08 02:00:00,0.0,0.0,0.0,0.0,0.0,0.0
17-08 03:00:00,0.0,0.0,0.0,0.0,0.0,0.0
17-08 04:00:00,0.0,0.0,0.0,0.0,0.0,0.0
17-08 05:00:00,0.0,0.0,0.0,0.0,0.0,0.0
17-08 06:00:00,0.0,0.0,0.0,0.0,0.0,0.0
17-08 07:00:00,0.0,0.0,0.0,0.0,0.0,0.0
17-08 08:00:00,0.0,0.0,0.0,0.0,0.0,0.0
17-08 09:00:00,0.0,0.0,0.0,0.0,0.0,0.0
17-08 10:00:00,46.0,63.0,57.0,63.0,50.0,55.8
17-08 11:00:00,274.0,298.0,261.0,287.0,281.0,280.2
17-08 12:00:00,498.99,516.99,493.99,506.99,506.99,504.78999999999996
17-08 13:00:00,683.99,669.99,693.99,696.99,698.99,688.79
17-08 14:00:00,822.99,817.99,820.99,825.99,822.99,822.1899999999999
17-08 15:00:00,886.99,802.99,889.99,879.99,839.99,859.99
17-08 16:00:00,746.99,806.99,863.99,878.99,815.99,822.5899999999999
17-08 17:00:00,637.0,703.99,590.0,775.99,716.99,684.7940000000001
17-08 18:00:00,559.0,606.99,541.0,603.99,571.99,576.594
17-08 19:00:00,369.0,370.0,372.0,410.0,425.99,389.398
17-08 20:00:00,63.0,137.0,173.0,194.0,180.0,149.4
17-08 21:00:00,0.0,0.0,0.0,0.0,0.0,0.0
17-08 22:00:00,0.0,0.0,0.0,0.0,0.0,0.0
17-08 23:00:00,0.0,0.0,0.0,0.0,0.0,0.0
18-08 00:00:00,0.0,0.0,0.0,0.0,0.0,0.0
18-08 01:00:00,0.0,0.0,0.0,0.0,0.0,0.0
18-08 02:00:00,0.0,0.0,0.0,0.0,0.0,0.0
18-08 03:00:00,0.0,0.0,0.0,0.0,0.0,0.0
18-08 04:00:00,0.0,0.0,0.0,0.0,0.0,0.0
18-08 05:00:00,0.0,0.0,0.0,0.0,0.0,0.0
18-08 06:00:00,0.0,0.0,0.0,0.0,0.0,0.0
18-08 07:00:00,0.0,0.0,0.0,0.0,0.0,0.0
18-08 08:00:00,0.0,0.0,0.0,0.0,0.0,0.0
18-08 09:00:00,0.0,0.0,0.0,0.0,0.0,0.0
18-08 10:00:00,68.0,70.0,72.0,67.0,52.0,65.8
18-08 11:00:00,278.0,288.0,292.0,291.0,286.0,287.0
18-08 12:00:00,467.0,514.99,521.99,510.99,511.99,505.392
18-08 13:00:00,697.99,702.99,712.99,705.99,695.99,703.1899999999999
18-08 14:00:00,829.99,834.99,832.99,838.99,558.0,778.992
18-08 15:00:00,836.99,898.99,902.99,898.99,691.0,845.792
18-08 16:00:00,831.99,877.99,881.99,882.99,838.99,862.79
18-08 17:00:00,627.0,791.99,791.99,796.99,740.99,749.792
18-08 18:00:00,556.0,639.99,621.99,625.99,609.99,610.792
18-08 19:00:00,85.0,427.99,420.99,387.0,355.0,335.196
18-08 20:00:00,18.0,199.0,171.0,166.0,121.0,135.0
18-08 21:00:00,0.0,0.0,0.0,0.0,0.0,0.0
18-08 22:00:00,0.0,0.0,0.0,0.0,0.0,0.0
18-08 23:00:00,0.0,0.0,0.0,0.0,0.0,0.0
19-08 00:00:00,0.0,0.0,0.0,0.0,0.0,0.0
19-08 01:00:00,0.0,0.0,0.0,0.0,0.0,0.0
19-08 02:00:00,0.0,0.0,0.0,0.0,0.0,0.0
19-08 03:00:00,0.0,0.0,0.0,0.0,0.0,0.0
19-08 04:00:00,0.0,0.0,0.0,0.0,0.0,0.0
19-08 05:00:00,0.0,0.0,0.0,0.0,0.0,0.0
19-08 06:00:00,0.0,0.0,0.0,0.0,0.0,0.0
19-08 07:00:00,0.0,0.0,0.0,0.0,0.0,0.0
19-08 08:00:00,0.0,0.0,0.0,0.0,0.0,0.0
19-08 09:00:00,0.0,0.0,0.0,0.0,0.0,0.0
19-08 10:00:00,52.0,74.0,74.0,71.0,26.0,59.4
19-08 11:00:00,252.0,306.0,285.0,297.0,127.0,253.4
19-08 12:00:00,529.99,530.99,507.99,515.99,253.0,467.592
19-08 13:00:00,691.99,722.99,702.99,700.99,694.99,702.79
19-08 14:00:00,832.99,848.99,835.99,819.99,791.99,825.99
19-08 15:00:00,500.0,908.99,909.99,882.99,527.0,745.7940000000001
19-08 16:00:00,382.0,891.99,887.99,866.99,691.0,743.994
19-08 17:00:00,285.0,800.99,810.99,773.99,705.99,675.392
19-08 18:00:00,495.0,642.99,644.99,616.99,569.99,593.992
19-08 19:00:00,259.0,427.99,443.99,402.0,381.0,382.796
19-08 20:00:00,18.0,193.0,204.0,167.0,167.0,149.8
19-08 21:00:00,0.0,0.0,0.0,0.0,0.0,0.0
19-08 22:00:00,0.0,0.0,0.0,0.0,0.0,0.0
19-08 23:00:00,0.0,0.0,0.0,0.0,0.0,0.0
20-08 00:00:00,0.0,0.0,0.0,0.0,0.0,0.0
20-08 01:00:00,0.0,0.0,0.0,0.0,0.0,0.0
20-08 02:00:00,0.0,0.0,0.0,0.0,0.0,0.0
20-08 03:00:00,0.0,0.0,0.0,0.0,0.0,0.0
20-08 04:00:00,0.0,0.0,0.0,0.0,0.0,0.0
20-08 05:00:00,0.0,0.0,0.0,0.0,0.0,0.0
20-08 06:00:00,0.0,0.0,0.0,0.0,0.0,0.0
20-08 07:00:00,0.0,0.0,0.0,0.0,0.0,0.0
20-08 08:00:00,0.0,0.0,0.0,0.0,0.0,0.0
20-08 09:00:00,0.0,0.0,0.0,0.0,0.0,0.0
20-08 10:00:00,19.0,72.0,76.0,72.0,41.0,56.0
20-08 11:00:00,60.0,310.0,302.0,295.0,302.0,253.8
20-08 12:00:00,79.0,536.99,531.99,519.99,477.0,428.994
20-08 13:00:00,176.0,707.99,723.99,704.99,685.99,599.792
20-08 14:00:00,762.99,835.99,845.99,831.99,819.99,819.39
20-08 15:00:00,881.99,893.99,919.99,865.99,785.99,869.5899999999999
20-08 16:00:00,782.99,877.99,897.99,859.99,734.99,830.79
20-08 17:00:00,523.0,782.99,810.99,771.99,431.0,663.994
20-08 18:00:00,459.0,624.99,640.99,619.99,194.0,507.79400000000004
20-08 19:00:00,223.0,413.0,438.99,406.0,295.0,355.198
20-08 20:00:00,18.0,181.0,199.0,161.0,157.0,143.2
20-08 21:00:00,0.0,0.0,0.0,0.0,0.0,0.0
20-08 22:00:00,0.0,0.0,0.0,0.0,0.0,0.0
20-08 23:00:00,0.0,0.0,0.0,0.0,0.0,0.0
21-08 00:00:00,0.0,0.0,0.0,0.0,0.0,0.0
21-08 01:00:00,0.0,0.0,0.0,0.0,0.0,0.0
21-08 02:00:00,0.0,0.0,0.0,0.0,0.0,0.0
21-08 03:00:00,0.0,0.0,0.0,0.0,0.0,0.0
21-08 04:00:00,0.0,0.0,0.0,0.0,0.0,0.0
21-08 05:00:00,0.0,0.0,0.0,0.0,0.0,0.0
21-08 06:00:00,0.0,0.0,0.0,0.0,0.0,0.0
21-08 07:00:00,0.0,0.0,0.0,0.0,0.0,0.0
21-08 08:00:00,0.0,0.0,0.0,0.0,0.0,0.0
21-08 09:00:00,0.0,0.0,0.0,0.0,0.0,0.0
21-08 10:00:00,37.0,46.0,78.0,72.0,6.0,47.8
21-08 11:00:00,257.0,305.0,300.0,299.0,95.0,251.2
21-08 12:00:00,507.99,532.99,520.99,529.99,181.0,454.592
21-08 13:00:00,710.99,717.99,708.99,716.99,367.0,644.392
21-08 14:00:00,852.99,837.99,845.99,850.99,147.0,706.992
21-08 15:00:00,901.99,895.99,913.99,914.99,140.0,753.392
21-08 16:00:00,860.99,878.99,896.99,897.99,328.0,772.592
21-08 17:00:00,727.99,742.99,800.99,809.99,632.0,742.792
21-08 18:00:00,612.99,575.99,639.99,654.99,572.99,611.39
21-08 19:00:00,325.0,391.0,442.99,442.99,421.99,404.794
21-08 20:00:00,155.0,144.0,213.0,204.0,189.0,181.0
21-08 21:00:00,0.0,0.0,0.0,0.0,0.0,0.0
21-08 22:00:00,0.0,0.0,0.0,0.0,0.0,0.0
21-08 23:00:00,0.0,0.0,0.0,0.0,0.0,0.0
22-08 00:00:00,0.0,0.0,0.0,0.0,0.0,0.0
22-08 01:00:00,0.0,0.0,0.0,0.0,0.0,0.0
22-08 02:00:00,0.0,0.0,0.0,0.0,0.0,0.0
22-08 03:00:00,0.0,0.0,0.0,0.0,0.0,0.0
22-08 04:00:00,0.0,0.0,0.0,0.0,0.0,0.0
22-08 05:00:00,0.0,0.0,0.0,0.0,0.0,0.0
22-08 06:00:00,0.0,0.0,0.0,0.0,0.0,0.0
22-08 07:00:00,0.0,0.0,0.0,0.0,0.0,0.0
22-08 08:00:00,0.0,0.0,0.0,0.0,0.0,0.0
22-08 09:00:00,0.0,0.0,0.0,0.0,0.0,0.0
22-08 10:00:00,62.0,26.0,81.0,78.0,67.0,62.8
22-08 11:00:00,306.0,317.0,308.0,307.0,318.0,311.2
22-08 12:00:00,537.99,533.99,541.99,528.99,542.99,537.1899999999999
22-08 13:00:00,723.99,613.0,722.99,721.99,733.99,703.192
22-08 14:00:00,853.99,748.99,847.99,855.99,856.99,832.79
22-08 15:00:00,906.99,894.99,920.99,914.99,819.99,891.5899999999999
22-08 16:00:00,777.99,871.99,898.99,902.99,808.99,852.1899999999999
22-08 17:00:00,673.0,498.0,814.99,805.99,766.99,711.7940000000001
22-08 18:00:00,330.0,287.0,647.99,639.99,582.99,497.59400000000005
22-08 19:00:00,239.0,57.0,443.99,440.99,406.0,317.396
22-08 20:00:00,36.0,18.0,211.0,200.0,169.0,126.8
22-08 21:00:00,0.0,0.0,0.0,0.0,0.0,0.0
22-08 22:00:00,0.0,0.0,0.0,0.0,0.0,0.0
22-08 23:00:00,0.0,0.0,0.0,0.0,0.0,0.0
23-08 00:00:00,0.0,0.0,0.0,0.0,0.0,0.0
23-08 01:00:00,0.0,0.0,0.0,0.0,0.0,0.0
23-08 02:00:00,0.0,0.0,0.0,0.0,0.0,0.0
23-08 03:00:00,0.0,0.0,0.0,0.0,0.0,0.0
23-08 04:00:00,0.0,0.0,0.0,0.0,0.0,0.0
23-08 05:00:00,0.0,0.0,0.0,0.0,0.0,0.0
23-08 06:00:00,0.0,0.0,0.0,0.0,0.0,0.0
23-08 07:00:00,0.0,0.0,0.0,0.0,0.0,0.0
23-08 08:00:00,0.0,0.0,0.0,0.0,0.0,0.0
23-08 09:00:00,0.0,0.0,0.0,0.0,0.0,0.0
23-08 10:00:00,12.0,84.0,83.0,84.0,68.0,66.2
23-08 11:00:00,141.0,287.0,310.0,309.0,316.0,272.6
23-08 12:00:00,542.99,526.99,534.99,531.99,539.99,535.39
23-08 13:00:00,728.99,714.99,720.99,733.99,731.99,726.1899999999999
23-08 14:00:00,849.99,841.99,853.99,868.99,861.99,855.39
23-08 15:00:00,913.99,904.99,906.99,932.99,910.99,913.99
23-08 16:00:00,885.99,886.99,884.99,919.99,868.99,889.39
23-08 17:00:00,760.99,785.99,760.99,824.99,796.99,785.99
23-08 18:00:00,430.0,630.99,630.99,670.99,556.0,583.7940000000001
23-08 19:00:00,271.0,406.0,405.0,454.99,379.0,383.198
23-08 20:00:00,118.0,162.0,184.0,214.0,179.0,171.4
23-08 21:00:00,0.0,0.0,0.0,0.0,0.0,0.0
23-08 22:00:00,0.0,0.0,0.0,0.0,0.0,0.0
23-08 23:00:00,0.0,0.0,0.0,0.0,0.0,0.0
24-08 00:00:00,0.0,0.0,0.0,0.0,0.0,0.0
24-08 01:00:00,0.0,0.0,0.0,0.0,0.0,0.0
24-08 02:00:00,0.0,0.0,0.0,0.0,0.0,0.0
24-08 03:00:00,0.0,0.0,0.0,0.0,0.0,0.0
24-08 04:00:00,0.0,0.0,0.0,0.0,0.0,0.0
24-08 05:00:00,0.0,0.0,0.0,0.0,0.0,0.0
24-08 06:00:00,0.0,0.0,0.0,0.0,0.0,0.0
24-08 07:00:00,0.0,0.0,0.0,0.0,0.0,0.0
24-08 08:00:00,0.0,0.0,0.0,0.0,0.0,0.0
24-08 09:00:00,0.0,0.0,0.0,0.0,0.0,0.0
24-08 10:00:00,65.0,84.0,85.0,84.0,68.0,77.2
24-08 11:00:00,323.0,319.0,310.0,314.0,312.0,315.6
24-08 12:00:00,554.99,549.99,535.99,543.99,540.99,545.1899999999999
24-08 13:00:00,738.99,731.99,721.99,739.99,732.99,733.1899999999999
24-08 14:00:00,864.99,855.99,858.99,865.99,857.99,860.79
24-08 15:00:00,918.99,913.99,896.99,923.99,896.99,910.1899999999999
24-08 16:00:00,900.99,895.99,856.99,890.99,767.99,862.5899999999999
24-08 17:00:00,794.99,793.99,675.0,803.99,634.0,740.394
24-08 18:00:00,634.99,630.99,553.0,649.99,127.0,519.1940000000001
24-08 19:00:00,384.0,388.0,344.0,375.0,59.0,310.0
24-08 20:00:00,139.0,118.0,181.0,214.0,18.0,134.0
24-08 21:00:00,0.0,0.0,0.0,0.0,0.0,0.0
24-08 22:00:00,0.0,0.0,0.0,0.0,0.0,0.0
24-08 23:00:00,0.0,0.0,0.0,0.0,0.0,0.0
25-08 00:00:00,0.0,0.0,0.0,0.0,0.0,0.0
25-08 01:00:00,0.0,0.0,0.0,0.0,0.0,0.0
25-08 02:00:00,0.0,0.0,0.0,0.0,0.0,0.0
25-08 03:00:00,0.0,0.0,0.0,0.0,0.0,0.0
25-08 04:00:00,0.0,0.0,0.0,0.0,0.0,0.0
25-08 05:00:00,0.0,0.0,0.0,0.0,0.0,0.0
25-08 06:00:00,0.0,0.0,0.0,0.0,0.0,0.0
25-08 07:00:00,0.0,0.0,0.0,0.0,0.0,0.0
25-08 08:00:00,0.0,0.0,0.0,0.0,0.0,0.0
25-08 09:00:00,0.0,0.0,0.0,0.0,0.0,0.0
25-08 10:00:00,72.0,87.0,89.0,64.0,70.0,76.4
25-08 11:00:00,324.0,321.0,322.0,310.0,318.0,319.0
25-08 12:00:00,548.99,556.99,548.99,541.99,532.99,545.99
25-08 13:00:00,733.99,730.99,729.99,732.99,716.99,728.99
25-08 14:00:00,862.99,862.99,862.99,861.99,764.99,843.1899999999999
25-08 15:00:00,930.99,920.99,920.99,924.99,876.99,914.99
25-08 16:00:00,912.99,901.99,892.99,905.99,575.0,837.792
25-08 17:00:00,804.99,803.99,719.99,807.99,626.0,752.592
25-08 18:00:00,642.99,642.99,568.0,563.0,617.99,606.994
25-08 19:00:00,404.0,415.0,348.0,354.0,39.0,312.0
25-08 20:00:00,153.0,172.0,150.0,77.0,18.0,114.0
25-08 21:00:00,0.0,0.0,0.0,0.0,0.0,0.0
25-08 22:00:00,0.0,0.0,0.0,0.0,0.0,0.0
25-08 23:00:00,0.0,0.0,0.0,0.0,0.0,0.0
26-08 00:00:00,0.0,0.0,0.0,0.0,0.0,0.0
26-08 01:00:00,0.0,0.0,0.0,0.0,0.0,0.0
26-08 02:00:00,0.0,0.0,0.0,0.0,0.0,0.0
26-08 03:00:00,0.0,0.0,0.0,0.0,0.0,0.0
26-08 04:00:00,0.0,0.0,0.0,0.0,0.0,0.0
26-08 05:00:00,0.0,0.0,0.0,0.0,0.0,0.0
26-08 06:00:00,0.0,0.0,0.0,0.0,0.0,0.0
26-08 07:00:00,0.0,0.0,0.0,0.0,0.0,0.0
26-08 08:00:00,0.0,0.0,0.0,0.0,0.0,0.0
26-08 09:00:00,0.0,0.0,0.0,0.0,0.0,0.0
26-08 10:00:00,73.0,93.0,92.0,56.0,17.0,66.2
26-08 11:00:00,321.0,331.0,323.0,157.0,113.0,249.0
26-08 12:00:00,546.99,568.99,542.99,374.0,208.0,448.1940000000001
26-08 13:00:00,749.99,759.99,720.99,680.99,117.0,605.792
26-08 14:00:00,880.99,900.99,860.99,853.99,705.0,840.392
26-08 15:00:00,939.99,964.99,913.99,920.99,318.0,811.592
26-08 16:00:00,920.99,944.99,889.99,796.99,263.0,763.192
26-08 17:00:00,747.99,843.99,717.99,689.0,184.0,636.594
26-08 18:00:00,498.0,678.99,539.0,588.0,122.0,485.198
26-08 19:00:00,258.0,456.99,356.0,354.0,39.0,292.798
26-08 20:00:00,135.0,213.0,125.0,41.0,18.0,106.4
26-08 21:00:00,0.0,0.0,0.0,0.0,0.0,0.0
26-08 22:00:00,0.0,0.0,0.0,0.0,0.0,0.0
26-08 23:00:00,0.0,0.0,0.0,0.0,0.0,0.0
27-08 00:00:00,0.0,0.0,0.0,0.0,0.0,0.0
27-08 01:00:00,0.0,0.0,0.0,0.0,0.0,0.0
27-08 02:00:00,0.0,0.0,0.0,0.0,0.0,0.0
27-08 03:00:00,0.0,0.0,0.0,0.0,0.0,0.0
27-08 04:00:00,0.0,0.0,0.0,0.0,0.0,0.0
27-08 05:00:00,0.0,0.0,0.0,0.0,0.0,0.0
27-08 06:00:00,0.0,0.0,0.0,0.0,0.0,0.0
27-08 07:00:00,0.0,0.0,0.0,0.0,0.0,0.0
27-08 08:00:00,0.0,0.0,0.0,0.0,0.0,0.0
27-08 09:00:00,0.0,0.0,0.0,0.0,0.0,0.0
27-08 10:00:00,82.0,97.0,94.0,93.0,12.0,75.6
27-08 11:00:00,324.0,335.0,278.0,321.0,104.0,272.4
27-08 12:00:00,544.99,578.99,541.99,538.99,360.0,512.992
27-08 13:00:00,733.99,767.99,733.99,742.99,731.99,742.1899999999999
27-08 14:00:00,871.99,899.99,866.99,876.99,845.99,872.39
27-08 15:00:00,933.99,957.99,923.99,939.99,891.99,929.5899999999999
27-08 16:00:00,909.99,942.99,909.99,914.99,818.99,899.39
27-08 17:00:00,792.99,845.99,783.99,815.99,745.99,796.99
27-08 18:00:00,559.0,680.99,583.0,669.99,285.0,555.596
27-08 19:00:00,406.0,461.0,337.0,452.0,386.0,408.4
27-08 20:00:00,25.0,217.0,149.0,203.0,18.0,122.4
27-08 21:00:00,0.0,0.0,0.0,0.0,0.0,0.0
27-08 22:00:00,0.0,0.0,0.0,0.0,0.0,0.0
27-08 23:00:00,0.0,0.0,0.0,0.0,0.0,0.0
28-08 00:00:00,0.0,0.0,0.0,0.0,0.0,0.0
28-08 01:00:00,0.0,0.0,0.0,0.0,0.0,0.0
28-08 02:00:00,0.0,0.0,0.0,0.0,0.0,0.0
28-08 03:00:00,0.0,0.0,0.0,0.0,0.0,0.0
28-08 04:00:00,0.0,0.0,0.0,0.0,0.0,0.0
28-08 05:00:00,0.0,0.0,0.0,0.0,0.0,0.0
28-08 06:00:00,0.0,0.0,0.0,0.0,0.0,0.0
28-08 07:00:00,0.0,0.0,0.0,0.0,0.0,0.0
28-08 08:00:00,0.0,0.0,0.0,0.0,0.0,0.0
28-08 09:00:00,0.0,0.0,0.0,0.0,0.0,0.0
28-08 10:00:00,59.0,98.0,97.0,78.0,58.0,78.0
28-08 11:00:00,324.0,331.0,327.0,321.0,330.0,326.6
28-08 12:00:00,542.99,579.99,556.99,551.99,411.0,528.592
28-08 13:00:00,709.99,763.99,741.99,746.99,413.0,675.192
28-08 14:00:00,784.99,903.99,874.99,875.99,608.0,809.592
28-08 15:00:00,918.99,967.99,921.99,916.99,870.99,919.39
28-08 16:00:00,780.99,941.99,907.99,864.99,432.0,785.592
28-08 17:00:00,750.99,848.99,785.99,795.99,280.0,692.392
28-08 18:00:00,406.0,682.99,567.0,646.99,350.0,530.596
28-08 19:00:00,265.0,459.0,343.0,420.0,81.0,313.6
28-08 20:00:00,35.0,211.0,146.0,207.0,18.0,123.4
28-08 21:00:00,0.0,0.0,0.0,0.0,0.0,0.0
28-08 22:00:00,0.0,0.0,0.0,0.0,0.0,0.0
28-08 23:00:00,0.0,0.0,0.0,0.0,0.0,0.0
29-08 00:00:00,0.0,0.0,0.0,0.0,0.0,0.0
29-08 01:00:00,0.0,0.0,0.0,0.0,0.0,0.0
29-08 02:00:00,0.0,0.0,0.0,0.0,0.0,0.0
29-08 03:00:00,0.0,0.0,0.0,0.0,0.0,0.0
29-08 04:00:00,0.0,0.0,0.0,0.0,0.0,0.0
29-08 05:00:00,0.0,0.0,0.0,0.0,0.0,0.0
29-08 06:00:00,0.0,0.0,0.0,0.0,0.0,0.0
29-08 07:00:00,0.0,0.0,0.0,0.0,0.0,0.0
29-08 08:00:00,0.0,0.0,0.0,0.0,0.0,0.0
29-08 09:00:00,0.0,0.0,0.0,0.0,0.0,0.0
29-08 10:00:00,92.0,101.0,98.0,103.0,43.0,87.4
29-08 11:00:00,305.0,334.0,335.0,336.0,332.0,328.4
29-08 12:00:00,447.0,571.99,560.99,568.99,569.99,543.792
29-08 13:00:00,625.0,765.99,741.99,762.99,748.99,728.992
29-08 14:00:00,834.99,901.99,860.99,893.99,868.99,872.1899999999999
29-08 15:00:00,818.99,958.99,906.99,950.99,824.99,892.1899999999999
29-08 16:00:00,759.0,937.99,871.99,930.99,701.0,840.1940000000001
29-08 17:00:00,650.0,835.99,685.0,829.99,652.0,730.5959999999999
29-08 18:00:00,296.0,675.99,448.0,662.99,624.99,541.594
29-08 19:00:00,79.0,444.0,192.0,437.0,376.0,305.6
29-08 20:00:00,91.0,189.0,18.0,178.0,179.0,131.0
29-08 21:00:00,0.0,0.0,0.0,0.0,0.0,0.0
29-08 22:00:00,0.0,0.0,0.0,0.0,0.0,0.0
29-08 23:00:00,0.0,0.0,0.0,0.0,0.0,0.0
30-08 00:00:00,0.0,0.0,0.0,0.0,0.0,0.0
30-08 01:00:00,0.0,0.0,0.0,0.0,0.0,0.0
30-08 02:00:00,0.0,0.0,0.0,0.0,0.0,0.0
30-08 03:00:00,0.0,0.0,0.0,0.0,0.0,0.0
30-08 04:00:00,0.0,0.0,0.0,0.0,0.0,0.0
30-08 05:00:00,0.0,0.0,0.0,0.0,0.0,0.0
30-08 06:00:00,0.0,0.0,0.0,0.0,0.0,0.0
30-08 07:00:00,0.0,0.0,0.0,0.0,0.0,0.0
30-08 08:00:00,0.0,0.0,0.0,0.0,0.0,0.0
30-08 09:00:00,0.0,0.0,0.0,0.0,0.0,0.0
30-08 10:00:00,78.0,102.0,83.0,104.0,8.0,75.0
30-08 11:00:00,331.0,340.0,339.0,336.0,198.0,308.8
30-08 12:00:00,548.0,580.99,558.99,563.99,411.0,532.594
30-08 13:00:00,734.99,764.99,684.99,755.99,504.0,688.992
30-08 14:00:00,874.99,893.99,865.99,879.99,533.0,809.592
30-08 15:00:00,887.99,955.99,910.99,941.99,610.0,861.392
30-08 16:00:00,880.99,929.99,890.99,884.99,822.99,881.99
30-08 17:00:00,667.0,823.99,751.99,742.99,793.99,755.992
30-08 18:00:00,569.0,649.99,515.0,444.0,614.99,558.5959999999999
30-08 19:00:00,358.0,397.0,358.0,371.0,412.0,379.2
30-08 20:00:00,145.0,133.0,169.0,96.0,200.0,148.6
30-08 21:00:00,0.0,0.0,0.0,0.0,0.0,0.0
30-08 22:00:00,0.0,0.0,0.0,0.0,0.0,0.0
30-08 23:00:00,0.0,0.0,0.0,0.0,0.0,0.0
31-08 00:00:00,0.0,0.0,0.0,0.0,0.0,0.0
31-08 01:00:00,0.0,0.0,0.0,0.0,0.0,0.0
31-08 02:00:00,0.0,0.0,0.0,0.0,0.0,0.0
31-08 03:00:00,0.0,0.0,0.0,0.0,0.0,0.0
31-08 04:00:00,0.0,0.0,0.0,0.0,0.0,0.0
31-08 05:00:00,0.0,0.0,0.0,0.0,0.0,0.0
31-08 06:00:00,0.0,0.0,0.0,0.0,0.0,0.0
31-08 07:00:00,0.0,0.0,0.0,0.0,0.0,0.0
31-08 08:00:00,0.0,0.0,0.0,0.0,0.0,0.0
31-08 09:00:00,0.0,0.0,0.0,0.0,0.0,0.0
31-08 10:00:00,84.0,95.0,106.0,102.0,102.0,97.8
31-08 11:00:00,342.0,341.0,342.0,345.0,342.0,342.4
31-08 12:00:00,568.99,576.99,568.99,567.99,580.99,572.79
31-08 13:00:00,757.99,770.99,749.99,759.99,771.99,762.1899999999999
31-08 14:00:00,876.99,904.99,886.99,883.99,888.99,888.39
31-08 15:00:00,916.99,961.99,937.99,939.99,945.99,940.5899999999999
31-08 16:00:00,873.99,939.99,921.99,913.99,929.99,915.99
31-08 17:00:00,743.99,841.99,764.99,804.99,805.99,792.39
31-08 18:00:00,593.0,675.99,559.0,602.0,652.99,616.5959999999999
31-08 19:00:00,365.0,449.0,407.0,380.0,334.0,387.0
31-08 20:00:00,163.0,206.0,179.0,135.0,18.0,140.2
31-08 21:00:00,0.0,0.0,0.0,0.0,0.0,0.0
31-08 22:00:00,0.0,0.0,0.0,0.0,0.0,0.0
31-08 23:00:00,0.0,0.0,0.0,0.0,0.0,0.0
01-09 00:00:00,0.0,0.0,0.0,0.0,0.0,0.0
01-09 01:00:00,0.0,0.0,0.0,0.0,0.0,0.0
01-09 02:00:00,0.0,0.0,0.0,0.0,0.0,0.0
01-09 03:00:00,0.0,0.0,0.0,0.0,0.0,0.0
01-09 04:00:00,0.0,0.0,0.0,0.0,0.0,0.0
01-09 05:00:00,0.0,0.0,0.0,0.0,0.0,0.0
01-09 06:00:00,0.0,0.0,0.0,0.0,0.0,0.0
01-09 07:00:00,0.0,0.0,0.0,0.0,0.0,0.0
01-09 08:00:00,0.0,0.0,0.0,0.0,0.0,0.0
01-09 09:00:00,0.0,0.0,0.0,0.0,0.0,0.0
01-09 10:00:00,85.0,87.0,100.0,100.0,90.0,92.4
01-09 11:00:00,327.0,323.0,324.0,335.0,326.0,327.0
01-09 12:00:00,549.0,549.0,561.0,562.0,558.0,555.8
01-09 13:00:00,723.99,746.99,748.99,758.99,747.99,745.39
01-09 14:00:00,859.99,871.99,884.99,871.99,874.99,872.79
01-09 15:00:00,876.99,893.99,926.99,933.99,932.99,912.99
01-09 16:00:00,888.99,848.99,900.99,906.99,886.99,886.5899999999999
01-09 17:00:00,739.0,789.99,659.0,804.99,768.99,752.3939999999999
01-09 18:00:00,585.0,521.0,593.0,640.99,534.0,574.798
01-09 19:00:00,382.0,399.0,408.0,415.0,44.0,329.6
01-09 20:00:00,72.0,181.0,142.0,168.0,35.0,119.6
01-09 21:00:00,0.0,0.0,0.0,0.0,0.0,0.0
01-09 22:00:00,0.0,0.0,0.0,0.0,0.0,0.0
01-09 23:00:00,0.0,0.0,0.0,0.0,0.0,0.0
02-09 00:00:00,0.0,0.0,0.0,0.0,0.0,0.0
02-09 01:00:00,0.0,0.0,0.0,0.0,0.0,0.0
02-09 02:00:00,0.0,0.0,0.0,0.0,0.0,0.0
02-09 03:00:00,0.0,0.0,0.0,0.0,0.0,0.0
02-09 04:00:00,0.0,0.0,0.0,0.0,0.0,0.0
02-09 05:00:00,0.0,0.0,0.0,0.0,0.0,0.0
02-09 06:00:00,0.0,0.0,0.0,0.0,0.0,0.0
02-09 07:00:00,0.0,0.0,0.0,0.0,0.0,0.0
02-09 08:00:00,0.0,0.0,0.0,0.0,0.0,0.0
02-09 09:00:00,0.0,0.0,0.0,0.0,0.0,0.0
02-09 10:00:00,63.0,95.0,83.0,105.0,73.0,83.8
02-09 11:00:00,314.0,340.0,323.0,334.0,299.0,322.0
02-09 12:00:00,537.0,579.0,552.0,568.0,504.0,548.0
02-09 13:00:00,723.99,765.99,743.99,763.99,741.99,747.99
02-09 14:00:00,858.99,896.99,881.99,899.99,862.99,880.1899999999999
02-09 15:00:00,929.99,963.99,937.99,962.99,707.0,900.392
02-09 16:00:00,892.99,934.99,833.99,934.99,530.0,825.392
02-09 17:00:00,799.99,833.99,740.0,838.99,631.0,768.7940000000001
02-09 18:00:00,634.0,654.99,657.99,676.99,434.0,611.594
02-09 19:00:00,372.0,436.0,433.0,440.0,373.0,410.8
02-09 20:00:00,84.0,201.0,128.0,178.0,131.0,144.4
02-09 21:00:00,0.0,0.0,0.0,0.0,0.0,0.0
02-09 22:00:00,0.0,0.0,0.0,0.0,0.0,0.0
02-09 23:00:00,0.0,0.0,0.0,0.0,0.0,0.0
03-09 00:00:00,0.0,0.0,0.0,0.0,0.0,0.0
03-09 01:00:00,0.0,0.0,0.0,0.0,0.0,0.0
03-09 02:00:00,0.0,0.0,0.0,0.0,0.0,0.0
03-09 03:00:00,0.0,0.0,0.0,0.0,0.0,0.0
03-09 04:00:00,0.0,0.0,0.0,0.0,0.0,0.0
03-09 05:00:00,0.0,0.0,0.0,0.0,0.0,0.0
03-09 06:00:00,0.0,0.0,0.0,0.0,0.0,0.0
03-09 07:00:00,0.0,0.0,0.0,0.0,0.0,0.0
03-09 08:00:00,0.0,0.0,0.0,0.0,0.0,0.0
03-09 09:00:00,0.0,0.0,0.0,0.0,0.0,0.0
03-09 10:00:00,88.0,96.0,107.0,107.0,53.0,90.2
03-09 11:00:00,331.0,339.0,337.0,343.0,316.0,333.2
03-09 12:00:00,548.0,564.0,573.0,576.0,564.0,565.0
03-09 13:00:00,732.99,764.99,753.99,771.99,742.99,753.39
03-09 14:00:00,868.99,889.99,887.99,898.99,815.99,872.39
03-09 15:00:00,934.99,955.99,912.99,955.99,795.0,910.992
03-09 16:00:00,916.99,932.99,777.0,927.99,748.0,860.594
03-09 17:00:00,808.99,830.99,714.0,822.99,490.0,733.394
03-09 18:00:00,573.0,665.99,351.0,642.0,354.0,517.198
03-09 19:00:00,416.0,449.0,312.0,417.0,145.0,347.8
03-09 20:00:00,65.0,209.0,129.0,158.0,17.0,115.6
03-09 21:00:00,0.0,0.0,0.0,0.0,0.0,0.0
03-09 22:00:00,0.0,0.0,0.0,0.0,0.0,0.0
03-09 23:00:00,0.0,0.0,0.0,0.0,0.0,0.0
04-09 00:00:00,0.0,0.0,0.0,0.0,0.0,0.0
04-09 01:00:00,0.0,0.0,0.0,0.0,0.0,0.0
04-09 02:00:00,0.0,0.0,0.0,0.0,0.0,0.0
04-09 03:00:00,0.0,0.0,0.0,0.0,0.0,0.0
04-09 04:00:00,0.0,0.0,0.0,0.0,0.0,0.0
04-09 05:00:00,0.0,0.0,0.0,0.0,0.0,0.0
04-09 06:00:00,0.0,0.0,0.0,0.0,0.0,0.0
04-09 07:00:00,0.0,0.0,0.0,0.0,0.0,0.0
04-09 08:00:00,0.0,0.0,0.0,0.0,0.0,0.0
04-09 09:00:00,0.0,0.0,0.0,0.0,0.0,0.0
04-09 10:00:00,91.0,99.0,107.0,110.0,84.0,98.2
04-09 11:00:00,330.0,340.0,341.0,354.0,334.0,339.8
04-09 12:00:00,547.0,582.0,571.0,583.0,552.0,567.0
04-09 13:00:00,737.99,765.99,764.99,772.99,750.99,758.5899999999999
04-09 14:00:00,873.99,899.99,904.99,889.99,816.99,877.1899999999999
04-09 15:00:00,933.99,965.99,956.99,960.99,764.0,916.392
04-09 16:00:00,915.99,941.99,928.99,921.99,759.0,893.592
04-09 17:00:00,838.99,843.99,813.99,817.99,696.0,802.192
04-09 18:00:00,667.99,665.99,638.0,645.0,498.0,622.996
04-09 19:00:00,452.0,442.0,421.0,407.0,358.0,416.0
04-09 20:00:00,192.0,205.0,164.0,29.0,106.0,139.2
04-09 21:00:00,0.0,0.0,0.0,0.0,0.0,0.0
04-09 22:00:00,0.0,0.0,0.0,0.0,0.0,0.0
04-09 23:00:00,0.0,0.0,0.0,0.0,0.0,0.0
05-09 00:00:00,0.0,0.0,0.0,0.0,0.0,0.0
05-09 01:00:00,0.0,0.0,0.0,0.0,0.0,0.0
05-09 02:00:00,0.0,0.0,0.0,0.0,0.0,0.0
05-09 03:00:00,0.0,0.0,0.0,0.0,0.0,0.0
05-09 04:00:00,0.0,0.0,0.0,0.0,0.0,0.0
05-09 05:00:00,0.0,0.0,0.0,0.0,0.0,0.0
05-09 06:00:00,0.0,0.0,0.0,0.0,0.0,0.0
05-09 07:00:00,0.0,0.0,0.0,0.0,0.0,0.0
05-09 08:00:00,0.0,0.0,0.0,0.0,0.0,0.0
05-09 09:00:00,0.0,0.0,0.0,0.0,0.0,0.0
05-09 10:00:00,95.0,102.0,113.0,102.0,28.0,88.0
05-09 11:00:00,336.0,348.0,344.0,355.0,37.0,284.0
05-09 12:00:00,563.0,583.0,581.0,582.0,102.0,482.2
05-09 13:00:00,760.99,782.99,760.99,769.99,443.0,703.592
05-09 14:00:00,899.99,913.99,884.99,895.99,294.0,777.792
05-09 15:00:00,965.99,979.99,904.99,935.99,877.99,932.99
05-09 16:00:00,951.99,954.99,931.99,922.99,792.0,910.792
05-09 17:00:00,861.99,846.99,743.0,803.99,799.99,811.192
05-09 18:00:00,696.99,682.99,551.0,593.0,622.0,629.196
05-09 19:00:00,468.0,456.0,336.0,295.0,281.0,367.2
05-09 20:00:00,215.0,208.0,127.0,122.0,17.0,137.8
05-09 21:00:00,0.0,0.0,0.0,0.0,0.0,0.0
05-09 22:00:00,0.0,0.0,0.0,0.0,0.0,0.0
05-09 23:00:00,0.0,0.0,0.0,0.0,0.0,0.0
06-09 00:00:00,0.0,0.0,0.0,0.0,0.0,0.0
06-09 01:00:00,0.0,0.0,0.0,0.0,0.0,0.0
06-09 02:00:00,0.0,0.0,0.0,0.0,0.0,0.0
06-09 03:00:00,0.0,0.0,0.0,0.0,0.0,0.0
06-09 04:00:00,0.0,0.0,0.0,0.0,0.0,0.0
06-09 05:00:00,0.0,0.0,0.0,0.0,0.0,0.0
06-09 06:00:00,0.0,0.0,0.0,0.0,0.0,0.0
06-09 07:00:00,0.0,0.0,0.0,0.0,0.0,0.0
06-09 08:00:00,0.0,0.0,0.0,0.0,0.0,0.0
06-09 09:00:00,0.0,0.0,0.0,0.0,0.0,0.0
06-09 10:00:00,97.0,104.0,114.0,116.0,97.0,105.6
06-09 11:00:00,316.0,349.0,358.0,356.0,252.0,326.2
06-09 12:00:00,576.0,586.0,596.0,585.0,538.0,576.2
06-09 13:00:00,755.99,780.99,767.99,769.99,268.0,668.592
06-09 14:00:00,902.99,910.99,897.99,894.99,569.0,835.192
06-09 15:00:00,953.99,970.99,942.99,949.99,887.99,941.1899999999999
06-09 16:00:00,944.99,950.99,887.99,925.99,464.0,834.792
06-09 17:00:00,854.99,851.99,711.0,764.0,441.0,724.596
06-09 18:00:00,680.99,678.99,525.0,626.0,465.0,595.196
06-09 19:00:00,433.0,453.0,358.0,405.0,349.0,399.6
06-09 20:00:00,187.0,194.0,151.0,153.0,102.0,157.4
06-09 21:00:00,0.0,0.0,0.0,0.0,0.0,0.0
06-09 22:00:00,0.0,0.0,0.0,0.0,0.0,0.0
06-09 23:00:00,0.0,0.0,0.0,0.0,0.0,0.0
07-09 00:00:00,0.0,0.0,0.0,0.0,0.0,0.0
07-09 01:00:00,0.0,0.0,0.0,0.0,0.0,0.0
07-09 02:00:00,0.0,0.0,0.0,0.0,0.0,0.0
07-09 03:00:00,0.0,0.0,0.0,0.0,0.0,0.0
07-09 04:00:00,0.0,0.0,0.0,0.0,0.0,0.0
07-09 05:00:00,0.0,0.0,0.0,0.0,0.0,0.0
07-09 06:00:00,0.0,0.0,0.0,0.0,0.0,0.0
07-09 07:00:00,0.0,0.0,0.0,0.0,0.0,0.0
07-09 08:00:00,0.0,0.0,0.0,0.0,0.0,0.0
07-09 09:00:00,0.0,0.0,0.0,0.0,0.0,0.0
07-09 10:00:00,99.0,108.0,36.0,118.0,108.0,93.8
07-09 11:00:00,340.0,351.0,319.0,330.0,353.0,338.6
07-09 12:00:00,557.0,584.0,568.0,599.0,589.0,579.4
07-09 13:00:00,740.0,785.99,765.99,777.99,789.99,771.992
07-09 14:00:00,883.99,915.99,702.0,903.99,922.99,865.792
07-09 15:00:00,947.99,975.99,859.0,953.99,983.99,944.192
07-09 16:00:00,917.99,949.99,837.0,928.99,948.99,916.592
07-09 17:00:00,808.99,845.99,521.0,795.99,853.99,765.192
07-09 18:00:00,633.0,667.0,511.0,614.0,678.99,620.798
07-09 19:00:00,418.0,445.0,367.0,298.0,447.0,395.0
07-09 20:00:00,193.0,168.0,69.0,99.0,206.0,147.0
07-09 21:00:00,0.0,0.0,0.0,0.0,0.0,0.0
07-09 22:00:00,0.0,0.0,0.0,0.0,0.0,0.0
07-09 23:00:00,0.0,0.0,0.0,0.0,0.0,0.0
08-09 00:00:00,0.0,0.0,0.0,0.0,0.0,0.0
08-09 01:00:00,0.0,0.0,0.0,0.0,0.0,0.0
08-09 02:00:00,0.0,0.0,0.0,0.0,0.0,0.0
08-09 03:00:00,0.0,0.0,0.0,0.0,0.0,0.0
08-09 04:00:00,0.0,0.0,0.0,0.0,0.0,0.0
08-09 05:00:00,0.0,0.0,0.0,0.0,0.0,0.0
08-09 06:00:00,0.0,0.0,0.0,0.0,0.0,0.0
08-09 07:00:00,0.0,0.0,0.0,0.0,0.0,0.0
08-09 08:00:00,0.0,0.0,0.0,0.0,0.0,0.0
08-09 09:00:00,0.0,0.0,0.0,0.0,0.0,0.0
08-09 10:00:00,105.0,107.0,116.0,122.0,114.0,112.8
08-09 11:00:00,338.0,353.0,368.0,359.0,360.0,355.6
08-09 12:00:00,566.0,573.0,606.0,590.0,594.0,585.8
08-09 13:00:00,754.99,774.99,777.99,780.99,799.99,777.79
08-09 14:00:00,884.99,902.99,907.99,905.99,926.99,905.79
08-09 15:00:00,943.99,971.99,956.99,960.99,982.99,963.39
08-09 16:00:00,903.99,940.99,931.99,813.0,849.0,887.7940000000001
08-09 17:00:00,794.99,832.99,782.0,455.0,794.99,731.994
08-09 18:00:00,620.0,656.0,591.0,324.0,619.0,562.0
08-09 19:00:00,391.0,442.0,372.0,360.0,384.0,389.8
08-09 20:00:00,173.0,203.0,123.0,60.0,200.0,151.8
08-09 21:00:00,0.0,0.0,0.0,0.0,0.0,0.0
08-09 22:00:00,0.0,0.0,0.0,0.0,0.0,0.0
08-09 23:00:00,0.0,0.0,0.0,0.0,0.0,0.0
09-09 00:00:00,0.0,0.0,0.0,0.0,0.0,0.0
09-09 01:00:00,0.0,0.0,0.0,0.0,0.0,0.0
09-09 02:00:00,0.0,0.0,0.0,0.0,0.0,0.0
09-09 03:00:00,0.0,0.0,0.0,0.0,0.0,0.0
09-09 04:00:00,0.0,0.0,0.0,0.0,0.0,0.0
09-09 05:00:00,0.0,0.0,0.0,0.0,0.0,0.0
09-09 06:00:00,0.0,0.0,0.0,0.0,0.0,0.0
09-09 07:00:00,0.0,0.0,0.0,0.0,0.0,0.0
09-09 08:00:00,0.0,0.0,0.0,0.0,0.0,0.0
09-09 09:00:00,0.0,0.0,0.0,0.0,0.0,0.0
09-09 10:00:00,105.0,114.0,117.0,126.0,108.0,114.0
09-09 11:00:00,336.0,356.0,365.0,365.0,345.0,353.4
09-09 12:00:00,561.0,595.0,586.0,596.0,593.0,586.2
09-09 13:00:00,756.0,788.99,474.0,783.99,792.99,719.1940000000001
09-09 14:00:00,797.0,917.99,888.99,912.99,918.99,887.192
09-09 15:00:00,685.0,987.99,946.99,967.99,803.0,878.1940000000001
09-09 16:00:00,628.0,950.99,906.99,863.0,887.99,847.394
09-09 17:00:00,576.0,845.99,781.0,794.0,704.0,740.198
09-09 18:00:00,448.0,667.0,611.0,622.0,488.0,567.2
09-09 19:00:00,368.0,450.0,374.0,365.0,395.0,390.4
09-09 20:00:00,103.0,202.0,132.0,159.0,154.0,150.0
09-09 21:00:00,0.0,0.0,0.0,0.0,0.0,0.0
09-09 22:00:00,0.0,0.0,0.0,0.0,0.0,0.0
09-09 23:00:00,0.0,0.0,0.0,0.0,0.0,0.0
10-09 00:00:00,0.0,0.0,0.0,0.0,0.0,0.0
10-09 01:00:00,0.0,0.0,0.0,0.0,0.0,0.0
10-09 02:00:00,0.0,0.0,0.0,0.0,0.0,0.0
10-09 03:00:00,0.0,0.0,0.0,0.0,0.0,0.0
10-09 04:00:00,0.0,0.0,0.0,0.0,0.0,0.0
10-09 05:00:00,0.0,0.0,0.0,0.0,0.0,0.0
10-09 06:00:00,0.0,0.0,0.0,0.0,0.0,0.0
10-09 07:00:00,0.0,0.0,0.0,0.0,0.0,0.0
10-09 08:00:00,0.0,0.0,0.0,0.0,0.0,0.0
10-09 09:00:00,0.0,0.0,0.0,0.0,0.0,0.0
10-09 10:00:00,110.0,117.0,125.0,130.0,120.0,120.4
10-09 11:00:00,345.0,358.0,368.0,367.0,363.0,360.2
10-09 12:00:00,571.0,593.0,602.0,609.0,601.0,595.2
10-09 13:00:00,759.0,788.99,767.0,794.99,793.99,780.7939999999999
10-09 14:00:00,893.99,916.99,877.99,919.99,918.99,905.5899999999999
10-09 15:00:00,940.99,953.99,919.99,973.99,983.99,954.5899999999999
10-09 16:00:00,940.99,948.99,866.99,941.99,931.99,926.1899999999999
10-09 17:00:00,818.99,843.99,698.0,819.99,841.99,804.592
10-09 18:00:00,676.0,676.0,460.0,649.0,680.0,628.2
10-09 19:00:00,445.0,456.0,282.0,405.0,443.0,406.2
10-09 20:00:00,172.0,210.0,44.0,141.0,175.0,148.4
10-09 21:00:00,0.0,0.0,0.0,0.0,0.0,0.0
10-09 22:00:00,0.0,0.0,0.0,0.0,0.0,0.0
10-09 23:00:00,0.0,0.0,0.0,0.0,0.0,0.0
11-09 00:00:00,0.0,0.0,0.0,0.0,0.0,0.0
11-09 01:00:00,0.0,0.0,0.0,0.0,0.0,0.0
11-09 02:00:00,0.0,0.0,0.0,0.0,0.0,0.0
11-09 03:00:00,0.0,0.0,0.0,0.0,0.0,0.0
11-09 04:00:00,0.0,0.0,0.0,0.0,0.0,0.0
11-09 05:00:00,0.0,0.0,0.0,0.0,0.0,0.0
11-09 06:00:00,0.0,0.0,0.0,0.0,0.0,0.0
11-09 07:00:00,0.0,0.0,0.0,0.0,0.0,0.0
11-09 08:00:00,0.0,0.0,0.0,0.0,0.0,0.0
11-09 09:00:00,0.0,0.0,0.0,0.0,0.0,0.0
11-09 10:00:00,111.0,120.0,123.0,132.0,127.0,122.6
11-09 11:00:00,340.0,356.0,373.0,359.0,364.0,358.4
11-09 12:00:00,576.0,594.0,604.0,608.0,604.0,597.2
11-09 13:00:00,772.0,797.99,779.0,796.99,803.99,789.9939999999999
11-09 14:00:00,907.99,930.99,906.99,921.99,924.99,918.5899999999999
11-09 15:00:00,970.99,989.99,969.99,958.99,988.99,975.79
11-09 16:00:00,943.99,966.99,922.99,905.99,941.99,936.39
11-09 17:00:00,816.99,860.99,815.99,777.0,850.99,824.392
11-09 18:00:00,642.0,682.0,607.0,608.0,691.0,646.0
11-09 19:00:00,435.0,458.0,385.0,285.0,451.0,402.8
11-09 20:00:00,213.0,194.0,104.0,18.0,209.0,147.6
11-09 21:00:00,0.0,0.0,0.0,0.0,0.0,0.0
11-09 22:00:00,0.0,0.0,0.0,0.0,0.0,0.0
11-09 23:00:00,0.0,0.0,0.0,0.0,0.0,0.0
12-09 00:00:00,0.0,0.0,0.0,0.0,0.0,0.0
12-09 01:00:00,0.0,0.0,0.0,0.0,0.0,0.0
12-09 02:00:00,0.0,0.0,0.0,0.0,0.0,0.0
12-09 03:00:00,0.0,0.0,0.0,0.0,0.0,0.0
12-09 04:00:00,0.0,0.0,0.0,0.0,0.0,0.0
12-09 05:00:00,0.0,0.0,0.0,0.0,0.0,0.0
12-09 06:00:00,0.0,0.0,0.0,0.0,0.0,0.0
12-09 07:00:00,0.0,0.0,0.0,0.0,0.0,0.0
12-09 08:00:00,0.0,0.0,0.0,0.0,0.0,0.0
12-09 09:00:00,0.0,0.0,0.0,0.0,0.0,0.0
12-09 10:00:00,99.0,128.0,133.0,72.0,131.0,112.6
12-09 11:00:00,329.0,385.0,379.0,186.0,375.0,330.8
12-09 12:00:00,575.0,613.0,613.0,473.0,615.0,577.8
12-09 13:00:00,777.0,808.99,795.0,801.99,811.99,798.9939999999999
12-09 14:00:00,911.99,931.99,912.99,905.99,932.99,919.1899999999999
12-09 15:00:00,893.0,995.99,970.99,754.0,878.0,898.396
12-09 16:00:00,818.0,956.99,815.0,782.0,814.0,837.198
12-09 17:00:00,803.0,840.99,760.0,749.0,617.0,753.9979999999999
12-09 18:00:00,648.0,645.0,580.0,539.0,509.0,584.2
12-09 19:00:00,364.0,404.0,318.0,298.0,175.0,311.8
12-09 20:00:00,138.0,125.0,98.0,21.0,69.0,90.2
12-09 21:00:00,0.0,0.0,0.0,0.0,0.0,0.0
12-09 22:00:00,0.0,0.0,0.0,0.0,0.0,0.0
12-09 23:00:00,0.0,0.0,0.0,0.0,0.0,0.0
13-09 00:00:00,0.0,0.0,0.0,0.0,0.0,0.0
13-09 01:00:00,0.0,0.0,0.0,0.0,0.0,0.0
13-09 02:00:00,0.0,0.0,0.0,0.0,0.0,0.0
13-09 03:00:00,0.0,0.0,0.0,0.0,0.0,0.0
13-09 04:00:00,0.0,0.0,0.0,0.0,0.0,0.0
13-09 05:00:00,0.0,0.0,0.0,0.0,0.0,0.0
13-09 06:00:00,0.0,0.0,0.0,0.0,0.0,0.0
13-09 07:00:00,0.0,0.0,0.0,0.0,0.0,0.0
13-09 08:00:00,0.0,0.0,0.0,0.0,0.0,0.0
13-09 09:00:00,0.0,0.0,0.0,0.0,0.0,0.0
13-09 10:00:00,123.0,130.0,123.0,139.0,133.0,129.6
13-09 11:00:00,360.0,373.0,375.0,388.0,376.0,374.4
13-09 12:00:00,594.0,603.0,613.0,620.0,615.0,609.0
13-09 13:00:00,788.0,794.0,793.0,802.0,811.99,797.798
13-09 14:00:00,923.99,924.99,914.99,924.99,931.99,924.1899999999999
13-09 15:00:00,981.99,987.99,971.99,884.0,983.99,961.992
13-09 16:00:00,958.99,953.99,898.99,898.99,945.99,931.39
13-09 17:00:00,856.99,799.0,825.0,782.0,854.99,823.5959999999999
13-09 18:00:00,678.0,628.0,625.0,576.0,683.0,638.0
13-09 19:00:00,437.0,351.0,390.0,298.0,403.0,375.8
13-09 20:00:00,75.0,148.0,94.0,28.0,176.0,104.2
13-09 21:00:00,0.0,0.0,0.0,0.0,0.0,0.0
13-09 22:00:00,0.0,0.0,0.0,0.0,0.0,0.0
13-09 23:00:00,0.0,0.0,0.0,0.0,0.0,0.0
14-09 00:00:00,0.0,0.0,0.0,0.0,0.0,0.0
14-09 01:00:00,0.0,0.0,0.0,0.0,0.0,0.0
14-09 02:00:00,0.0,0.0,0.0,0.0,0.0,0.0
14-09 03:00:00,0.0,0.0,0.0,0.0,0.0,0.0
14-09 04:00:00,0.0,0.0,0.0,0.0,0.0,0.0
14-09 05:00:00,0.0,0.0,0.0,0.0,0.0,0.0
14-09 06:00:00,0.0,0.0,0.0,0.0,0.0,0.0
14-09 07:00:00,0.0,0.0,0.0,0.0,0.0,0.0
14-09 08:00:00,0.0,0.0,0.0,0.0,0.0,0.0
14-09 09:00:00,0.0,0.0,0.0,0.0,0.0,0.0
14-09 10:00:00,127.0,96.0,64.0,143.0,103.0,106.6
14-09 11:00:00,372.0,329.0,198.0,395.0,376.0,334.0
14-09 12:00:00,605.0,605.0,507.0,626.0,615.0,591.6
14-09 13:00:00,798.0,800.0,778.0,808.0,795.0,795.8
14-09 14:00:00,897.99,915.99,891.0,915.99,907.99,905.792
14-09 15:00:00,969.99,971.99,793.0,757.0,778.0,853.9959999999999
14-09 16:00:00,903.0,913.99,360.0,527.0,469.0,634.598
14-09 17:00:00,823.0,753.0,477.0,477.0,795.0,665.0
14-09 18:00:00,645.0,549.0,618.0,484.0,464.0,552.0
14-09 19:00:00,356.0,406.0,390.0,284.0,356.0,358.4
14-09 20:00:00,95.0,127.0,129.0,18.0,18.0,77.4
14-09 21:00:00,0.0,0.0,0.0,0.0,0.0,0.0
14-09 22:00:00,0.0,0.0,0.0,0.0,0.0,0.0
14-09 23:00:00,0.0,0.0,0.0,0.0,0.0,0.0
15-09 00:00:00,0.0,0.0,0.0,0.0,0.0,0.0
15-09 01:00:00,0.0,0.0,0.0,0.0,0.0,0.0
15-09 02:00:00,0.0,0.0,0.0,0.0,0.0,0.0
15-09 03:00:00,0.0,0.0,0.0,0.0,0.0,0.0
15-09 04:00:00,0.0,0.0,0.0,0.0,0.0,0.0
15-09 05:00:00,0.0,0.0,0.0,0.0,0.0,0.0
15-09 06:00:00,0.0,0.0,0.0,0.0,0.0,0.0
15-09 07:00:00,0.0,0.0,0.0,0.0,0.0,0.0
15-09 08:00:00,0.0,0.0,0.0,0.0,0.0,0.0
15-09 09:00:00,0.0,0.0,0.0,0.0,0.0,0.0
15-09 10:00:00,132.0,129.0,135.0,143.0,36.0,115.0
15-09 11:00:00,376.0,378.0,385.0,393.0,186.0,343.6
15-09 12:00:00,624.0,605.0,632.0,627.0,350.0,567.6
15-09 13:00:00,812.0,799.0,808.0,800.0,561.0,756.0
15-09 14:00:00,934.99,923.99,926.99,916.99,800.0,900.592
15-09 15:00:00,985.99,978.99,790.0,961.99,889.0,921.1940000000001
15-09 16:00:00,961.99,939.99,571.0,922.99,618.0,802.7940000000001
15-09 17:00:00,846.0,808.0,624.0,801.0,565.0,728.8
15-09 18:00:00,661.0,625.0,420.0,589.0,485.0,556.0
15-09 19:00:00,424.0,347.0,80.0,356.0,64.0,254.2
15-09 20:00:00,193.0,106.0,18.0,99.0,18.0,86.8
15-09 21:00:00,0.0,0.0,0.0,0.0,0.0,0.0
15-09 22:00:00,0.0,0.0,0.0,0.0,0.0,0.0
15-09 23:00:00,0.0,0.0,0.0,0.0,0.0,0.0
16-09 00:00:00,0.0,0.0,0.0,0.0,0.0,0.0
16-09 01:00:00,0.0,0.0,0.0,0.0,0.0,0.0
16-09 02:00:00,0.0,0.0,0.0,0.0,0.0,0.0
16-09 03:00:00,0.0,0.0,0.0,0.0,0.0,0.0
16-09 04:00:00,0.0,0.0,0.0,0.0,0.0,0.0
16-09 05:00:00,0.0,0.0,0.0,0.0,0.0,0.0
16-09 06:00:00,0.0,0.0,0.0,0.0,0.0,0.0
16-09 07:00:00,0.0,0.0,0.0,0.0,0.0,0.0
16-09 08:00:00,0.0,0.0,0.0,0.0,0.0,0.0
16-09 09:00:00,0.0,0.0,0.0,0.0,0.0,0.0
16-09 10:00:00,141.0,139.0,148.0,144.0,122.0,138.8
16-09 11:00:00,381.0,394.0,395.0,394.0,390.0,390.8
16-09 12:00:00,628.0,619.0,619.0,630.0,609.0,621.0
16-09 13:00:00,833.0,816.0,818.0,803.0,793.0,812.6
16-09 14:00:00,951.99,941.99,925.99,924.99,878.0,924.592
16-09 15:00:00,1014.99,998.99,986.99,964.99,941.99,981.5899999999999
16-09 16:00:00,989.99,973.99,916.0,838.0,832.0,909.9959999999999
16-09 17:00:00,892.99,850.0,823.0,639.0,768.0,794.598
16-09 18:00:00,721.0,651.0,612.0,204.0,579.0,553.4
16-09 19:00:00,484.0,330.0,360.0,60.0,406.0,328.0
16-09 20:00:00,204.0,35.0,0.0,54.0,161.0,90.8
16-09 21:00:00,0.0,0.0,0.0,0.0,0.0,0.0
16-09 22:00:00,0.0,0.0,0.0,0.0,0.0,0.0
16-09 23:00:00,0.0,0.0,0.0,0.0,0.0,0.0
17-09 00:00:00,0.0,0.0,0.0,0.0,0.0,0.0
17-09 01:00:00,0.0,0.0,0.0,0.0,0.0,0.0
17-09 02:00:00,0.0,0.0,0.0,0.0,0.0,0.0
17-09 03:00:00,0.0,0.0,0.0,0.0,0.0,0.0
17-09 04:00:00,0.0,0.0,0.0,0.0,0.0,0.0
17-09 05:00:00,0.0,0.0,0.0,0.0,0.0,0.0
17-09 06:00:00,0.0,0.0,0.0,0.0,0.0,0.0
17-09 07:00:00,0.0,0.0,0.0,0.0,0.0,0.0
17-09 08:00:00,0.0,0.0,0.0,0.0,0.0,0.0
17-09 09:00:00,0.0,0.0,0.0,0.0,0.0,0.0
17-09 10:00:00,139.0,140.0,149.0,144.0,32.0,120.8
17-09 11:00:00,378.0,387.0,400.0,393.0,122.0,336.0
17-09 12:00:00,616.0,615.0,627.0,625.0,110.0,518.6
17-09 13:00:00,826.0,814.0,814.0,800.0,530.0,756.8
17-09 14:00:00,948.99,820.0,934.99,915.99,836.0,891.1940000000001
17-09 15:00:00,1004.99,895.0,1006.99,934.0,821.0,932.396
17-09 16:00:00,979.99,781.0,954.99,925.99,262.0,780.7940000000001
17-09 17:00:00,865.0,689.0,843.0,803.0,210.0,682.0
17-09 18:00:00,692.0,519.0,652.0,607.0,59.0,505.8
17-09 19:00:00,449.0,405.0,406.0,268.0,39.0,313.4
17-09 20:00:00,175.0,23.0,163.0,34.0,18.0,82.6
17-09 21:00:00,0.0,0.0,0.0,0.0,0.0,0.0
17-09 22:00:00,0.0,0.0,0.0,0.0,0.0,0.0
17-09 23:00:00,0.0,0.0,0.0,0.0,0.0,0.0
18-09 00:00:00,0.0,0.0,0.0,0.0,0.0,0.0
18-09 01:00:00,0.0,0.0,0.0,0.0,0.0,0.0
18-09 02:00:00,0.0,0.0,0.0,0.0,0.0,0.0
18-09 03:00:00,0.0,0.0,0.0,0.0,0.0,0.0
18-09 04:00:00,0.0,0.0,0.0,0.0,0.0,0.0
18-09 05:00:00,0.0,0.0,0.0,0.0,0.0,0.0
18-09 06:00:00,0.0,0.0,0.0,0.0,0.0,0.0
18-09 07:00:00,0.0,0.0,0.0,0.0,0.0,0.0
18-09 08:00:00,0.0,0.0,0.0,0.0,0.0,0.0
18-09 09:00:00,0.0,0.0,0.0,0.0,0.0,0.0
18-09 10:00:00,147.0,35.0,156.0,72.0,150.0,112.0
18-09 11:00:00,403.0,56.0,393.0,399.0,398.0,329.8
18-09 12:00:00,641.0,345.0,640.0,628.0,630.0,576.8
18-09 13:00:00,830.0,753.0,832.0,802.0,810.0,805.4
18-09 14:00:00,943.99,883.0,959.99,926.99,930.99,928.992
18-09 15:00:00,998.99,945.0,1031.99,970.99,979.99,985.392
18-09 16:00:00,946.99,799.0,984.99,789.0,886.0,881.1959999999999
18-09 17:00:00,711.0,709.0,879.0,544.0,772.0,723.0
18-09 18:00:00,601.0,481.0,680.0,356.0,527.0,529.0
18-09 19:00:00,416.0,132.0,446.0,347.0,390.0,346.2
18-09 20:00:00,156.0,19.0,187.0,36.0,190.0,117.6
18-09 21:00:00,0.0,0.0,0.0,0.0,0.0,0.0
18-09 22:00:00,0.0,0.0,0.0,0.0,0.0,0.0
18-09 23:00:00,0.0,0.0,0.0,0.0,0.0,0.0
19-09 00:00:00,0.0,0.0,0.0,0.0,0.0,0.0
19-09 01:00:00,0.0,0.0,0.0,0.0,0.0,0.0
19-09 02:00:00,0.0,0.0,0.0,0.0,0.0,0.0
19-09 03:00:00,0.0,0.0,0.0,0.0,0.0,0.0
19-09 04:00:00,0.0,0.0,0.0,0.0,0.0,0.0
19-09 05:00:00,0.0,0.0,0.0,0.0,0.0,0.0
19-09 06:00:00,0.0,0.0,0.0,0.0,0.0,0.0
19-09 07:00:00,0.0,0.0,0.0,0.0,0.0,0.0
19-09 08:00:00,0.0,0.0,0.0,0.0,0.0,0.0
19-09 09:00:00,0.0,0.0,0.0,0.0,0.0,0.0
19-09 10:00:00,143.0,108.0,158.0,16.0,74.0,99.8
19-09 11:00:00,389.0,406.0,394.0,48.0,384.0,324.2
19-09 12:00:00,633.0,624.0,623.0,275.0,630.0,557.0
19-09 13:00:00,832.0,806.0,832.0,688.0,812.0,794.0
19-09 14:00:00,948.99,889.0,953.99,819.0,922.0,906.5959999999999
19-09 15:00:00,998.99,836.0,1019.99,912.0,981.99,949.7940000000001
19-09 16:00:00,967.99,674.0,977.99,437.0,862.0,783.796
19-09 17:00:00,854.0,647.0,868.0,779.0,768.0,783.2
19-09 18:00:00,682.0,298.0,682.0,542.0,492.0,539.2
19-09 19:00:00,428.0,216.0,431.0,348.0,427.0,370.0
19-09 20:00:00,157.0,34.0,145.0,106.0,157.0,119.8
19-09 21:00:00,0.0,0.0,0.0,0.0,0.0,0.0
19-09 22:00:00,0.0,0.0,0.0,0.0,0.0,0.0
19-09 23:00:00,0.0,0.0,0.0,0.0,0.0,0.0
20-09 00:00:00,0.0,0.0,0.0,0.0,0.0,0.0
20-09 01:00:00,0.0,0.0,0.0,0.0,0.0,0.0
20-09 02:00:00,0.0,0.0,0.0,0.0,0.0,0.0
20-09 03:00:00,0.0,0.0,0.0,0.0,0.0,0.0
20-09 04:00:00,0.0,0.0,0.0,0.0,0.0,0.0
20-09 05:00:00,0.0,0.0,0.0,0.0,0.0,0.0
20-09 06:00:00,0.0,0.0,0.0,0.0,0.0,0.0
20-09 07:00:00,0.0,0.0,0.0,0.0,0.0,0.0
20-09 08:00:00,0.0,0.0,0.0,0.0,0.0,0.0
20-09 09:00:00,0.0,0.0,0.0,0.0,0.0,0.0
20-09 10:00:00,156.0,158.0,165.0,30.0,160.0,133.8
20-09 11:00:00,411.0,411.0,405.0,237.0,412.0,375.2
20-09 12:00:00,649.0,640.0,645.0,318.0,651.0,580.6
20-09 13:00:00,842.0,812.0,837.0,410.0,834.0,747.0
20-09 14:00:00,959.0,930.0,959.0,759.0,952.0,911.8
20-09 15:00:00,971.0,972.0,1024.99,493.0,942.0,880.598
20-09 16:00:00,839.0,925.0,976.99,506.0,939.0,837.198
20-09 17:00:00,695.0,777.0,816.0,410.0,753.0,690.2
20-09 18:00:00,598.0,556.0,587.0,150.0,566.0,491.4
20-09 19:00:00,367.0,292.0,343.0,71.0,438.0,302.2
20-09 20:00:00,201.0,25.0,108.0,18.0,171.0,104.6
20-09 21:00:00,0.0,0.0,0.0,0.0,0.0,0.0
20-09 22:00:00,0.0,0.0,0.0,0.0,0.0,0.0
20-09 23:00:00,0.0,0.0,0.0,0.0,0.0,0.0
21-09 00:00:00,0.0,0.0,0.0,0.0,0.0,0.0
21-09 01:00:00,0.0,0.0,0.0,0.0,0.0,0.0
21-09 02:00:00,0.0,0.0,0.0,0.0,0.0,0.0
21-09 03:00:00,0.0,0.0,0.0,0.0,0.0,0.0
21-09 04:00:00,0.0,0.0,0.0,0.0,0.0,0.0
21-09 05:00:00,0.0,0.0,0.0,0.0,0.0,0.0
21-09 06:00:00,0.0,0.0,0.0,0.0,0.0,0.0
21-09 07:00:00,0.0,0.0,0.0,0.0,0.0,0.0
21-09 08:00:00,0.0,0.0,0.0,0.0,0.0,0.0
21-09 09:00:00,0.0,0.0,0.0,0.0,0.0,0.0
21-09 10:00:00,163.0,152.0,147.0,104.0,164.0,146.0
21-09 11:00:00,417.0,415.0,411.0,408.0,417.0,413.6
21-09 12:00:00,657.0,606.0,648.0,645.0,652.0,641.6
21-09 13:00:00,827.0,551.0,839.0,821.0,832.0,774.0
21-09 14:00:00,932.0,503.0,946.0,859.0,953.0,838.6
21-09 15:00:00,963.0,763.0,942.0,716.0,908.0,858.4
21-09 16:00:00,927.0,472.0,675.0,859.0,769.0,740.4
21-09 17:00:00,805.0,371.0,611.0,662.0,571.0,604.0
21-09 18:00:00,516.0,325.0,503.0,411.0,645.0,480.0
21-09 19:00:00,279.0,292.0,270.0,150.0,392.0,276.6
21-09 20:00:00,44.0,18.0,75.0,113.0,151.0,80.2
21-09 21:00:00,0.0,0.0,0.0,0.0,0.0,0.0
21-09 22:00:00,0.0,0.0,0.0,0.0,0.0,0.0
21-09 23:00:00,0.0,0.0,0.0,0.0,0.0,0.0
22-09 00:00:00,0.0,0.0,0.0,0.0,0.0,0.0
22-09 01:00:00,0.0,0.0,0.0,0.0,0.0,0.0
22-09 02:00:00,0.0,0.0,0.0,0.0,0.0,0.0
22-09 03:00:00,0.0,0.0,0.0,0.0,0.0,0.0
22-09 04:00:00,0.0,0.0,0.0,0.0,0.0,0.0
22-09 05:00:00,0.0,0.0,0.0,0.0,0.0,0.0
22-09 06:00:00,0.0,0.0,0.0,0.0,0.0,0.0
22-09 07:00:00,0.0,0.0,0.0,0.0,0.0,0.0
22-09 08:00:00,0.0,0.0,0.0,0.0,0.0,0.0
22-09 09:00:00,0.0,0.0,0.0,0.0,0.0,0.0
22-09 10:00:00,151.0,17.0,171.0,23.0,128.0,98.0
22-09 11:00:00,395.0,36.0,427.0,312.0,351.0,304.2
22-09 12:00:00,641.0,131.0,660.0,224.0,620.0,455.2
22-09 13:00:00,825.0,249.0,836.0,83.0,826.0,563.8
22-09 14:00:00,945.0,188.0,946.0,172.0,910.0,632.2
22-09 15:00:00,965.0,253.0,1000.0,152.0,967.0,667.4
22-09 16:00:00,890.0,158.0,951.0,140.0,549.0,537.6
22-09 17:00:00,629.0,248.0,843.0,135.0,574.0,485.8
22-09 18:00:00,404.0,182.0,644.0,72.0,629.0,386.2
22-09 19:00:00,226.0,39.0,371.0,56.0,399.0,218.2
22-09 20:00:00,42.0,18.0,81.0,18.0,139.0,59.6
22-09 21:00:00,0.0,0.0,0.0,0.0,0.0,0.0
22-09 22:00:00,0.0,0.0,0.0,0.0,0.0,0.0
22-09 23:00:00,0.0,0.0,0.0,0.0,0.0,0.0
23-09 00:00:00,0.0,0.0,0.0,0.0,0.0,0.0
23-09 01:00:00,0.0,0.0,0.0,0.0,0.0,0.0
23-09 02:00:00,0.0,0.0,0.0,0.0,0.0,0.0
23-09 03:00:00,0.0,0.0,0.0,0.0,0.0,0.0
23-09 04:00:00,0.0,0.0,0.0,0.0,0.0,0.0
23-09 05:00:00,0.0,0.0,0.0,0.0,0.0,0.0
23-09 06:00:00,0.0,0.0,0.0,0.0,0.0,0.0
23-09 07:00:00,0.0,0.0,0.0,0.0,0.0,0.0
23-09 08:00:00,0.0,0.0,0.0,0.0,0.0,0.0
23-09 09:00:00,0.0,0.0,0.0,0.0,0.0,0.0
23-09 10:00:00,90.0,69.0,172.0,107.0,165.0,120.6
23-09 11:00:00,117.0,137.0,427.0,73.0,420.0,234.8
23-09 12:00:00,630.0,103.0,655.0,138.0,647.0,434.6
23-09 13:00:00,819.0,350.0,833.0,244.0,824.0,614.0
23-09 14:00:00,712.0,212.0,942.0,399.0,931.0,639.2
23-09 15:00:00,650.0,162.0,995.0,414.0,860.0,616.2
23-09 16:00:00,892.0,185.0,946.0,295.0,866.0,636.8
23-09 17:00:00,819.0,240.0,758.0,306.0,718.0,568.2
23-09 18:00:00,639.0,87.0,566.0,107.0,604.0,400.6
23-09 19:00:00,378.0,49.0,359.0,39.0,368.0,238.6
23-09 20:00:00,111.0,22.0,101.0,18.0,130.0,76.4
23-09 21:00:00,0.0,0.0,0.0,0.0,0.0,0.0
23-09 22:00:00,0.0,0.0,0.0,0.0,0.0,0.0
23-09 23:00:00,0.0,0.0,0.0,0.0,0.0,0.0
24-09 00:00:00,0.0,0.0,0.0,0.0,0.0,0.0
24-09 01:00:00,0.0,0.0,0.0,0.0,0.0,0.0
24-09 02:00:00,0.0,0.0,0.0,0.0,0.0,0.0
24-09 03:00:00,0.0,0.0,0.0,0.0,0.0,0.0
24-09 04:00:00,0.0,0.0,0.0,0.0,0.0,0.0
24-09 05:00:00,0.0,0.0,0.0,0.0,0.0,0.0
24-09 06:00:00,0.0,0.0,0.0,0.0,0.0,0.0
24-09 07:00:00,0.0,0.0,0.0,0.0,0.0,0.0
24-09 08:00:00,0.0,0.0,0.0,0.0,0.0,0.0
24-09 09:00:00,0.0,0.0,0.0,0.0,0.0,0.0
24-09 10:00:00,161.0,172.0,132.0,158.0,171.0,158.8
24-09 11:00:00,416.0,433.0,365.0,261.0,411.0,377.2
24-09 12:00:00,656.0,674.0,612.0,598.0,581.0,624.2
24-09 13:00:00,833.0,852.0,765.0,768.0,829.0,809.4
24-09 14:00:00,952.0,972.0,845.0,601.0,947.0,863.4
24-09 15:00:00,999.0,1014.0,778.0,896.0,828.0,903.0
24-09 16:00:00,966.0,932.0,931.0,856.0,820.0,901.0
24-09 17:00:00,850.0,750.0,838.0,740.0,629.0,761.4
24-09 18:00:00,652.0,598.0,552.0,496.0,449.0,549.4
24-09 19:00:00,328.0,388.0,331.0,374.0,216.0,327.4
24-09 20:00:00,93.0,150.0,33.0,18.0,18.0,62.4
24-09 21:00:00,0.0,0.0,0.0,0.0,0.0,0.0
24-09 22:00:00,0.0,0.0,0.0,0.0,0.0,0.0
24-09 23:00:00,0.0,0.0,0.0,0.0,0.0,0.0
25-09 00:00:00,0.0,0.0,0.0,0.0,0.0,0.0
25-09 01:00:00,0.0,0.0,0.0,0.0,0.0,0.0
25-09 02:00:00,0.0,0.0,0.0,0.0,0.0,0.0
25-09 03:00:00,0.0,0.0,0.0,0.0,0.0,0.0
25-09 04:00:00,0.0,0.0,0.0,0.0,0.0,0.0
25-09 05:00:00,0.0,0.0,0.0,0.0,0.0,0.0
25-09 06:00:00,0.0,0.0,0.0,0.0,0.0,0.0
25-09 07:00:00,0.0,0.0,0.0,0.0,0.0,0.0
25-09 08:00:00,0.0,0.0,0.0,0.0,0.0,0.0
25-09 09:00:00,0.0,0.0,0.0,0.0,0.0,0.0
25-09 10:00:00,173.0,177.0,174.0,91.0,171.0,157.2
25-09 11:00:00,428.0,424.0,425.0,374.0,366.0,403.4
25-09 12:00:00,625.0,678.0,654.0,616.0,654.0,645.4
25-09 13:00:00,829.0,857.0,839.0,740.0,822.0,817.4
25-09 14:00:00,935.0,982.0,948.0,928.0,943.0,947.2
25-09 15:00:00,919.0,1034.0,994.0,973.0,978.0,979.6
25-09 16:00:00,693.0,989.0,940.0,955.0,831.0,881.6
25-09 17:00:00,538.0,842.0,841.0,643.0,775.0,727.8
25-09 18:00:00,175.0,643.0,634.0,506.0,173.0,426.2
25-09 19:00:00,111.0,399.0,353.0,233.0,40.0,227.2
25-09 20:00:00,18.0,157.0,108.0,181.0,127.0,118.2
25-09 21:00:00,0.0,0.0,0.0,0.0,0.0,0.0
25-09 22:00:00,0.0,0.0,0.0,0.0,0.0,0.0
25-09 23:00:00,0.0,0.0,0.0,0.0,0.0,0.0
26-09 00:00:00,0.0,0.0,0.0,0.0,0.0,0.0
26-09 01:00:00,0.0,0.0,0.0,0.0,0.0,0.0
26-09 02:00:00,0.0,0.0,0.0,0.0,0.0,0.0
26-09 03:00:00,0.0,0.0,0.0,0.0,0.0,0.0
26-09 04:00:00,0.0,0.0,0.0,0.0,0.0,0.0
26-09 05:00:00,0.0,0.0,0.0,0.0,0.0,0.0
26-09 06:00:00,0.0,0.0,0.0,0.0,0.0,0.0
26-09 07:00:00,0.0,0.0,0.0,0.0,0.0,0.0
26-09 08:00:00,0.0,0.0,0.0,0.0,0.0,0.0
26-09 09:00:00,0.0,0.0,0.0,0.0,0.0,0.0
26-09 10:00:00,146.0,174.0,17.0,176.0,47.0,112.0
26-09 11:00:00,37.0,432.0,127.0,426.0,75.0,219.4
26-09 12:00:00,144.0,673.0,70.0,663.0,476.0,405.2
26-09 13:00:00,85.0,864.0,187.0,825.0,804.0,553.0
26-09 14:00:00,101.0,983.0,156.0,824.0,943.0,601.4
26-09 15:00:00,123.0,911.0,338.0,889.0,983.0,648.8
26-09 16:00:00,183.0,844.0,223.0,898.0,766.0,582.8
26-09 17:00:00,151.0,792.0,317.0,810.0,278.0,469.6
26-09 18:00:00,134.0,610.0,254.0,667.0,533.0,439.6
26-09 19:00:00,40.0,379.0,79.0,329.0,267.0,218.8
26-09 20:00:00,18.0,184.0,69.0,132.0,134.0,107.4
26-09 21:00:00,0.0,0.0,0.0,0.0,0.0,0.0
26-09 22:00:00,0.0,0.0,0.0,0.0,0.0,0.0
26-09 23:00:00,0.0,0.0,0.0,0.0,0.0,0.0
27-09 00:00:00,0.0,0.0,0.0,0.0,0.0,0.0
27-09 01:00:00,0.0,0.0,0.0,0.0,0.0,0.0
27-09 02:00:00,0.0,0.0,0.0,0.0,0.0,0.0
27-09 03:00:00,0.0,0.0,0.0,0.0,0.0,0.0
27-09 04:00:00,0.0,0.0,0.0,0.0,0.0,0.0
27-09 05:00:00,0.0,0.0,0.0,0.0,0.0,0.0
27-09 06:00:00,0.0,0.0,0.0,0.0,0.0,0.0
27-09 07:00:00,0.0,0.0,0.0,0.0,0.0,0.0
27-09 08:00:00,0.0,0.0,0.0,0.0,0.0,0.0
27-09 09:00:00,0.0,0.0,0.0,0.0,0.0,0.0
27-09 10:00:00,53.0,182.0,180.0,52.0,17.0,96.8
27-09 11:00:00,139.0,434.0,436.0,145.0,115.0,253.8
27-09 12:00:00,420.0,687.0,674.0,427.0,452.0,532.0
27-09 13:00:00,626.0,778.0,855.0,588.0,756.0,720.6
27-09 14:00:00,732.0,642.0,980.0,689.0,741.0,756.8
27-09 15:00:00,911.0,773.0,1010.0,691.0,914.0,859.8
27-09 16:00:00,899.0,756.0,954.0,336.0,503.0,689.6
27-09 17:00:00,848.0,682.0,813.0,223.0,259.0,565.0
27-09 18:00:00,664.0,612.0,468.0,473.0,60.0,455.4
27-09 19:00:00,396.0,388.0,280.0,40.0,44.0,229.6
27-09 20:00:00,121.0,96.0,70.0,18.0,18.0,64.6
27-09 21:00:00,0.0,0.0,0.0,0.0,0.0,0.0
27-09 22:00:00,0.0,0.0,0.0,0.0,0.0,0.0
27-09 23:00:00,0.0,0.0,0.0,0.0,0.0,0.0
28-09 00:00:00,0.0,0.0,0.0,0.0,0.0,0.0
28-09 01:00:00,0.0,0.0,0.0,0.0,0.0,0.0
28-09 02:00:00,0.0,0.0,0.0,0.0,0.0,0.0
28-09 03:00:00,0.0,0.0,0.0,0.0,0.0,0.0
28-09 04:00:00,0.0,0.0,0.0,0.0,0.0,0.0
28-09 05:00:00,0.0,0.0,0.0,0.0,0.0,0.0
28-09 06:00:00,0.0,0.0,0.0,0.0,0.0,0.0
28-09 07:00:00,0.0,0.0,0.0,0.0,0.0,0.0
28-09 08:00:00,0.0,0.0,0.0,0.0,0.0,0.0
28-09 09:00:00,0.0,0.0,0.0,0.0,0.0,0.0
28-09 10:00:00,186.0,186.0,92.0,149.0,109.0,144.4
28-09 11:00:00,440.0,435.0,203.0,339.0,388.0,361.0
28-09 12:00:00,679.0,675.0,286.0,440.0,661.0,548.2
28-09 13:00:00,872.0,855.0,445.0,703.0,823.0,739.6
28-09 14:00:00,888.0,824.0,817.0,371.0,927.0,765.4
28-09 15:00:00,805.0,974.0,1007.0,858.0,823.0,893.4
28-09 16:00:00,812.0,837.0,976.0,718.0,646.0,797.8
28-09 17:00:00,496.0,608.0,877.0,304.0,419.0,540.8
28-09 18:00:00,526.0,504.0,672.0,237.0,60.0,399.8
28-09 19:00:00,344.0,258.0,153.0,133.0,94.0,196.4
28-09 20:00:00,19.0,137.0,18.0,31.0,18.0,44.6
28-09 21:00:00,0.0,0.0,0.0,0.0,0.0,0.0
28-09 22:00:00,0.0,0.0,0.0,0.0,0.0,0.0
28-09 23:00:00,0.0,0.0,0.0,0.0,0.0,0.0
29-09 00:00:00,0.0,0.0,0.0,0.0,0.0,0.0
29-09 01:00:00,0.0,0.0,0.0,0.0,0.0,0.0
29-09 02:00:00,0.0,0.0,0.0,0.0,0.0,0.0
29-09 03:00:00,0.0,0.0,0.0,0.0,0.0,0.0
29-09 04:00:00,0.0,0.0,0.0,0.0,0.0,0.0
29-09 05:00:00,0.0,0.0,0.0,0.0,0.0,0.0
29-09 06:00:00,0.0,0.0,0.0,0.0,0.0,0.0
29-09 07:00:00,0.0,0.0,0.0,0.0,0.0,0.0
29-09 08:00:00,0.0,0.0,0.0,0.0,0.0,0.0
29-09 09:00:00,0.0,0.0,0.0,0.0,0.0,0.0
29-09 10:00:00,185.0,194.0,16.0,188.0,139.0,144.4
29-09 11:00:00,446.0,452.0,394.0,442.0,427.0,432.2
29-09 12:00:00,686.0,698.0,671.0,595.0,660.0,662.0
29-09 13:00:00,879.0,882.0,865.0,620.0,802.0,809.6
29-09 14:00:00,980.0,1002.0,968.0,994.0,675.0,923.8
29-09 15:00:00,982.0,1053.0,986.0,872.0,808.0,940.2
29-09 16:00:00,936.0,1010.0,820.0,530.0,691.0,797.4
29-09 17:00:00,827.0,888.0,671.0,583.0,809.0,755.6
29-09 18:00:00,666.0,689.0,489.0,665.0,561.0,614.0
29-09 19:00:00,412.0,445.0,277.0,40.0,66.0,248.0
29-09 20:00:00,160.0,186.0,63.0,140.0,18.0,113.4
29-09 21:00:00,0.0,0.0,0.0,0.0,0.0,0.0
29-09 22:00:00,0.0,0.0,0.0,0.0,0.0,0.0
29-09 23:00:00,0.0,0.0,0.0,0.0,0.0,0.0
30-09 00:00:00,0.0,0.0,0.0,0.0,0.0,0.0
30-09 01:00:00,0.0,0.0,0.0,0.0,0.0,0.0
30-09 02:00:00,0.0,0.0,0.0,0.0,0.0,0.0
30-09 03:00:00,0.0,0.0,0.0,0.0,0.0,0.0
30-09 04:00:00,0.0,0.0,0.0,0.0,0.0,0.0
30-09 05:00:00,0.0,0.0,0.0,0.0,0.0,0.0
30-09 06:00:00,0.0,0.0,0.0,0.0,0.0,0.0
30-09 07:00:00,0.0,0.0,0.0,0.0,0.0,0.0
30-09 08:00:00,0.0,0.0,0.0,0.0,0.0,0.0
30-09 09:00:00,0.0,0.0,0.0,0.0,0.0,0.0
30-09 10:00:00,190.0,204.0,69.0,191.0,151.0,161.0
30-09 11:00:00,453.0,468.0,38.0,445.0,287.0,338.2
30-09 12:00:00,687.0,712.0,490.0,683.0,435.0,601.4
30-09 13:00:00,828.0,896.0,864.0,875.0,837.0,860.0
30-09 14:00:00,994.0,1011.0,977.0,996.0,931.0,981.8
30-09 15:00:00,1045.0,1057.0,1016.0,1031.0,856.0,1001.0
30-09 16:00:00,991.0,876.0,974.0,912.0,712.0,893.0
30-09 17:00:00,803.0,840.0,833.0,855.0,668.0,799.8
30-09 18:00:00,698.0,618.0,302.0,599.0,542.0,551.8
30-09 19:00:00,449.0,206.0,414.0,461.0,287.0,363.4
30-09 20:00:00,187.0,42.0,170.0,206.0,18.0,124.6
30-09 21:00:00,0.0,1.0,0.0,0.0,0.0,0.2
30-09 22:00:00,0.0,0.0,0.0,0.0,0.0,0.0
30-09 23:00:00,0.0,0.0,0.0,0.0,0.0,0.0
01-10 00:00:00,0.0,0.0,0.0,0.0,0.0,0.0
01-10 01:00:00,0.0,0.0,0.0,0.0,0.0,0.0
01-10 02:00:00,0.0,0.0,0.0,0.0,0.0,0.0
01-10 03:00:00,0.0,0.0,0.0,0.0,0.0,0.0
01-10 04:00:00,0.0,0.0,0.0,0.0,0.0,0.0
01-10 05:00:00,0.0,0.0,0.0,0.0,0.0,0.0
01-10 06:00:00,0.0,0.0,0.0,0.0,0.0,0.0
01-10 07:00:00,0.0,0.0,0.0,0.0,0.0,0.0
01-10 08:00:00,0.0,0.0,0.0,0.0,0.0,0.0
01-10 09:00:00,0.0,0.0,0.0,0.0,0.0,0.0
01-10 10:00:00,119.0,198.0,192.0,191.0,40.0,148.0
01-10 11:00:00,304.0,437.0,458.0,406.0,140.0,349.0
01-10 12:00:00,665.0,662.0,697.0,663.0,412.0,619.8
01-10 13:00:00,579.0,851.0,880.0,868.0,400.0,715.6
01-10 14:00:00,894.0,979.0,993.0,1010.0,243.0,823.8
01-10 15:00:00,854.0,1022.0,968.0,1045.0,956.0,969.0
01-10 16:00:00,833.0,928.0,781.0,976.0,833.0,870.2
01-10 17:00:00,706.0,872.0,857.0,773.0,569.0,755.4
01-10 18:00:00,586.0,708.0,661.0,546.0,605.0,621.2
01-10 19:00:00,401.0,474.0,41.0,240.0,41.0,239.4
01-10 20:00:00,146.0,167.0,19.0,98.0,19.0,89.8
01-10 21:00:00,1.0,1.0,1.0,1.0,1.0,1.0
01-10 22:00:00,0.0,0.0,0.0,0.0,0.0,0.0
01-10 23:00:00,0.0,0.0,0.0,0.0,0.0,0.0
02-10 00:00:00,0.0,0.0,0.0,0.0,0.0,0.0
02-10 01:00:00,0.0,0.0,0.0,0.0,0.0,0.0
02-10 02:00:00,0.0,0.0,0.0,0.0,0.0,0.0
02-10 03:00:00,0.0,0.0,0.0,0.0,0.0,0.0
02-10 04:00:00,0.0,0.0,0.0,0.0,0.0,0.0
02-10 05:00:00,0.0,0.0,0.0,0.0,0.0,0.0
02-10 06:00:00,0.0,0.0,0.0,0.0,0.0,0.0
02-10 07:00:00,0.0,0.0,0.0,0.0,0.0,0.0
02-10 08:00:00,0.0,0.0,0.0,0.0,0.0,0.0
02-10 09:00:00,0.0,0.0,0.0,0.0,0.0,0.0
02-10 10:00:00,190.0,203.0,189.0,61.0,31.0,134.8
02-10 11:00:00,432.0,447.0,450.0,207.0,108.0,328.8
02-10 12:00:00,651.0,672.0,684.0,600.0,281.0,577.6
02-10 13:00:00,855.0,880.0,876.0,602.0,726.0,787.8
02-10 14:00:00,957.0,1022.0,983.0,656.0,827.0,889.0
02-10 15:00:00,957.0,1072.0,1026.0,450.0,792.0,859.4
02-10 16:00:00,886.0,1050.0,999.0,700.0,887.0,904.4
02-10 17:00:00,775.0,910.0,888.0,895.0,850.0,863.6
02-10 18:00:00,685.0,732.0,711.0,710.0,73.0,582.2
02-10 19:00:00,452.0,499.0,474.0,476.0,75.0,395.2
02-10 20:00:00,213.0,181.0,208.0,83.0,145.0,166.0
02-10 21:00:00,1.0,1.0,1.0,1.0,1.0,1.0
02-10 22:00:00,0.0,0.0,0.0,0.0,0.0,0.0
02-10 23:00:00,0.0,0.0,0.0,0.0,0.0,0.0
03-10 00:00:00,0.0,0.0,0.0,0.0,0.0,0.0
03-10 01:00:00,0.0,0.0,0.0,0.0,0.0,0.0
03-10 02:00:00,0.0,0.0,0.0,0.0,0.0,0.0
03-10 03:00:00,0.0,0.0,0.0,0.0,0.0,0.0
03-10 04:00:00,0.0,0.0,0.0,0.0,0.0,0.0
03-10 05:00:00,0.0,0.0,0.0,0.0,0.0,0.0
03-10 06:00:00,0.0,0.0,0.0,0.0,0.0,0.0
03-10 07:00:00,0.0,0.0,0.0,0.0,0.0,0.0
03-10 08:00:00,0.0,0.0,0.0,0.0,0.0,0.0
03-10 09:00:00,0.0,0.0,0.0,0.0,0.0,0.0
03-10 10:00:00,154.0,204.0,195.0,76.0,178.0,161.4
03-10 11:00:00,383.0,451.0,422.0,346.0,100.0,340.4
03-10 12:00:00,659.0,677.0,674.0,250.0,413.0,534.6
03-10 13:00:00,708.0,892.0,853.0,870.0,756.0,815.8
03-10 14:00:00,953.0,1019.0,890.0,593.0,250.0,741.0
03-10 15:00:00,953.0,1073.0,974.0,389.0,567.0,791.2
03-10 16:00:00,882.0,1040.0,803.0,295.0,641.0,732.2
03-10 17:00:00,821.0,906.0,103.0,451.0,390.0,534.2
03-10 18:00:00,399.0,720.0,231.0,308.0,593.0,450.2
03-10 19:00:00,449.0,491.0,299.0,351.0,66.0,331.2
03-10 20:00:00,122.0,164.0,214.0,19.0,36.0,111.0
03-10 21:00:00,1.0,1.0,1.0,1.0,1.0,1.0
03-10 22:00:00,0.0,0.0,0.0,0.0,0.0,0.0
03-10 23:00:00,0.0,0.0,0.0,0.0,0.0,0.0
04-10 00:00:00,0.0,0.0,0.0,0.0,0.0,0.0
04-10 01:00:00,0.0,0.0,0.0,0.0,0.0,0.0
04-10 02:00:00,0.0,0.0,0.0,0.0,0.0,0.0
04-10 03:00:00,0.0,0.0,0.0,0.0,0.0,0.0
04-10 04:00:00,0.0,0.0,0.0,0.0,0.0,0.0
04-10 05:00:00,0.0,0.0,0.0,0.0,0.0,0.0
04-10 06:00:00,0.0,0.0,0.0,0.0,0.0,0.0
04-10 07:00:00,0.0,0.0,0.0,0.0,0.0,0.0
04-10 08:00:00,0.0,0.0,0.0,0.0,0.0,0.0
04-10 09:00:00,0.0,0.0,0.0,0.0,0.0,0.0
04-10 10:00:00,198.0,204.0,187.0,209.0,209.0,201.4
04-10 11:00:00,438.0,442.0,463.0,467.0,449.0,451.8
04-10 12:00:00,685.0,687.0,703.0,588.0,696.0,671.8
04-10 13:00:00,859.0,884.0,892.0,868.0,880.0,876.6
04-10 14:00:00,987.0,1009.0,1004.0,885.0,947.0,966.4
04-10 15:00:00,921.0,1063.0,1031.0,966.0,716.0,939.4
04-10 16:00:00,855.0,1024.0,900.0,920.0,608.0,861.4
04-10 17:00:00,591.0,886.0,769.0,786.0,332.0,672.8
04-10 18:00:00,572.0,712.0,662.0,452.0,260.0,531.6
04-10 19:00:00,274.0,475.0,426.0,232.0,172.0,315.8
04-10 20:00:00,20.0,147.0,214.0,136.0,19.0,107.2
04-10 21:00:00,1.0,1.0,1.0,1.0,1.0,1.0
04-10 22:00:00,0.0,0.0,0.0,0.0,0.0,0.0
04-10 23:00:00,0.0,0.0,0.0,0.0,0.0,0.0
05-10 00:00:00,0.0,0.0,0.0,0.0,0.0,0.0
05-10 01:00:00,0.0,0.0,0.0,0.0,0.0,0.0
05-10 02:00:00,0.0,0.0,0.0,0.0,0.0,0.0
05-10 03:00:00,0.0,0.0,0.0,0.0,0.0,0.0
05-10 04:00:00,0.0,0.0,0.0,0.0,0.0,0.0
05-10 05:00:00,0.0,0.0,0.0,0.0,0.0,0.0
05-10 06:00:00,0.0,0.0,0.0,0.0,0.0,0.0
05-10 07:00:00,0.0,0.0,0.0,0.0,0.0,0.0
05-10 08:00:00,0.0,0.0,0.0,0.0,0.0,0.0
05-10 09:00:00,0.0,0.0,0.0,0.0,0.0,0.0
05-10 10:00:00,200.0,200.0,136.0,198.0,100.0,166.8
05-10 11:00:00,446.0,461.0,416.0,457.0,361.0,428.2
05-10 12:00:00,685.0,698.0,569.0,706.0,586.0,648.8
05-10 13:00:00,864.0,891.0,439.0,895.0,536.0,725.0
05-10 14:00:00,904.0,1016.0,534.0,855.0,705.0,802.8
05-10 15:00:00,953.0,1064.0,985.0,701.0,672.0,875.0
05-10 16:00:00,968.0,1025.0,985.0,533.0,601.0,822.4
05-10 17:00:00,770.0,877.0,885.0,161.0,367.0,612.0
05-10 18:00:00,499.0,693.0,686.0,551.0,62.0,498.2
05-10 19:00:00,430.0,450.0,436.0,393.0,41.0,350.0
05-10 20:00:00,140.0,140.0,19.0,19.0,19.0,67.4
05-10 21:00:00,1.0,1.0,1.0,1.0,1.0,1.0
05-10 22:00:00,0.0,0.0,0.0,0.0,0.0,0.0
05-10 23:00:00,0.0,0.0,0.0,0.0,0.0,0.0
06-10 00:00:00,0.0,0.0,0.0,0.0,0.0,0.0
06-10 01:00:00,0.0,0.0,0.0,0.0,0.0,0.0
06-10 02:00:00,0.0,0.0,0.0,0.0,0.0,0.0
06-10 03:00:00,0.0,0.0,0.0,0.0,0.0,0.0
06-10 04:00:00,0.0,0.0,0.0,0.0,0.0,0.0
06-10 05:00:00,0.0,0.0,0.0,0.0,0.0,0.0
06-10 06:00:00,0.0,0.0,0.0,0.0,0.0,0.0
06-10 07:00:00,0.0,0.0,0.0,0.0,0.0,0.0
06-10 08:00:00,0.0,0.0,0.0,0.0,0.0,0.0
06-10 09:00:00,0.0,0.0,0.0,0.0,0.0,0.0
06-10 10:00:00,95.0,217.0,216.0,215.0,182.0,185.0
06-10 11:00:00,338.0,474.0,476.0,471.0,393.0,430.4
06-10 12:00:00,210.0,700.0,715.0,708.0,643.0,595.2
06-10 13:00:00,173.0,889.0,905.0,897.0,860.0,744.8
06-10 14:00:00,589.0,1007.0,1013.0,1015.0,605.0,845.8
06-10 15:00:00,566.0,1055.0,1045.0,1047.0,526.0,847.8
06-10 16:00:00,814.0,1015.0,912.0,864.0,732.0,867.4
06-10 17:00:00,630.0,813.0,670.0,418.0,496.0,605.4
06-10 18:00:00,489.0,638.0,639.0,548.0,67.0,476.2
06-10 19:00:00,223.0,342.0,403.0,391.0,41.0,280.0
06-10 20:00:00,19.0,112.0,71.0,119.0,19.0,68.0
06-10 21:00:00,1.0,1.0,1.0,1.0,1.0,1.0
06-10 22:00:00,0.0,0.0,0.0,0.0,0.0,0.0
06-10 23:00:00,0.0,0.0,0.0,0.0,0.0,0.0
07-10 00:00:00,0.0,0.0,0.0,0.0,0.0,0.0
07-10 01:00:00,0.0,0.0,0.0,0.0,0.0,0.0
07-10 02:00:00,0.0,0.0,0.0,0.0,0.0,0.0
07-10 03:00:00,0.0,0.0,0.0,0.0,0.0,0.0
07-10 04:00:00,0.0,0.0,0.0,0.0,0.0,0.0
07-10 05:00:00,0.0,0.0,0.0,0.0,0.0,0.0
07-10 06:00:00,0.0,0.0,0.0,0.0,0.0,0.0
07-10 07:00:00,0.0,0.0,0.0,0.0,0.0,0.0
07-10 08:00:00,0.0,0.0,0.0,0.0,0.0,0.0
07-10 09:00:00,0.0,1.0,0.0,0.0,0.0,0.2
07-10 10:00:00,202.0,218.0,216.0,90.0,66.0,158.4
07-10 11:00:00,447.0,469.0,374.0,89.0,380.0,351.8
07-10 12:00:00,677.0,706.0,701.0,137.0,612.0,566.6
07-10 13:00:00,862.0,895.0,906.0,83.0,771.0,703.4
07-10 14:00:00,891.0,1008.0,1016.0,185.0,977.0,815.4
07-10 15:00:00,1030.0,1061.0,1047.0,242.0,1001.0,876.2
07-10 16:00:00,969.0,1020.0,929.0,589.0,530.0,807.4
07-10 17:00:00,649.0,878.0,780.0,377.0,695.0,675.8
07-10 18:00:00,390.0,620.0,521.0,292.0,368.0,438.2
07-10 19:00:00,44.0,395.0,421.0,41.0,41.0,188.4
07-10 20:00:00,19.0,64.0,194.0,19.0,19.0,63.0
07-10 21:00:00,1.0,1.0,6.0,1.0,1.0,2.0
07-10 22:00:00,0.0,0.0,0.0,0.0,0.0,0.0
07-10 23:00:00,0.0,0.0,0.0,0.0,0.0,0.0
08-10 00:00:00,0.0,0.0,0.0,0.0,0.0,0.0
08-10 01:00:00,0.0,0.0,0.0,0.0,0.0,0.0
08-10 02:00:00,0.0,0.0,0.0,0.0,0.0,0.0
08-10 03:00:00,0.0,0.0,0.0,0.0,0.0,0.0
08-10 04:00:00,0.0,0.0,0.0,0.0,0.0,0.0
08-10 05:00:00,0.0,0.0,0.0,0.0,0.0,0.0
08-10 06:00:00,0.0,0.0,0.0,0.0,0.0,0.0
08-10 07:00:00,0.0,0.0,0.0,0.0,0.0,0.0
08-10 08:00:00,0.0,0.0,0.0,0.0,0.0,0.0
08-10 09:00:00,1.0,3.0,1.0,1.0,1.0,1.4
08-10 10:00:00,19.0,225.0,181.0,221.0,200.0,169.2
08-10 11:00:00,52.0,481.0,396.0,478.0,452.0,371.8
08-10 12:00:00,248.0,707.0,0.0,715.0,684.0,470.8
08-10 13:00:00,493.0,881.0,296.0,886.0,793.0,669.8
08-10 14:00:00,656.0,1003.0,580.0,647.0,782.0,733.6
08-10 15:00:00,310.0,1037.0,879.0,795.0,720.0,748.2
08-10 16:00:00,271.0,808.0,941.0,770.0,753.0,708.6
08-10 17:00:00,329.0,565.0,482.0,254.0,616.0,449.2
08-10 18:00:00,124.0,467.0,357.0,179.0,438.0,313.0
08-10 19:00:00,147.0,162.0,359.0,52.0,196.0,183.2
08-10 20:00:00,19.0,20.0,19.0,31.0,19.0,21.6
08-10 21:00:00,1.0,1.0,1.0,1.0,1.0,1.0
08-10 22:00:00,0.0,0.0,0.0,0.0,0.0,0.0
08-10 23:00:00,0.0,0.0,0.0,0.0,0.0,0.0
09-10 00:00:00,0.0,0.0,0.0,0.0,0.0,0.0
09-10 01:00:00,0.0,0.0,0.0,0.0,0.0,0.0
09-10 02:00:00,0.0,0.0,0.0,0.0,0.0,0.0
09-10 03:00:00,0.0,0.0,0.0,0.0,0.0,0.0
09-10 04:00:00,0.0,0.0,0.0,0.0,0.0,0.0
09-10 05:00:00,0.0,0.0,0.0,0.0,0.0,0.0
09-10 06:00:00,0.0,0.0,0.0,0.0,0.0,0.0
09-10 07:00:00,0.0,0.0,0.0,0.0,0.0,0.0
09-10 08:00:00,0.0,0.0,0.0,0.0,0.0,0.0
09-10 09:00:00,4.0,3.0,1.0,1.0,1.0,2.0
09-10 10:00:00,146.0,220.0,24.0,129.0,216.0,147.0
09-10 11:00:00,270.0,476.0,284.0,365.0,268.0,332.6
09-10 12:00:00,648.0,702.0,562.0,698.0,492.0,620.4
09-10 13:00:00,858.0,889.0,146.0,901.0,689.0,696.6
09-10 14:00:00,978.0,994.0,186.0,1016.0,837.0,802.2
09-10 15:00:00,848.0,1040.0,625.0,832.0,1003.0,869.6
09-10 16:00:00,693.0,989.0,860.0,734.0,837.0,822.6
09-10 17:00:00,675.0,790.0,830.0,697.0,712.0,740.8
09-10 18:00:00,599.0,639.0,644.0,510.0,663.0,611.0
09-10 19:00:00,381.0,365.0,428.0,206.0,393.0,354.6
09-10 20:00:00,53.0,69.0,206.0,22.0,148.0,99.6
09-10 21:00:00,1.0,1.0,1.0,1.0,1.0,1.0
09-10 22:00:00,0.0,0.0,0.0,0.0,0.0,0.0
09-10 23:00:00,0.0,0.0,0.0,0.0,0.0,0.0
10-10 00:00:00,0.0,0.0,0.0,0.0,0.0,0.0
10-10 01:00:00,0.0,0.0,0.0,0.0,0.0,0.0
10-10 02:00:00,0.0,0.0,0.0,0.0,0.0,0.0
10-10 03:00:00,0.0,0.0,0.0,0.0,0.0,0.0
10-10 04:00:00,0.0,0.0,0.0,0.0,0.0,0.0
10-10 05:00:00,0.0,0.0,0.0,0.0,0.0,0.0
10-10 06:00:00,0.0,0.0,0.0,0.0,0.0,0.0
10-10 07:00:00,0.0,0.0,0.0,0.0,0.0,0.0
10-10 08:00:00,0.0,0.0,0.0,0.0,0.0,0.0
10-10 09:00:00,1.0,5.0,1.0,1.0,1.0,1.8
10-10 10:00:00,104.0,84.0,67.0,148.0,165.0,113.6
10-10 11:00:00,351.0,228.0,42.0,407.0,375.0,280.6
10-10 12:00:00,683.0,331.0,108.0,513.0,687.0,464.4
10-10 13:00:00,871.0,788.0,383.0,840.0,862.0,748.8
10-10 14:00:00,981.0,720.0,799.0,983.0,949.0,886.4
10-10 15:00:00,681.0,905.0,462.0,975.0,973.0,799.2
10-10 16:00:00,588.0,886.0,575.0,778.0,909.0,747.2
10-10 17:00:00,672.0,741.0,876.0,896.0,857.0,808.4
10-10 18:00:00,106.0,530.0,62.0,161.0,504.0,272.6
10-10 19:00:00,42.0,278.0,64.0,224.0,267.0,175.0
10-10 20:00:00,20.0,27.0,19.0,20.0,33.0,23.8
10-10 21:00:00,1.0,1.0,1.0,1.0,1.0,1.0
10-10 22:00:00,0.0,0.0,0.0,0.0,0.0,0.0
10-10 23:00:00,0.0,0.0,0.0,0.0,0.0,0.0
11-10 00:00:00,0.0,0.0,0.0,0.0,0.0,0.0
11-10 01:00:00,0.0,0.0,0.0,0.0,0.0,0.0
11-10 02:00:00,0.0,0.0,0.0,0.0,0.0,0.0
11-10 03:00:00,0.0,0.0,0.0,0.0,0.0,0.0
11-10 04:00:00,0.0,0.0,0.0,0.0,0.0,0.0
11-10 05:00:00,0.0,0.0,0.0,0.0,0.0,0.0
11-10 06:00:00,0.0,0.0,0.0,0.0,0.0,0.0
11-10 07:00:00,0.0,0.0,0.0,0.0,0.0,0.0
11-10 08:00:00,0.0,0.0,0.0,0.0,0.0,0.0
11-10 09:00:00,2.0,1.0,3.0,4.0,1.0,2.2
11-10 10:00:00,167.0,68.0,55.0,234.0,230.0,150.8
11-10 11:00:00,320.0,78.0,0.0,0.0,487.0,177.0
11-10 12:00:00,342.0,0.0,525.0,720.0,723.0,462.0
11-10 13:00:00,280.0,488.0,370.0,925.0,870.0,586.6
11-10 14:00:00,306.0,680.0,637.0,1051.0,1011.0,737.0
11-10 15:00:00,284.0,552.0,805.0,910.0,1029.0,716.0
11-10 16:00:00,646.0,377.0,505.0,964.0,912.0,680.8
11-10 17:00:00,466.0,285.0,638.0,782.0,696.0,573.4
11-10 18:00:00,138.0,310.0,616.0,135.0,634.0,366.6
11-10 19:00:00,42.0,78.0,249.0,244.0,263.0,175.2
11-10 20:00:00,20.0,20.0,19.0,37.0,212.0,61.6
11-10 21:00:00,1.0,1.0,1.0,1.0,7.0,2.2
11-10 22:00:00,0.0,0.0,0.0,0.0,0.0,0.0
11-10 23:00:00,0.0,0.0,0.0,0.0,0.0,0.0
12-10 00:00:00,0.0,0.0,0.0,0.0,0.0,0.0
12-10 01:00:00,0.0,0.0,0.0,0.0,0.0,0.0
12-10 02:00:00,0.0,0.0,0.0,0.0,0.0,0.0
12-10 03:00:00,0.0,0.0,0.0,0.0,0.0,0.0
12-10 04:00:00,0.0,0.0,0.0,0.0,0.0,0.0
12-10 05:00:00,0.0,0.0,0.0,0.0,0.0,0.0
12-10 06:00:00,0.0,0.0,0.0,0.0,0.0,0.0
12-10 07:00:00,0.0,0.0,0.0,0.0,0.0,0.0
12-10 08:00:00,0.0,0.0,0.0,0.0,0.0,0.0
12-10 09:00:00,1.0,13.57,1.0,4.0,1.0,4.114
12-10 10:00:00,132.0,237.0,234.0,198.0,213.0,202.8
12-10 11:00:00,295.0,78.0,0.0,0.0,320.0,138.6
12-10 12:00:00,397.0,706.0,398.0,714.0,93.0,461.6
12-10 13:00:00,568.0,878.0,824.0,936.0,710.0,783.2
12-10 14:00:00,658.0,971.0,896.0,1047.0,956.0,905.6
12-10 15:00:00,560.0,997.0,988.0,1087.0,993.0,925.0
12-10 16:00:00,569.0,882.0,941.0,1060.0,992.0,888.8
12-10 17:00:00,475.0,719.0,803.0,908.0,885.0,758.0
12-10 18:00:00,463.0,69.0,676.0,690.0,496.0,478.8
12-10 19:00:00,117.0,42.0,397.0,468.0,42.0,213.2
12-10 20:00:00,36.0,20.0,181.0,130.0,20.0,77.4
12-10 21:00:00,1.0,1.0,2.0,1.0,1.0,1.2
12-10 22:00:00,0.0,0.0,0.0,0.0,0.0,0.0
12-10 23:00:00,0.0,0.0,0.0,0.0,0.0,0.0
13-10 00:00:00,0.0,0.0,0.0,0.0,0.0,0.0
13-10 01:00:00,0.0,0.0,0.0,0.0,0.0,0.0
13-10 02:00:00,0.0,0.0,0.0,0.0,0.0,0.0
13-10 03:00:00,0.0,0.0,0.0,0.0,0.0,0.0
13-10 04:00:00,0.0,0.0,0.0,0.0,0.0,0.0
13-10 05:00:00,0.0,0.0,0.0,0.0,0.0,0.0
13-10 06:00:00,0.0,0.0,0.0,0.0,0.0,0.0
13-10 07:00:00,0.0,0.0,0.0,0.0,0.0,0.0
13-10 08:00:00,0.0,0.0,0.0,0.0,0.0,0.0
13-10 09:00:00,7.0,2.0,5.0,2.0,2.0,3.6
13-10 10:00:00,229.0,73.0,237.0,223.0,68.0,166.0
13-10 11:00:00,484.0,410.0,495.0,494.0,42.0,385.0
13-10 12:00:00,718.0,517.0,732.0,708.0,63.0,547.6
13-10 13:00:00,906.0,544.0,883.0,942.0,86.0,672.2
13-10 14:00:00,1060.0,1008.0,951.0,1013.0,181.0,842.6
13-10 15:00:00,990.0,821.0,991.0,985.0,847.0,926.8
13-10 16:00:00,772.0,917.0,968.0,1005.0,864.0,905.2
13-10 17:00:00,500.0,686.0,874.0,932.0,708.0,740.0
13-10 18:00:00,401.0,669.0,685.0,751.0,415.0,584.2
13-10 19:00:00,415.0,393.0,474.0,439.0,78.0,359.8
13-10 20:00:00,20.0,145.0,159.0,110.0,20.0,90.8
13-10 21:00:00,1.0,1.0,1.0,1.0,5.0,1.8
13-10 22:00:00,0.0,0.0,0.0,0.0,0.0,0.0
13-10 23:00:00,0.0,0.0,0.0,0.0,0.0,0.0
14-10 00:00:00,0.0,0.0,0.0,0.0,0.0,0.0
14-10 01:00:00,0.0,0.0,0.0,0.0,0.0,0.0
14-10 02:00:00,0.0,0.0,0.0,0.0,0.0,0.0
14-10 03:00:00,0.0,0.0,0.0,0.0,0.0,0.0
14-10 04:00:00,0.0,0.0,0.0,0.0,0.0,0.0
14-10 05:00:00,0.0,0.0,0.0,0.0,0.0,0.0
14-10 06:00:00,0.0,0.0,0.0,0.0,0.0,0.0
14-10 07:00:00,0.0,0.0,0.0,0.0,0.0,0.0
14-10 08:00:00,0.0,0.0,0.0,0.0,0.0,0.0
14-10 09:00:00,12.66,9.0,8.0,5.0,1.0,7.132
14-10 10:00:00,240.0,46.0,239.0,240.0,135.0,180.0
14-10 11:00:00,493.0,349.0,424.0,508.0,173.0,389.4
14-10 12:00:00,733.0,393.0,676.0,729.0,709.0,648.0
14-10 13:00:00,914.0,474.0,800.0,943.0,881.0,802.4
14-10 14:00:00,1031.0,852.0,909.0,1047.0,1006.0,969.0
14-10 15:00:00,1041.0,1013.0,788.0,1104.0,1005.0,990.2
14-10 16:00:00,862.0,523.0,659.0,1061.0,960.0,813.0
14-10 17:00:00,616.0,282.0,545.0,913.0,890.0,649.2
14-10 18:00:00,560.0,413.0,321.0,733.0,720.0,549.4
14-10 19:00:00,436.0,264.0,434.0,393.0,358.0,377.0
14-10 20:00:00,28.0,23.0,20.0,105.0,219.0,79.0
14-10 21:00:00,1.0,1.0,1.0,9.0,1.0,2.6
14-10 22:00:00,0.0,0.0,0.0,0.0,0.0,0.0
14-10 23:00:00,0.0,0.0,0.0,0.0,0.0,0.0
15-10 00:00:00,0.0,0.0,0.0,0.0,0.0,0.0
15-10 01:00:00,0.0,0.0,0.0,0.0,0.0,0.0
15-10 02:00:00,0.0,0.0,0.0,0.0,0.0,0.0
15-10 03:00:00,0.0,0.0,0.0,0.0,0.0,0.0
15-10 04:00:00,0.0,0.0,0.0,0.0,0.0,0.0
15-10 05:00:00,0.0,0.0,0.0,0.0,0.0,0.0
15-10 06:00:00,0.0,0.0,0.0,0.0,0.0,0.0
15-10 07:00:00,0.0,0.0,0.0,0.0,0.0,0.0
15-10 08:00:00,0.0,0.0,0.0,0.0,0.0,0.0
15-10 09:00:00,11.0,16.38,8.0,7.0,2.0,8.876
15-10 10:00:00,241.0,240.0,152.0,243.0,243.0,223.8
15-10 11:00:00,498.0,386.0,495.0,509.0,501.0,477.8
15-10 12:00:00,737.0,537.0,735.0,735.0,719.0,692.6
15-10 13:00:00,922.0,848.0,914.0,944.0,902.0,906.0
15-10 14:00:00,1023.0,982.0,807.0,1058.0,1023.0,978.6
15-10 15:00:00,983.0,982.0,870.0,1093.0,1079.0,1001.4
15-10 16:00:00,885.0,956.0,1037.0,1060.0,1040.0,995.6
15-10 17:00:00,921.0,649.0,907.0,922.0,857.0,851.2
15-10 18:00:00,720.0,298.0,726.0,709.0,485.0,587.6
15-10 19:00:00,400.0,432.0,488.0,506.0,490.0,463.2
15-10 20:00:00,182.0,231.0,194.0,105.0,20.0,146.4
15-10 21:00:00,1.0,1.0,1.0,10.0,1.0,2.8
15-10 22:00:00,0.0,0.0,0.0,0.0,0.0,0.0
15-10 23:00:00,0.0,0.0,0.0,0.0,0.0,0.0
16-10 00:00:00,0.0,0.0,0.0,0.0,0.0,0.0
16-10 01:00:00,0.0,0.0,0.0,0.0,0.0,0.0
16-10 02:00:00,0.0,0.0,0.0,0.0,0.0,0.0
16-10 03:00:00,0.0,0.0,0.0,0.0,0.0,0.0
16-10 04:00:00,0.0,0.0,0.0,0.0,0.0,0.0
16-10 05:00:00,0.0,0.0,0.0,0.0,0.0,0.0
16-10 06:00:00,0.0,0.0,0.0,0.0,0.0,0.0
16-10 07:00:00,0.0,0.0,0.0,0.0,0.0,0.0
16-10 08:00:00,0.0,0.0,0.0,0.0,0.0,0.0
16-10 09:00:00,12.83,3.0,3.0,8.0,6.0,6.566
16-10 10:00:00,242.0,188.0,52.0,250.0,249.0,196.2
16-10 11:00:00,504.0,471.0,253.0,513.0,476.0,443.4
16-10 12:00:00,738.0,482.0,486.0,742.0,549.0,599.4
16-10 13:00:00,917.0,838.0,649.0,942.0,641.0,797.4
16-10 14:00:00,1028.0,986.0,738.0,1061.0,912.0,945.0
16-10 15:00:00,960.0,1023.0,974.0,1095.0,1068.0,1024.0
16-10 16:00:00,788.0,910.0,935.0,1074.0,1009.0,943.2
16-10 17:00:00,786.0,707.0,780.0,934.0,866.0,814.6
16-10 18:00:00,557.0,159.0,694.0,743.0,707.0,572.0
16-10 19:00:00,382.0,42.0,157.0,500.0,461.0,308.4
16-10 20:00:00,122.0,20.0,141.0,178.0,173.0,126.8
16-10 21:00:00,1.0,1.0,10.0,10.0,1.0,4.6
16-10 22:00:00,0.0,0.0,0.0,0.0,0.0,0.0
16-10 23:00:00,0.0,0.0,0.0,0.0,0.0,0.0
17-10 00:00:00,0.0,0.0,0.0,0.0,0.0,0.0
17-10 01:00:00,0.0,0.0,0.0,0.0,0.0,0.0
17-10 02:00:00,0.0,0.0,0.0,0.0,0.0,0.0
17-10 03:00:00,0.0,0.0,0.0,0.0,0.0,0.0
17-10 04:00:00,0.0,0.0,0.0,0.0,0.0,0.0
17-10 05:00:00,0.0,0.0,0.0,0.0,0.0,0.0
17-10 06:00:00,0.0,0.0,0.0,0.0,0.0,0.0
17-10 07:00:00,0.0,0.0,0.0,0.0,0.0,0.0
17-10 08:00:00,0.0,0.0,0.0,0.0,0.0,0.0
17-10 09:00:00,4.0,2.0,2.0,8.0,4.0,4.0
17-10 10:00:00,240.0,48.0,51.0,249.0,252.0,168.0
17-10 11:00:00,493.0,76.0,97.0,513.0,520.0,339.8
17-10 12:00:00,729.0,389.0,142.0,734.0,753.0,549.4
17-10 13:00:00,901.0,708.0,538.0,931.0,936.0,802.8
17-10 14:00:00,1010.0,866.0,937.0,1049.0,1060.0,984.4
17-10 15:00:00,849.0,1050.0,1080.0,1082.0,1088.0,1029.8
17-10 16:00:00,641.0,958.0,1022.0,1049.0,1033.0,940.6
17-10 17:00:00,710.0,728.0,906.0,907.0,837.0,817.6
17-10 18:00:00,649.0,592.0,588.0,733.0,706.0,653.6
17-10 19:00:00,381.0,392.0,279.0,507.0,487.0,409.2
17-10 20:00:00,240.0,224.0,220.0,194.0,182.0,212.0
17-10 21:00:00,10.0,1.0,1.0,11.0,1.0,4.8
17-10 22:00:00,0.0,0.0,0.0,0.0,0.0,0.0
17-10 23:00:00,0.0,0.0,0.0,0.0,0.0,0.0
18-10 00:00:00,0.0,0.0,0.0,0.0,0.0,0.0
18-10 01:00:00,0.0,0.0,0.0,0.0,0.0,0.0
18-10 02:00:00,0.0,0.0,0.0,0.0,0.0,0.0
18-10 03:00:00,0.0,0.0,0.0,0.0,0.0,0.0
18-10 04:00:00,0.0,0.0,0.0,0.0,0.0,0.0
18-10 05:00:00,0.0,0.0,0.0,0.0,0.0,0.0
18-10 06:00:00,0.0,0.0,0.0,0.0,0.0,0.0
18-10 07:00:00,0.0,0.0,0.0,0.0,0.0,0.0
18-10 08:00:00,0.0,0.0,0.0,0.0,0.0,0.0
18-10 09:00:00,15.64,19.35,2.0,9.0,9.0,10.998000000000001
18-10 10:00:00,238.0,255.0,36.0,257.0,257.0,208.6
18-10 11:00:00,486.0,304.0,73.0,517.0,526.0,381.2
18-10 12:00:00,727.0,736.0,77.0,733.0,761.0,606.8
18-10 13:00:00,898.0,909.0,89.0,925.0,940.0,752.2
18-10 14:00:00,932.0,1018.0,193.0,1036.0,1058.0,847.4
18-10 15:00:00,917.0,1050.0,331.0,889.0,1114.0,860.2
18-10 16:00:00,891.0,928.0,475.0,853.0,1036.0,836.6
18-10 17:00:00,596.0,401.0,464.0,540.0,934.0,587.0
18-10 18:00:00,686.0,79.0,115.0,321.0,753.0,390.8
18-10 19:00:00,57.0,91.0,42.0,212.0,492.0,178.8
18-10 20:00:00,20.0,22.0,20.0,30.0,176.0,53.6
18-10 21:00:00,10.0,1.0,1.0,11.0,1.0,4.8
18-10 22:00:00,0.0,0.0,0.0,0.0,0.0,0.0
18-10 23:00:00,0.0,0.0,0.0,0.0,0.0,0.0
19-10 00:00:00,0.0,0.0,0.0,0.0,0.0,0.0
19-10 01:00:00,0.0,0.0,0.0,0.0,0.0,0.0
19-10 02:00:00,0.0,0.0,0.0,0.0,0.0,0.0
19-10 03:00:00,0.0,0.0,0.0,0.0,0.0,0.0
19-10 04:00:00,0.0,0.0,0.0,0.0,0.0,0.0
19-10 05:00:00,0.0,0.0,0.0,0.0,0.0,0.0
19-10 06:00:00,0.0,0.0,0.0,0.0,0.0,0.0
19-10 07:00:00,0.0,0.0,0.0,0.0,0.0,0.0
19-10 08:00:00,0.0,0.0,0.0,0.0,0.0,0.0
19-10 09:00:00,15.82,12.0,4.0,5.0,5.0,8.364
19-10 10:00:00,244.0,125.0,53.0,256.0,46.0,144.8
19-10 11:00:00,497.0,269.0,90.0,506.0,436.0,359.6
19-10 12:00:00,729.0,315.0,132.0,733.0,738.0,529.4
19-10 13:00:00,905.0,304.0,107.0,919.0,926.0,632.2
19-10 14:00:00,1024.0,244.0,457.0,1029.0,1043.0,759.4
19-10 15:00:00,1073.0,378.0,687.0,861.0,1075.0,814.8
19-10 16:00:00,969.0,357.0,772.0,900.0,930.0,785.6
19-10 17:00:00,736.0,164.0,554.0,654.0,797.0,581.0
19-10 18:00:00,666.0,84.0,691.0,279.0,630.0,470.0
19-10 19:00:00,348.0,42.0,258.0,430.0,449.0,305.4
19-10 20:00:00,170.0,20.0,148.0,117.0,120.0,115.0
19-10 21:00:00,6.0,11.0,11.0,12.0,1.0,8.2
19-10 22:00:00,0.0,0.0,0.0,0.0,0.0,0.0
19-10 23:00:00,0.0,0.0,0.0,0.0,0.0,0.0
20-10 00:00:00,0.0,0.0,0.0,0.0,0.0,0.0
20-10 01:00:00,0.0,0.0,0.0,0.0,0.0,0.0
20-10 02:00:00,0.0,0.0,0.0,0.0,0.0,0.0
20-10 03:00:00,0.0,0.0,0.0,0.0,0.0,0.0
20-10 04:00:00,0.0,0.0,0.0,0.0,0.0,0.0
20-10 05:00:00,0.0,0.0,0.0,0.0,0.0,0.0
20-10 06:00:00,0.0,0.0,0.0,0.0,0.0,0.0
20-10 07:00:00,0.0,0.0,0.0,0.0,0.0,0.0
20-10 08:00:00,0.0,0.0,0.0,0.0,0.0,0.0
20-10 09:00:00,10.0,6.0,12.0,2.0,5.0,7.0
20-10 10:00:00,228.0,43.0,245.0,222.0,89.0,165.4
20-10 11:00:00,480.0,92.0,513.0,505.0,169.0,351.8
20-10 12:00:00,703.0,88.0,715.0,619.0,668.0,558.6
20-10 13:00:00,863.0,310.0,794.0,903.0,885.0,751.0
20-10 14:00:00,992.0,574.0,858.0,906.0,1002.0,866.4
20-10 15:00:00,1034.0,871.0,672.0,508.0,663.0,749.6
20-10 16:00:00,777.0,581.0,769.0,659.0,813.0,719.8
20-10 17:00:00,723.0,249.0,509.0,241.0,520.0,448.4
20-10 18:00:00,471.0,120.0,126.0,141.0,577.0,287.0
20-10 19:00:00,87.0,53.0,90.0,95.0,113.0,87.6
20-10 20:00:00,199.0,20.0,55.0,33.0,20.0,65.4
20-10 21:00:00,1.0,1.0,1.0,12.0,1.0,3.2
20-10 22:00:00,0.0,0.0,0.0,0.0,0.0,0.0
20-10 23:00:00,0.0,0.0,0.0,0.0,0.0,0.0
21-10 00:00:00,0.0,0.0,0.0,0.0,0.0,0.0
21-10 01:00:00,0.0,0.0,0.0,0.0,0.0,0.0
21-10 02:00:00,0.0,0.0,0.0,0.0,0.0,0.0
21-10 03:00:00,0.0,0.0,0.0,0.0,0.0,0.0
21-10 04:00:00,0.0,0.0,0.0,0.0,0.0,0.0
21-10 05:00:00,0.0,0.0,0.0,0.0,0.0,0.0
21-10 06:00:00,0.0,0.0,0.0,0.0,0.0,0.0
21-10 07:00:00,0.0,0.0,0.0,0.0,0.0,0.0
21-10 08:00:00,0.0,0.0,0.0,0.0,0.0,0.0
21-10 09:00:00,4.0,21.36,26.34,9.0,24.64,17.068
21-10 10:00:00,158.0,191.0,240.0,24.0,253.0,173.2
21-10 11:00:00,287.0,218.0,517.0,89.0,498.0,321.8
21-10 12:00:00,362.0,373.0,752.0,125.0,744.0,471.2
21-10 13:00:00,233.0,702.0,938.0,153.0,914.0,588.0
21-10 14:00:00,219.0,690.0,1041.0,219.0,1023.0,638.4
21-10 15:00:00,408.0,542.0,1033.0,195.0,999.0,635.4
21-10 16:00:00,754.0,774.0,974.0,130.0,828.0,692.0
21-10 17:00:00,825.0,642.0,874.0,91.0,882.0,662.8
21-10 18:00:00,651.0,142.0,705.0,129.0,723.0,470.0
21-10 19:00:00,152.0,50.0,410.0,43.0,202.0,171.4
21-10 20:00:00,105.0,193.0,135.0,20.0,21.0,94.8
21-10 21:00:00,1.0,1.0,1.0,12.0,1.0,3.2
21-10 22:00:00,0.0,0.0,0.0,0.0,0.0,0.0
21-10 23:00:00,0.0,0.0,0.0,0.0,0.0,0.0
22-10 00:00:00,0.0,0.0,0.0,0.0,0.0,0.0
22-10 01:00:00,0.0,0.0,0.0,0.0,0.0,0.0
22-10 02:00:00,0.0,0.0,0.0,0.0,0.0,0.0
22-10 03:00:00,0.0,0.0,0.0,0.0,0.0,0.0
22-10 04:00:00,0.0,0.0,0.0,0.0,0.0,0.0
22-10 05:00:00,0.0,0.0,0.0,0.0,0.0,0.0
22-10 06:00:00,0.0,0.0,0.0,0.0,0.0,0.0
22-10 07:00:00,0.0,0.0,0.0,0.0,0.0,0.0
22-10 08:00:00,0.0,0.0,0.0,0.0,0.0,0.0
22-10 09:00:00,19.61,3.0,18.63,26.39,19.61,17.448
22-10 10:00:00,169.0,112.0,203.0,127.0,253.0,172.8
22-10 11:00:00,485.0,173.0,491.0,471.0,505.0,425.0
22-10 12:00:00,635.0,379.0,753.0,715.0,746.0,645.6
22-10 13:00:00,819.0,179.0,908.0,807.0,924.0,727.4
22-10 14:00:00,607.0,225.0,1054.0,1018.0,1034.0,787.6
22-10 15:00:00,710.0,854.0,1063.0,1026.0,1030.0,936.6
22-10 16:00:00,707.0,959.0,986.0,984.0,905.0,908.2
22-10 17:00:00,592.0,342.0,848.0,754.0,785.0,664.2
22-10 18:00:00,521.0,717.0,485.0,602.0,685.0,602.0
22-10 19:00:00,259.0,461.0,311.0,232.0,439.0,340.4
22-10 20:00:00,21.0,31.0,82.0,26.0,117.0,55.4
22-10 21:00:00,1.0,1.0,1.0,12.0,1.0,3.2
22-10 22:00:00,0.0,0.0,0.0,0.0,0.0,0.0
22-10 23:00:00,0.0,0.0,0.0,0.0,0.0,0.0
23-10 00:00:00,0.0,0.0,0.0,0.0,0.0,0.0
23-10 01:00:00,0.0,0.0,0.0,0.0,0.0,0.0
23-10 02:00:00,0.0,0.0,0.0,0.0,0.0,0.0
23-10 03:00:00,0.0,0.0,0.0,0.0,0.0,0.0
23-10 04:00:00,0.0,0.0,0.0,0.0,0.0,0.0
23-10 05:00:00,0.0,0.0,0.0,0.0,0.0,0.0
23-10 06:00:00,0.0,0.0,0.0,0.0,0.0,0.0
23-10 07:00:00,0.0,0.0,0.0,0.0,0.0,0.0
23-10 08:00:00,0.0,0.0,0.0,0.0,0.0,0.0
23-10 09:00:00,5.0,21.58,19.62,5.0,24.89,15.218
23-10 10:00:00,171.0,131.0,198.0,68.0,257.0,165.0
23-10 11:00:00,458.0,495.0,310.0,234.0,510.0,401.4
23-10 12:00:00,729.0,749.0,721.0,519.0,755.0,694.6
23-10 13:00:00,883.0,913.0,907.0,730.0,934.0,873.4
23-10 14:00:00,704.0,982.0,939.0,998.0,1027.0,930.0
23-10 15:00:00,496.0,861.0,1026.0,958.0,974.0,863.0
23-10 16:00:00,919.0,437.0,1045.0,660.0,918.0,795.8
23-10 17:00:00,860.0,913.0,869.0,664.0,834.0,828.0
23-10 18:00:00,633.0,63.0,710.0,390.0,637.0,486.6
23-10 19:00:00,275.0,43.0,468.0,43.0,447.0,255.2
23-10 20:00:00,21.0,219.0,166.0,21.0,152.0,115.8
23-10 21:00:00,1.0,1.0,2.0,15.36,2.0,4.272
23-10 22:00:00,0.0,0.0,0.0,0.0,0.0,0.0
23-10 23:00:00,0.0,0.0,0.0,0.0,0.0,0.0
24-10 00:00:00,0.0,0.0,0.0,0.0,0.0,0.0
24-10 01:00:00,0.0,0.0,0.0,0.0,0.0,0.0
24-10 02:00:00,0.0,0.0,0.0,0.0,0.0,0.0
24-10 03:00:00,0.0,0.0,0.0,0.0,0.0,0.0
24-10 04:00:00,0.0,0.0,0.0,0.0,0.0,0.0
24-10 05:00:00,0.0,0.0,0.0,0.0,0.0,0.0
24-10 06:00:00,0.0,0.0,0.0,0.0,0.0,0.0
24-10 07:00:00,0.0,0.0,0.0,0.0,0.0,0.0
24-10 08:00:00,0.0,0.0,0.0,0.0,0.0,0.0
24-10 09:00:00,4.0,26.06,23.35,3.0,8.0,12.882
24-10 10:00:00,113.0,203.0,223.0,208.0,155.0,180.4
24-10 11:00:00,355.0,149.0,420.0,334.0,486.0,348.8
24-10 12:00:00,220.0,211.0,422.0,510.0,715.0,415.6
24-10 13:00:00,477.0,545.0,666.0,774.0,904.0,673.2
24-10 14:00:00,855.0,461.0,568.0,954.0,1032.0,774.0
24-10 15:00:00,869.0,710.0,577.0,901.0,1057.0,822.8
24-10 16:00:00,1033.0,825.0,186.0,853.0,871.0,753.6
24-10 17:00:00,883.0,422.0,133.0,845.0,577.0,572.0
24-10 18:00:00,720.0,404.0,228.0,547.0,411.0,462.0
24-10 19:00:00,497.0,279.0,61.0,469.0,467.0,354.6
24-10 20:00:00,221.0,39.0,21.0,21.0,21.0,64.6
24-10 21:00:00,3.0,2.0,2.0,16.33,2.0,5.066
24-10 22:00:00,0.0,0.0,0.0,0.0,0.0,0.0
24-10 23:00:00,0.0,0.0,0.0,0.0,0.0,0.0
25-10 00:00:00,0.0,0.0,0.0,0.0,0.0,0.0
25-10 01:00:00,0.0,0.0,0.0,0.0,0.0,0.0
25-10 02:00:00,0.0,0.0,0.0,0.0,0.0,0.0
25-10 03:00:00,0.0,0.0,0.0,0.0,0.0,0.0
25-10 04:00:00,0.0,0.0,0.0,0.0,0.0,0.0
25-10 05:00:00,0.0,0.0,0.0,0.0,0.0,0.0
25-10 06:00:00,0.0,0.0,0.0,0.0,0.0,0.0
25-10 07:00:00,0.0,0.0,0.0,0.0,0.0,0.0
25-10 08:00:00,0.0,0.0,0.0,0.0,0.0,0.0
25-10 09:00:00,17.83,27.81,14.0,15.0,3.0,15.528
25-10 10:00:00,182.0,143.0,259.0,272.0,126.0,196.4
25-10 11:00:00,460.0,316.0,250.0,533.0,377.0,387.2
25-10 12:00:00,634.0,430.0,746.0,759.0,569.0,627.6
25-10 13:00:00,717.0,338.0,893.0,841.0,768.0,711.4
25-10 14:00:00,938.0,363.0,856.0,843.0,987.0,797.4
25-10 15:00:00,1048.0,632.0,740.0,1067.0,1039.0,905.2
25-10 16:00:00,1049.0,690.0,610.0,984.0,939.0,854.4
25-10 17:00:00,845.0,691.0,727.0,898.0,879.0,808.0
25-10 18:00:00,521.0,520.0,636.0,677.0,459.0,562.6
25-10 19:00:00,263.0,236.0,213.0,508.0,43.0,252.6
25-10 20:00:00,29.0,21.0,79.0,195.0,21.0,69.0
25-10 21:00:00,2.0,2.0,2.0,10.0,2.0,3.6
25-10 22:00:00,0.0,0.0,0.0,0.0,0.0,0.0
25-10 23:00:00,0.0,0.0,0.0,0.0,0.0,0.0
26-10 00:00:00,0.0,0.0,0.0,0.0,0.0,0.0
26-10 01:00:00,0.0,0.0,0.0,0.0,0.0,0.0
26-10 02:00:00,0.0,0.0,0.0,0.0,0.0,0.0
26-10 03:00:00,0.0,0.0,0.0,0.0,0.0,0.0
26-10 04:00:00,0.0,0.0,0.0,0.0,0.0,0.0
26-10 05:00:00,0.0,0.0,0.0,0.0,0.0,0.0
26-10 06:00:00,0.0,0.0,0.0,0.0,0.0,0.0
26-10 07:00:00,0.0,0.0,0.0,0.0,0.0,0.0
26-10 08:00:00,0.0,0.0,0.0,0.0,0.0,0.0
26-10 09:00:00,6.0,31.24,3.0,23.57,3.0,13.362
26-10 10:00:00,196.0,173.0,177.0,231.0,23.0,160.0
26-10 11:00:00,324.0,92.0,193.0,534.0,299.0,288.4
26-10 12:00:00,277.0,241.0,732.0,754.0,247.0,450.2
26-10 13:00:00,723.0,333.0,937.0,935.0,709.0,727.4
26-10 14:00:00,575.0,231.0,978.0,1016.0,972.0,754.4
26-10 15:00:00,851.0,496.0,921.0,908.0,624.0,760.0
26-10 16:00:00,790.0,208.0,546.0,849.0,930.0,664.6
26-10 17:00:00,670.0,99.0,154.0,571.0,885.0,475.8
26-10 18:00:00,327.0,422.0,64.0,689.0,514.0,403.2
26-10 19:00:00,64.0,43.0,235.0,454.0,145.0,188.2
26-10 20:00:00,21.0,21.0,42.0,27.0,100.0,42.2
26-10 21:00:00,2.0,2.0,2.0,15.58,2.0,4.715999999999999
26-10 22:00:00,0.0,0.0,0.0,0.0,0.0,0.0
26-10 23:00:00,0.0,0.0,0.0,0.0,0.0,0.0
27-10 00:00:00,0.0,0.0,0.0,0.0,0.0,0.0
27-10 01:00:00,0.0,0.0,0.0,0.0,0.0,0.0
27-10 02:00:00,0.0,0.0,0.0,0.0,0.0,0.0
27-10 03:00:00,0.0,0.0,0.0,0.0,0.0,0.0
27-10 04:00:00,0.0,0.0,0.0,0.0,0.0,0.0
27-10 05:00:00,0.0,0.0,0.0,0.0,0.0,0.0
27-10 06:00:00,0.0,0.0,0.0,0.0,0.0,0.0
27-10 07:00:00,0.0,0.0,0.0,0.0,0.0,0.0
27-10 08:00:00,0.0,0.0,0.0,0.0,0.0,0.0
27-10 09:00:00,33.55,16.0,3.0,4.0,16.0,14.51
27-10 10:00:00,272.0,202.0,181.0,134.0,93.0,176.4
27-10 11:00:00,528.0,529.0,460.0,278.0,414.0,441.8
27-10 12:00:00,754.0,762.0,534.0,558.0,651.0,651.8
27-10 13:00:00,793.0,946.0,871.0,876.0,872.0,871.6
27-10 14:00:00,699.0,1053.0,1011.0,750.0,504.0,803.4
27-10 15:00:00,905.0,738.0,1081.0,925.0,982.0,926.2
27-10 16:00:00,1015.0,660.0,998.0,803.0,796.0,854.4
27-10 17:00:00,901.0,597.0,919.0,774.0,552.0,748.6
27-10 18:00:00,721.0,596.0,712.0,527.0,566.0,624.4
27-10 19:00:00,338.0,469.0,420.0,441.0,50.0,343.6
27-10 20:00:00,194.0,167.0,238.0,217.0,25.0,168.2
27-10 21:00:00,2.0,2.0,2.0,18.12,2.0,5.224
27-10 22:00:00,0.0,0.0,0.0,0.0,0.0,0.0
27-10 23:00:00,0.0,0.0,0.0,0.0,0.0,0.0
28-10 00:00:00,0.0,0.0,0.0,0.0,0.0,0.0
28-10 01:00:00,0.0,0.0,0.0,0.0,0.0,0.0
28-10 02:00:00,0.0,0.0,0.0,0.0,0.0,0.0
28-10 03:00:00,0.0,0.0,0.0,0.0,0.0,0.0
28-10 04:00:00,0.0,0.0,0.0,0.0,0.0,0.0
28-10 05:00:00,0.0,0.0,0.0,0.0,0.0,0.0
28-10 06:00:00,0.0,0.0,0.0,0.0,0.0,0.0
28-10 07:00:00,0.0,0.0,0.0,0.0,0.0,0.0
28-10 08:00:00,0.0,0.0,0.0,0.0,0.0,0.0
28-10 09:00:00,5.0,11.0,35.27,34.51,11.0,19.356
28-10 10:00:00,103.0,75.0,257.0,272.0,36.0,148.6
28-10 11:00:00,431.0,157.0,515.0,529.0,45.0,335.4
28-10 12:00:00,705.0,729.0,762.0,755.0,135.0,617.2
28-10 13:00:00,684.0,650.0,946.0,938.0,180.0,679.6
28-10 14:00:00,912.0,761.0,1061.0,1036.0,131.0,780.2
28-10 15:00:00,955.0,645.0,1108.0,830.0,764.0,860.4
28-10 16:00:00,640.0,854.0,1047.0,219.0,494.0,650.8
28-10 17:00:00,411.0,468.0,934.0,106.0,838.0,551.4
28-10 18:00:00,424.0,405.0,732.0,93.0,361.0,403.0
28-10 19:00:00,407.0,78.0,507.0,170.0,166.0,265.6
28-10 20:00:00,212.0,150.0,199.0,87.0,41.0,137.8
28-10 21:00:00,19.86,2.0,18.93,19.09,2.0,12.376
28-10 22:00:00,0.0,0.0,0.0,0.0,0.0,0.0
28-10 23:00:00,0.0,0.0,0.0,0.0,0.0,0.0
29-10 00:00:00,0.0,0.0,0.0,0.0,0.0,0.0
29-10 01:00:00,0.0,0.0,0.0,0.0,0.0,0.0
29-10 02:00:00,0.0,0.0,0.0,0.0,0.0,0.0
29-10 03:00:00,0.0,0.0,0.0,0.0,0.0,0.0
29-10 04:00:00,0.0,0.0,0.0,0.0,0.0,0.0
29-10 05:00:00,0.0,0.0,0.0,0.0,0.0,0.0
29-10 06:00:00,0.0,0.0,0.0,0.0,0.0,0.0
29-10 07:00:00,0.0,0.0,0.0,0.0,0.0,0.0
29-10 08:00:00,0.0,0.0,0.0,0.0,0.0,0.0
29-10 09:00:00,18.84,4.0,31.54,18.0,25.38,19.552
29-10 10:00:00,235.0,92.0,165.0,115.0,245.0,170.4
29-10 11:00:00,315.0,97.0,536.0,164.0,487.0,319.8
29-10 12:00:00,751.0,658.0,767.0,170.0,729.0,615.0
29-10 13:00:00,922.0,458.0,946.0,450.0,819.0,719.0
29-10 14:00:00,1001.0,619.0,1055.0,510.0,1020.0,841.0
29-10 15:00:00,959.0,766.0,1068.0,330.0,1005.0,825.6
29-10 16:00:00,878.0,693.0,1030.0,719.0,896.0,843.2
29-10 17:00:00,483.0,607.0,914.0,424.0,786.0,642.8
29-10 18:00:00,85.0,274.0,751.0,64.0,80.0,250.8
29-10 19:00:00,44.0,229.0,475.0,234.0,467.0,289.8
29-10 20:00:00,21.0,43.0,244.0,21.0,183.0,102.4
29-10 21:00:00,2.0,2.0,2.0,2.0,2.0,2.0
29-10 22:00:00,0.0,0.0,0.0,0.0,0.0,0.0
29-10 23:00:00,0.0,0.0,0.0,0.0,0.0,0.0
30-10 00:00:00,0.0,0.0,0.0,0.0,0.0,0.0
30-10 01:00:00,0.0,0.0,0.0,0.0,0.0,0.0
30-10 02:00:00,0.0,0.0,0.0,0.0,0.0,0.0
30-10 03:00:00,0.0,0.0,0.0,0.0,0.0,0.0
30-10 04:00:00,0.0,0.0,0.0,0.0,0.0,0.0
30-10 05:00:00,0.0,0.0,0.0,0.0,0.0,0.0
30-10 06:00:00,0.0,0.0,0.0,0.0,0.0,0.0
30-10 07:00:00,0.0,0.0,0.0,0.0,0.0,0.0
30-10 08:00:00,0.0,0.0,0.0,0.0,0.0,0.0
30-10 09:00:00,31.57,38.83,4.0,35.53,27.34,27.454
30-10 10:00:00,272.0,274.0,56.0,127.0,257.0,197.2
30-10 11:00:00,534.0,530.0,306.0,280.0,510.0,432.0
30-10 12:00:00,696.0,338.0,709.0,210.0,676.0,525.8
30-10 13:00:00,935.0,386.0,777.0,325.0,843.0,653.2
30-10 14:00:00,1044.0,706.0,829.0,370.0,935.0,776.8
30-10 15:00:00,1039.0,632.0,956.0,448.0,934.0,801.8
30-10 16:00:00,1002.0,150.0,796.0,361.0,927.0,647.2
30-10 17:00:00,717.0,135.0,445.0,380.0,869.0,509.2
30-10 18:00:00,501.0,92.0,64.0,434.0,715.0,361.2
30-10 19:00:00,392.0,44.0,44.0,460.0,487.0,285.4
30-10 20:00:00,22.0,21.0,21.0,226.0,179.0,93.8
30-10 21:00:00,2.0,2.0,2.0,2.0,13.83,4.366
30-10 22:00:00,0.0,0.0,0.0,0.0,0.0,0.0
30-10 23:00:00,0.0,0.0,0.0,0.0,0.0,0.0
31-10 00:00:00,0.0,0.0,0.0,0.0,0.0,0.0
31-10 01:00:00,0.0,0.0,0.0,0.0,0.0,0.0
31-10 02:00:00,0.0,0.0,0.0,0.0,0.0,0.0
31-10 03:00:00,0.0,0.0,0.0,0.0,0.0,0.0
31-10 04:00:00,0.0,0.0,0.0,0.0,0.0,0.0
31-10 05:00:00,0.0,0.0,0.0,0.0,0.0,0.0
31-10 06:00:00,0.0,0.0,0.0,0.0,0.0,0.0
31-10 07:00:00,0.0,0.0,0.0,0.0,0.0,0.0
31-10 08:00:00,0.0,0.0,0.0,0.0,0.0,0.0
31-10 09:00:00,4.0,8.0,4.0,36.34,11.0,12.668000000000001
31-10 10:00:00,278.0,60.0,24.0,164.0,101.0,125.4
31-10 11:00:00,536.0,91.0,86.0,152.0,408.0,254.6
31-10 12:00:00,734.0,186.0,148.0,207.0,677.0,390.4
31-10 13:00:00,673.0,323.0,169.0,217.0,853.0,447.0
31-10 14:00:00,962.0,157.0,292.0,287.0,967.0,533.0
31-10 15:00:00,1078.0,209.0,693.0,956.0,1067.0,800.6
31-10 16:00:00,864.0,197.0,966.0,870.0,973.0,774.0
31-10 17:00:00,647.0,250.0,748.0,468.0,796.0,581.8
31-10 18:00:00,338.0,97.0,446.0,143.0,586.0,322.0
31-10 19:00:00,78.0,81.0,76.0,276.0,59.0,114.0
31-10 20:00:00,23.0,21.0,53.0,182.0,22.0,60.2
31-10 21:00:00,2.0,2.0,2.0,2.0,2.0,2.0
31-10 22:00:00,0.0,0.0,0.0,0.0,0.0,0.0
31-10 23:00:00,0.0,0.0,0.0,0.0,0.0,0.0
01-11 00:00:00,0.0,0.0,0.0,0.0,0.0,0.0
01-11 01:00:00,0.0,0.0,0.0,0.0,0.0,0.0
01-11 02:00:00,0.0,0.0,0.0,0.0,0.0,0.0
01-11 03:00:00,0.0,0.0,0.0,0.0,0.0,0.0
01-11 04:00:00,0.0,0.0,0.0,0.0,0.0,0.0
01-11 05:00:00,0.0,0.0,0.0,0.0,0.0,0.0
01-11 06:00:00,0.0,0.0,0.0,0.0,0.0,0.0
01-11 07:00:00,0.0,0.0,0.0,0.0,0.0,0.0
01-11 08:00:00,0.0,0.0,0.0,0.0,0.0,0.0
01-11 09:00:00,39.56,13.0,20.83,30.86,33.34,27.518
01-11 10:00:00,277.0,49.0,175.0,247.0,270.0,203.6
01-11 11:00:00,523.0,116.0,313.0,374.0,526.0,370.4
01-11 12:00:00,755.0,250.0,458.0,172.0,755.0,478.0
01-11 13:00:00,927.0,359.0,566.0,398.0,714.0,592.8
01-11 14:00:00,1043.0,753.0,983.0,520.0,741.0,808.0
01-11 15:00:00,932.0,861.0,947.0,870.0,1029.0,927.8
01-11 16:00:00,995.0,873.0,935.0,745.0,861.0,881.8
01-11 17:00:00,763.0,464.0,668.0,715.0,790.0,680.0
01-11 18:00:00,644.0,632.0,687.0,430.0,348.0,548.2
01-11 19:00:00,494.0,418.0,287.0,239.0,507.0,389.0
01-11 20:00:00,23.0,171.0,145.0,47.0,22.0,81.6
01-11 21:00:00,2.0,2.0,15.81,2.0,2.0,4.7620000000000005
01-11 22:00:00,0.0,0.0,0.0,0.0,0.0,0.0
01-11 23:00:00,0.0,0.0,0.0,0.0,0.0,0.0
02-11 00:00:00,0.0,0.0,0.0,0.0,0.0,0.0
02-11 01:00:00,0.0,0.0,0.0,0.0,0.0,0.0
02-11 02:00:00,0.0,0.0,0.0,0.0,0.0,0.0
02-11 03:00:00,0.0,0.0,0.0,0.0,0.0,0.0
02-11 04:00:00,0.0,0.0,0.0,0.0,0.0,0.0
02-11 05:00:00,0.0,0.0,0.0,0.0,0.0,0.0
02-11 06:00:00,0.0,0.0,0.0,0.0,0.0,0.0
02-11 07:00:00,0.0,0.0,0.0,0.0,0.0,0.0
02-11 08:00:00,0.0,0.0,0.0,0.0,0.0,0.0
02-11 09:00:00,23.81,19.0,9.0,4.0,28.35,16.832
02-11 10:00:00,128.0,276.0,79.0,48.0,61.0,118.4
02-11 11:00:00,487.0,529.0,70.0,108.0,509.0,340.6
02-11 12:00:00,750.0,757.0,86.0,141.0,739.0,494.6
02-11 13:00:00,921.0,933.0,171.0,229.0,908.0,632.4
02-11 14:00:00,1042.0,989.0,502.0,357.0,1012.0,780.4
02-11 15:00:00,1083.0,1049.0,651.0,404.0,1058.0,849.0
02-11 16:00:00,964.0,1080.0,524.0,634.0,987.0,837.8
02-11 17:00:00,782.0,705.0,215.0,687.0,858.0,649.4
02-11 18:00:00,735.0,576.0,146.0,434.0,96.0,397.4
02-11 19:00:00,401.0,491.0,105.0,80.0,44.0,224.2
02-11 20:00:00,179.0,177.0,22.0,22.0,22.0,84.4
02-11 21:00:00,2.0,3.0,2.0,2.0,2.0,2.2
02-11 22:00:00,0.0,0.0,0.0,0.0,0.0,0.0
02-11 23:00:00,0.0,0.0,0.0,0.0,0.0,0.0
03-11 00:00:00,0.0,0.0,0.0,0.0,0.0,0.0
03-11 01:00:00,0.0,0.0,0.0,0.0,0.0,0.0
03-11 02:00:00,0.0,0.0,0.0,0.0,0.0,0.0
03-11 03:00:00,0.0,0.0,0.0,0.0,0.0,0.0
03-11 04:00:00,0.0,0.0,0.0,0.0,0.0,0.0
03-11 05:00:00,0.0,0.0,0.0,0.0,0.0,0.0
03-11 06:00:00,0.0,0.0,0.0,0.0,0.0,0.0
03-11 07:00:00,0.0,0.0,0.0,0.0,0.0,0.0
03-11 08:00:00,0.0,0.0,0.0,0.0,0.0,0.0
03-11 09:00:00,28.36,41.45,35.1,8.0,30.12,28.606
03-11 10:00:00,235.0,279.0,260.0,87.0,218.0,215.8
03-11 11:00:00,377.0,528.0,446.0,164.0,535.0,410.0
03-11 12:00:00,526.0,624.0,748.0,238.0,743.0,575.8
03-11 13:00:00,840.0,696.0,671.0,355.0,696.0,651.6
03-11 14:00:00,998.0,812.0,932.0,306.0,637.0,737.0
03-11 15:00:00,917.0,664.0,865.0,499.0,811.0,751.2
03-11 16:00:00,784.0,1004.0,123.0,700.0,632.0,648.6
03-11 17:00:00,689.0,819.0,210.0,553.0,98.0,473.8
03-11 18:00:00,376.0,668.0,650.0,382.0,96.0,434.4
03-11 19:00:00,45.0,370.0,158.0,270.0,86.0,185.8
03-11 20:00:00,22.0,23.0,22.0,109.0,22.0,39.6
03-11 21:00:00,2.0,3.0,2.0,3.0,2.0,2.4
03-11 22:00:00,0.0,0.0,0.0,0.0,0.0,0.0
03-11 23:00:00,0.0,0.0,0.0,0.0,0.0,0.0
04-11 00:00:00,0.0,0.0,0.0,0.0,0.0,0.0
04-11 01:00:00,0.0,0.0,0.0,0.0,0.0,0.0
04-11 02:00:00,0.0,0.0,0.0,0.0,0.0,0.0
04-11 03:00:00,0.0,0.0,0.0,0.0,0.0,0.0
04-11 04:00:00,0.0,0.0,0.0,0.0,0.0,0.0
04-11 05:00:00,0.0,0.0,0.0,0.0,0.0,0.0
04-11 06:00:00,0.0,0.0,0.0,0.0,0.0,0.0
04-11 07:00:00,0.0,0.0,0.0,0.0,0.0,0.0
04-11 08:00:00,0.0,0.0,0.0,0.0,0.0,0.0
04-11 09:00:00,41.37,43.87,33.6,10.0,22.82,30.332
04-11 10:00:00,278.0,278.0,141.0,213.0,181.0,218.2
04-11 11:00:00,522.0,495.0,147.0,205.0,418.0,357.4
04-11 12:00:00,752.0,738.0,481.0,371.0,624.0,593.2
04-11 13:00:00,903.0,841.0,646.0,555.0,860.0,761.0
04-11 14:00:00,1033.0,924.0,691.0,969.0,878.0,899.0
04-11 15:00:00,1045.0,984.0,830.0,1019.0,677.0,911.0
04-11 16:00:00,1036.0,736.0,864.0,753.0,281.0,734.0
04-11 17:00:00,883.0,555.0,602.0,701.0,524.0,653.0
04-11 18:00:00,455.0,391.0,134.0,589.0,575.0,428.8
04-11 19:00:00,45.0,280.0,382.0,484.0,316.0,301.4
04-11 20:00:00,23.0,48.0,22.0,264.0,65.0,84.4
04-11 21:00:00,20.37,3.0,3.0,16.81,3.0,9.236
04-11 22:00:00,0.0,0.0,0.0,0.0,0.0,0.0
04-11 23:00:00,0.0,0.0,0.0,0.0,0.0,0.0
05-11 00:00:00,0.0,0.0,0.0,0.0,0.0,0.0
05-11 01:00:00,0.0,0.0,0.0,0.0,0.0,0.0
05-11 02:00:00,0.0,0.0,0.0,0.0,0.0,0.0
05-11 03:00:00,0.0,0.0,0.0,0.0,0.0,0.0
05-11 04:00:00,0.0,0.0,0.0,0.0,0.0,0.0
05-11 05:00:00,0.0,0.0,0.0,0.0,0.0,0.0
05-11 06:00:00,0.0,0.0,0.0,0.0,0.0,0.0
05-11 07:00:00,0.0,0.0,0.0,0.0,0.0,0.0
05-11 08:00:00,0.0,0.0,0.0,0.0,0.0,0.0
05-11 09:00:00,43.81,45.32,41.55,43.18,35.33,41.838
05-11 10:00:00,285.0,290.0,278.0,294.0,279.0,285.2
05-11 11:00:00,526.0,541.0,532.0,559.0,537.0,539.0
05-11 12:00:00,687.0,775.0,762.0,790.0,772.0,757.2
05-11 13:00:00,604.0,879.0,795.0,962.0,947.0,837.4
05-11 14:00:00,659.0,1010.0,874.0,1076.0,1053.0,934.4
05-11 15:00:00,571.0,1096.0,920.0,1031.0,1101.0,943.8
05-11 16:00:00,930.0,1017.0,982.0,874.0,1034.0,967.4
05-11 17:00:00,518.0,864.0,664.0,594.0,886.0,705.2
05-11 18:00:00,110.0,635.0,237.0,574.0,702.0,451.6
05-11 19:00:00,373.0,322.0,441.0,70.0,194.0,280.0
05-11 20:00:00,47.0,240.0,201.0,23.0,23.0,106.8
05-11 21:00:00,15.0,3.0,3.0,3.0,3.0,5.4
05-11 22:00:00,0.0,0.0,0.0,0.0,0.0,0.0
05-11 23:00:00,0.0,0.0,0.0,0.0,0.0,0.0
06-11 00:00:00,0.0,0.0,0.0,0.0,0.0,0.0
06-11 01:00:00,0.0,0.0,0.0,0.0,0.0,0.0
06-11 02:00:00,0.0,0.0,0.0,0.0,0.0,0.0
06-11 03:00:00,0.0,0.0,0.0,0.0,0.0,0.0
06-11 04:00:00,0.0,0.0,0.0,0.0,0.0,0.0
06-11 05:00:00,0.0,0.0,0.0,0.0,0.0,0.0
06-11 06:00:00,0.0,0.0,0.0,0.0,0.0,0.0
06-11 07:00:00,0.0,0.0,0.0,0.0,0.0,0.0
06-11 08:00:00,0.0,0.0,0.0,0.0,0.0,0.0
06-11 09:00:00,6.0,34.78,32.09,43.98,33.82,30.133999999999997
06-11 10:00:00,247.0,289.0,246.0,290.0,274.0,269.2
06-11 11:00:00,67.0,542.0,281.0,553.0,556.0,399.8
06-11 12:00:00,468.0,772.0,556.0,781.0,763.0,668.0
06-11 13:00:00,397.0,950.0,536.0,935.0,951.0,753.8
06-11 14:00:00,657.0,895.0,842.0,1016.0,916.0,865.2
06-11 15:00:00,580.0,948.0,943.0,1018.0,801.0,858.0
06-11 16:00:00,779.0,1025.0,995.0,879.0,919.0,919.4
06-11 17:00:00,844.0,753.0,916.0,832.0,819.0,832.8
06-11 18:00:00,721.0,683.0,750.0,742.0,672.0,713.6
06-11 19:00:00,375.0,397.0,433.0,480.0,456.0,428.2
06-11 20:00:00,190.0,177.0,209.0,204.0,147.0,185.4
06-11 21:00:00,27.92,3.0,4.0,3.0,3.0,8.184000000000001
06-11 22:00:00,0.0,0.0,0.0,0.0,0.0,0.0
06-11 23:00:00,0.0,0.0,0.0,0.0,0.0,0.0
07-11 00:00:00,0.0,0.0,0.0,0.0,0.0,0.0
07-11 01:00:00,0.0,0.0,0.0,0.0,0.0,0.0
07-11 02:00:00,0.0,0.0,0.0,0.0,0.0,0.0
07-11 03:00:00,0.0,0.0,0.0,0.0,0.0,0.0
07-11 04:00:00,0.0,0.0,0.0,0.0,0.0,0.0
07-11 05:00:00,0.0,0.0,0.0,0.0,0.0,0.0
07-11 06:00:00,0.0,0.0,0.0,0.0,0.0,0.0
07-11 07:00:00,0.0,0.0,0.0,0.0,0.0,0.0
07-11 08:00:00,0.0,0.0,0.0,0.0,0.0,0.0
07-11 09:00:00,37.26,44.91,44.78,44.16,33.07,40.836
07-11 10:00:00,149.0,235.0,41.0,295.0,267.0,197.4
07-11 11:00:00,377.0,394.0,225.0,557.0,486.0,407.8
07-11 12:00:00,717.0,543.0,595.0,785.0,505.0,629.0
07-11 13:00:00,818.0,634.0,905.0,961.0,850.0,833.6
07-11 14:00:00,622.0,775.0,826.0,941.0,897.0,812.2
07-11 15:00:00,1069.0,960.0,771.0,967.0,977.0,948.8
07-11 16:00:00,998.0,791.0,878.0,950.0,944.0,912.2
07-11 17:00:00,781.0,610.0,281.0,905.0,888.0,693.0
07-11 18:00:00,555.0,664.0,66.0,512.0,724.0,504.2
07-11 19:00:00,486.0,280.0,45.0,408.0,448.0,333.4
07-11 20:00:00,247.0,24.0,23.0,217.0,215.0,145.2
07-11 21:00:00,3.0,3.0,3.0,3.0,30.41,8.482
07-11 22:00:00,0.0,0.0,0.0,0.0,0.0,0.0
07-11 23:00:00,0.0,0.0,0.0,0.0,0.0,0.0
08-11 00:00:00,0.0,0.0,0.0,0.0,0.0,0.0
08-11 01:00:00,0.0,0.0,0.0,0.0,0.0,0.0
08-11 02:00:00,0.0,0.0,0.0,0.0,0.0,0.0
08-11 03:00:00,0.0,0.0,0.0,0.0,0.0,0.0
08-11 04:00:00,0.0,0.0,0.0,0.0,0.0,0.0
08-11 05:00:00,0.0,0.0,0.0,0.0,0.0,0.0
08-11 06:00:00,0.0,0.0,0.0,0.0,0.0,0.0
08-11 07:00:00,0.0,0.0,0.0,0.0,0.0,0.0
08-11 08:00:00,0.0,0.0,0.0,0.0,0.0,0.0
08-11 09:00:00,7.0,26.8,44.83,25.81,41.96,29.28
08-11 10:00:00,168.0,170.0,280.0,290.0,293.0,240.2
08-11 11:00:00,115.0,285.0,483.0,549.0,546.0,395.6
08-11 12:00:00,273.0,479.0,710.0,751.0,771.0,596.8
08-11 13:00:00,316.0,788.0,714.0,467.0,949.0,646.8
08-11 14:00:00,441.0,1004.0,804.0,1039.0,974.0,852.4
08-11 15:00:00,622.0,900.0,755.0,742.0,800.0,763.8
08-11 16:00:00,597.0,988.0,992.0,172.0,639.0,677.6
08-11 17:00:00,506.0,633.0,768.0,756.0,944.0,721.4
08-11 18:00:00,466.0,554.0,82.0,85.0,554.0,348.2
08-11 19:00:00,293.0,64.0,45.0,46.0,182.0,126.0
08-11 20:00:00,23.0,24.0,23.0,24.0,23.0,23.4
08-11 21:00:00,3.0,3.0,3.0,3.0,16.0,5.6
08-11 22:00:00,0.0,0.0,0.0,0.0,0.0,0.0
08-11 23:00:00,0.0,0.0,0.0,0.0,0.0,0.0
09-11 00:00:00,0.0,0.0,0.0,0.0,0.0,0.0
09-11 01:00:00,0.0,0.0,0.0,0.0,0.0,0.0
09-11 02:00:00,0.0,0.0,0.0,0.0,0.0,0.0
09-11 03:00:00,0.0,0.0,0.0,0.0,0.0,0.0
09-11 04:00:00,0.0,0.0,0.0,0.0,0.0,0.0
09-11 05:00:00,0.0,0.0,0.0,0.0,0.0,0.0
09-11 06:00:00,0.0,0.0,0.0,0.0,0.0,0.0
09-11 07:00:00,0.0,0.0,0.0,0.0,0.0,0.0
09-11 08:00:00,0.0,0.0,0.0,0.0,0.0,0.0
09-11 09:00:00,30.36,26.8,9.0,46.49,48.66,32.262
09-11 10:00:00,243.0,100.0,202.0,291.0,300.0,227.2
09-11 11:00:00,492.0,254.0,273.0,496.0,547.0,412.4
09-11 12:00:00,745.0,427.0,239.0,776.0,754.0,588.2
09-11 13:00:00,923.0,511.0,602.0,950.0,953.0,787.8
09-11 14:00:00,1055.0,734.0,897.0,1057.0,1072.0,963.0
09-11 15:00:00,1032.0,876.0,790.0,946.0,1102.0,949.2
09-11 16:00:00,987.0,739.0,922.0,1010.0,1041.0,939.8
09-11 17:00:00,771.0,141.0,887.0,825.0,865.0,697.8
09-11 18:00:00,223.0,66.0,494.0,705.0,664.0,430.4
09-11 19:00:00,225.0,46.0,62.0,424.0,466.0,244.6
09-11 20:00:00,102.0,29.0,70.0,24.0,122.0,69.4
09-11 21:00:00,3.0,3.0,15.0,3.0,33.08,11.416
09-11 22:00:00,0.0,0.0,0.0,0.0,0.0,0.0
09-11 23:00:00,0.0,0.0,0.0,0.0,0.0,0.0
10-11 00:00:00,0.0,0.0,0.0,0.0,0.0,0.0
10-11 01:00:00,0.0,0.0,0.0,0.0,0.0,0.0
10-11 02:00:00,0.0,0.0,0.0,0.0,0.0,0.0
10-11 03:00:00,0.0,0.0,0.0,0.0,0.0,0.0
10-11 04:00:00,0.0,0.0,0.0,0.0,0.0,0.0
10-11 05:00:00,0.0,0.0,0.0,0.0,0.0,0.0
10-11 06:00:00,0.0,0.0,0.0,0.0,0.0,0.0
10-11 07:00:00,0.0,0.0,0.0,0.0,0.0,0.0
10-11 08:00:00,0.0,0.0,0.0,0.0,0.0,0.0
10-11 09:00:00,47.29,36.76,30.37,47.29,46.79,41.7
10-11 10:00:00,284.0,74.0,248.0,293.0,301.0,240.0
10-11 11:00:00,533.0,107.0,439.0,552.0,560.0,438.2
10-11 12:00:00,752.0,224.0,613.0,770.0,788.0,629.4
10-11 13:00:00,926.0,424.0,502.0,928.0,969.0,749.8
10-11 14:00:00,1047.0,646.0,850.0,989.0,1088.0,924.0
10-11 15:00:00,1077.0,834.0,504.0,749.0,1131.0,859.0
10-11 16:00:00,1023.0,737.0,637.0,230.0,1087.0,742.8
10-11 17:00:00,912.0,650.0,645.0,104.0,980.0,658.2
10-11 18:00:00,66.0,682.0,676.0,66.0,793.0,456.6
10-11 19:00:00,46.0,531.0,134.0,46.0,423.0,236.0
10-11 20:00:00,24.0,270.0,23.0,33.0,204.0,110.8
10-11 21:00:00,5.0,17.0,3.0,3.0,4.0,6.4
10-11 22:00:00,0.0,0.0,0.0,0.0,0.0,0.0
10-11 23:00:00,0.0,0.0,0.0,0.0,0.0,0.0
11-11 00:00:00,0.0,0.0,0.0,0.0,0.0,0.0
11-11 01:00:00,0.0,0.0,0.0,0.0,0.0,0.0
11-11 02:00:00,0.0,0.0,0.0,0.0,0.0,0.0
11-11 03:00:00,0.0,0.0,0.0,0.0,0.0,0.0
11-11 04:00:00,0.0,0.0,0.0,0.0,0.0,0.0
11-11 05:00:00,0.0,0.0,0.0,0.0,0.0,0.0
11-11 06:00:00,0.0,0.0,0.0,0.0,0.0,0.0
11-11 07:00:00,0.0,0.0,0.0,0.0,0.0,0.0
11-11 08:00:00,0.0,0.0,0.0,0.0,0.0,0.0
11-11 09:00:00,48.83,46.83,14.0,14.0,37.52,32.236000000000004
11-11 10:00:00,277.0,286.0,57.0,271.0,263.0,230.8
11-11 11:00:00,531.0,530.0,194.0,475.0,542.0,454.4
11-11 12:00:00,762.0,755.0,247.0,400.0,783.0,589.4
11-11 13:00:00,929.0,929.0,284.0,747.0,963.0,770.4
11-11 14:00:00,0.0,1051.0,138.0,831.0,859.0,575.8
11-11 15:00:00,1068.0,1087.0,231.0,569.0,780.0,747.0
11-11 16:00:00,882.0,1004.0,201.0,313.0,991.0,678.2
11-11 17:00:00,844.0,917.0,184.0,566.0,729.0,648.0
11-11 18:00:00,720.0,742.0,257.0,730.0,500.0,589.8
11-11 19:00:00,423.0,192.0,454.0,345.0,47.0,292.2
11-11 20:00:00,211.0,87.0,27.0,100.0,185.0,122.0
11-11 21:00:00,8.0,31.25,3.0,3.0,9.0,10.85
11-11 22:00:00,0.0,0.0,0.0,0.0,0.0,0.0
11-11 23:00:00,0.0,0.0,0.0,0.0,0.0,0.0
12-11 00:00:00,0.0,0.0,0.0,0.0,0.0,0.0
12-11 01:00:00,0.0,0.0,0.0,0.0,0.0,0.0
12-11 02:00:00,0.0,0.0,0.0,0.0,0.0,0.0
12-11 03:00:00,0.0,0.0,0.0,0.0,0.0,0.0
12-11 04:00:00,0.0,0.0,0.0,0.0,0.0,0.0
12-11 05:00:00,0.0,0.0,0.0,0.0,0.0,0.0
12-11 06:00:00,0.0,0.0,0.0,0.0,0.0,0.0
12-11 07:00:00,0.0,0.0,0.0,0.0,0.0,0.0
12-11 08:00:00,0.0,0.0,0.0,0.0,0.0,0.0
12-11 09:00:00,37.54,24.82,33.11,23.83,49.63,33.786
12-11 10:00:00,175.0,100.0,231.0,110.0,207.0,164.6
12-11 11:00:00,475.0,313.0,352.0,94.0,521.0,351.0
12-11 12:00:00,760.0,451.0,504.0,332.0,775.0,564.4
12-11 13:00:00,926.0,240.0,597.0,811.0,953.0,705.4
12-11 14:00:00,1052.0,478.0,710.0,940.0,1048.0,845.6
12-11 15:00:00,1088.0,511.0,795.0,894.0,999.0,857.4
12-11 16:00:00,1074.0,905.0,361.0,694.0,878.0,782.4
12-11 17:00:00,747.0,808.0,617.0,131.0,935.0,647.6
12-11 18:00:00,670.0,328.0,609.0,313.0,765.0,537.0
12-11 19:00:00,452.0,50.0,276.0,113.0,47.0,187.6
12-11 20:00:00,228.0,24.0,24.0,127.0,205.0,121.6
12-11 21:00:00,4.0,4.0,3.0,4.0,11.0,5.2
12-11 22:00:00,0.0,0.0,0.0,0.0,0.0,0.0
12-11 23:00:00,0.0,0.0,0.0,0.0,0.0,0.0
13-11 00:00:00,0.0,0.0,0.0,0.0,0.0,0.0
13-11 01:00:00,0.0,0.0,0.0,0.0,0.0,0.0
13-11 02:00:00,0.0,0.0,0.0,0.0,0.0,0.0
13-11 03:00:00,0.0,0.0,0.0,0.0,0.0,0.0
13-11 04:00:00,0.0,0.0,0.0,0.0,0.0,0.0
13-11 05:00:00,0.0,0.0,0.0,0.0,0.0,0.0
13-11 06:00:00,0.0,0.0,0.0,0.0,0.0,0.0
13-11 07:00:00,0.0,0.0,0.0,0.0,0.0,0.0
13-11 08:00:00,0.0,0.0,0.0,0.0,0.0,0.0
13-11 09:00:00,48.91,12.0,5.0,15.0,49.67,26.115999999999996
13-11 10:00:00,291.0,110.0,129.0,210.0,294.0,206.8
13-11 11:00:00,534.0,387.0,230.0,475.0,358.0,396.8
13-11 12:00:00,765.0,668.0,280.0,674.0,765.0,630.4
13-11 13:00:00,931.0,862.0,355.0,849.0,946.0,788.6
13-11 14:00:00,879.0,932.0,524.0,1042.0,1003.0,876.0
13-11 15:00:00,1095.0,771.0,894.0,1054.0,981.0,959.0
13-11 16:00:00,1069.0,250.0,912.0,985.0,385.0,720.2
13-11 17:00:00,935.0,776.0,276.0,843.0,794.0,724.8
13-11 18:00:00,732.0,191.0,136.0,748.0,720.0,505.4
13-11 19:00:00,373.0,46.0,46.0,500.0,47.0,202.4
13-11 20:00:00,24.0,244.0,24.0,195.0,257.0,148.8
13-11 21:00:00,5.0,11.0,14.0,4.0,25.56,11.912
13-11 22:00:00,0.0,0.0,0.0,0.0,0.0,0.0
13-11 23:00:00,0.0,0.0,0.0,0.0,0.0,0.0
14-11 00:00:00,0.0,0.0,0.0,0.0,0.0,0.0
14-11 01:00:00,0.0,0.0,0.0,0.0,0.0,0.0
14-11 02:00:00,0.0,0.0,0.0,0.0,0.0,0.0
14-11 03:00:00,0.0,0.0,0.0,0.0,0.0,0.0
14-11 04:00:00,0.0,0.0,0.0,0.0,0.0,0.0
14-11 05:00:00,0.0,0.0,0.0,0.0,0.0,0.0
14-11 06:00:00,0.0,0.0,0.0,0.0,0.0,0.0
14-11 07:00:00,0.0,0.0,0.0,0.0,0.0,0.0
14-11 08:00:00,0.0,0.0,0.0,0.0,0.0,0.0
14-11 09:00:00,6.0,10.0,24.82,11.0,47.65,19.894
14-11 10:00:00,173.0,33.0,125.0,127.0,296.0,150.8
14-11 11:00:00,478.0,66.0,333.0,269.0,546.0,338.4
14-11 12:00:00,760.0,92.0,554.0,673.0,769.0,569.6
14-11 13:00:00,824.0,201.0,658.0,872.0,946.0,700.2
14-11 14:00:00,868.0,206.0,661.0,274.0,1063.0,614.4
14-11 15:00:00,987.0,825.0,689.0,377.0,1106.0,796.8
14-11 16:00:00,965.0,501.0,695.0,396.0,1035.0,718.4
14-11 17:00:00,819.0,282.0,636.0,159.0,930.0,565.2
14-11 18:00:00,740.0,655.0,390.0,542.0,766.0,618.6
14-11 19:00:00,46.0,250.0,229.0,46.0,338.0,181.8
14-11 20:00:00,24.0,35.0,24.0,24.0,275.0,76.4
14-11 21:00:00,15.0,29.84,4.0,4.0,16.0,13.768
14-11 22:00:00,0.0,0.0,0.0,0.0,0.0,0.0
14-11 23:00:00,0.0,0.0,0.0,0.0,0.0,0.0
15-11 00:00:00,0.0,0.0,0.0,0.0,0.0,0.0
15-11 01:00:00,0.0,0.0,0.0,0.0,0.0,0.0
15-11 02:00:00,0.0,0.0,0.0,0.0,0.0,0.0
15-11 03:00:00,0.0,0.0,0.0,0.0,0.0,0.0
15-11 04:00:00,0.0,0.0,0.0,0.0,0.0,0.0
15-11 05:00:00,0.0,0.0,0.0,0.0,0.0,0.0
15-11 06:00:00,0.0,0.0,0.0,0.0,0.0,0.0
15-11 07:00:00,0.0,0.0,0.0,0.0,0.0,0.0
15-11 08:00:00,0.0,0.0,0.0,0.0,0.0,0.0
15-11 09:00:00,32.35,40.78,39.27,40.97,46.34,39.942
15-11 10:00:00,277.0,69.0,164.0,206.0,286.0,200.4
15-11 11:00:00,523.0,169.0,352.0,393.0,539.0,395.2
15-11 12:00:00,749.0,135.0,623.0,554.0,754.0,563.0
15-11 13:00:00,774.0,466.0,331.0,745.0,903.0,643.8
15-11 14:00:00,721.0,601.0,816.0,855.0,978.0,794.2
15-11 15:00:00,320.0,722.0,927.0,912.0,1080.0,792.2
15-11 16:00:00,386.0,1008.0,764.0,1003.0,1022.0,836.6
15-11 17:00:00,298.0,660.0,480.0,949.0,644.0,606.2
15-11 18:00:00,200.0,631.0,562.0,80.0,154.0,325.4
15-11 19:00:00,46.0,498.0,46.0,46.0,47.0,136.6
15-11 20:00:00,24.0,224.0,160.0,24.0,92.0,104.8
15-11 21:00:00,4.0,22.81,4.0,4.0,38.72,14.706
15-11 22:00:00,0.0,0.0,0.0,0.0,0.0,0.0
15-11 23:00:00,0.0,0.0,0.0,0.0,0.0,0.0
16-11 00:00:00,0.0,0.0,0.0,0.0,0.0,0.0
16-11 01:00:00,0.0,0.0,0.0,0.0,0.0,0.0
16-11 02:00:00,0.0,0.0,0.0,0.0,0.0,0.0
16-11 03:00:00,0.0,0.0,0.0,0.0,0.0,0.0
16-11 04:00:00,0.0,0.0,0.0,0.0,0.0,0.0
16-11 05:00:00,0.0,0.0,0.0,0.0,0.0,0.0
16-11 06:00:00,0.0,0.0,0.0,0.0,0.0,0.0
16-11 07:00:00,0.0,0.0,0.0,0.0,0.0,0.0
16-11 08:00:00,0.0,0.0,0.0,0.0,0.0,0.0
16-11 09:00:00,5.0,52.85,9.0,52.1,41.72,32.134
16-11 10:00:00,96.0,233.0,160.0,295.0,195.0,195.8
16-11 11:00:00,275.0,492.0,107.0,553.0,530.0,391.4
16-11 12:00:00,343.0,728.0,388.0,741.0,760.0,592.0
16-11 13:00:00,173.0,811.0,345.0,869.0,935.0,626.6
16-11 14:00:00,348.0,822.0,577.0,901.0,1030.0,735.6
16-11 15:00:00,490.0,801.0,675.0,1097.0,1089.0,830.4
16-11 16:00:00,391.0,830.0,776.0,1061.0,912.0,794.0
16-11 17:00:00,308.0,733.0,704.0,933.0,873.0,710.2
16-11 18:00:00,631.0,707.0,363.0,769.0,181.0,530.2
16-11 19:00:00,451.0,507.0,79.0,515.0,317.0,373.8
16-11 20:00:00,276.0,28.0,24.0,197.0,25.0,110.0
16-11 21:00:00,4.0,4.0,4.0,4.0,4.0,4.0
16-11 22:00:00,0.0,0.0,0.0,0.0,0.0,0.0
16-11 23:00:00,0.0,0.0,0.0,0.0,0.0,0.0
17-11 00:00:00,0.0,0.0,0.0,0.0,0.0,0.0
17-11 01:00:00,0.0,0.0,0.0,0.0,0.0,0.0
17-11 02:00:00,0.0,0.0,0.0,0.0,0.0,0.0
17-11 03:00:00,0.0,0.0,0.0,0.0,0.0,0.0
17-11 04:00:00,0.0,0.0,0.0,0.0,0.0,0.0
17-11 05:00:00,0.0,0.0,0.0,0.0,0.0,0.0
17-11 06:00:00,0.0,0.0,0.0,0.0,0.0,0.0
17-11 07:00:00,0.0,0.0,0.0,0.0,0.0,0.0
17-11 08:00:00,0.0,0.0,0.0,0.0,0.0,0.0
17-11 09:00:00,49.1,8.0,37.77,44.14,5.0,28.802
17-11 10:00:00,285.0,200.0,157.0,275.0,32.0,189.8
17-11 11:00:00,458.0,305.0,131.0,548.0,390.0,366.4
17-11 12:00:00,707.0,540.0,445.0,782.0,747.0,644.2
17-11 13:00:00,750.0,637.0,653.0,961.0,915.0,783.2
17-11 14:00:00,866.0,483.0,673.0,1075.0,1019.0,823.2
17-11 15:00:00,758.0,522.0,625.0,1130.0,839.0,774.8
17-11 16:00:00,665.0,466.0,575.0,1105.0,845.0,731.2
17-11 17:00:00,658.0,199.0,100.0,963.0,94.0,402.8
17-11 18:00:00,639.0,652.0,67.0,791.0,90.0,447.8
17-11 19:00:00,533.0,263.0,46.0,495.0,445.0,356.4
17-11 20:00:00,25.0,49.0,24.0,274.0,212.0,116.8
17-11 21:00:00,4.0,4.0,4.0,44.96,42.02,19.796
17-11 22:00:00,0.0,0.0,0.0,0.0,0.0,0.0
17-11 23:00:00,0.0,0.0,0.0,0.0,0.0,0.0
18-11 00:00:00,0.0,0.0,0.0,0.0,0.0,0.0
18-11 01:00:00,0.0,0.0,0.0,0.0,0.0,0.0
18-11 02:00:00,0.0,0.0,0.0,0.0,0.0,0.0
18-11 03:00:00,0.0,0.0,0.0,0.0,0.0,0.0
18-11 04:00:00,0.0,0.0,0.0,0.0,0.0,0.0
18-11 05:00:00,0.0,0.0,0.0,0.0,0.0,0.0
18-11 06:00:00,0.0,0.0,0.0,0.0,0.0,0.0
18-11 07:00:00,0.0,0.0,0.0,0.0,0.0,0.0
18-11 08:00:00,0.0,0.0,0.0,0.0,0.0,0.0
18-11 09:00:00,52.89,39.29,28.8,46.54,48.6,43.224000000000004
18-11 10:00:00,207.0,250.0,74.0,297.0,287.0,223.0
18-11 11:00:00,132.0,513.0,202.0,547.0,536.0,386.0
18-11 12:00:00,490.0,580.0,267.0,777.0,755.0,573.8
18-11 13:00:00,632.0,461.0,476.0,925.0,904.0,679.6
18-11 14:00:00,280.0,870.0,218.0,941.0,1029.0,667.6
18-11 15:00:00,628.0,895.0,202.0,900.0,1088.0,742.6
18-11 16:00:00,961.0,830.0,167.0,828.0,1036.0,764.4
18-11 17:00:00,343.0,910.0,120.0,969.0,932.0,654.8
18-11 18:00:00,67.0,731.0,144.0,746.0,660.0,469.6
18-11 19:00:00,47.0,132.0,46.0,558.0,470.0,250.6
18-11 20:00:00,25.0,106.0,24.0,25.0,261.0,88.2
18-11 21:00:00,4.0,4.0,26.6,5.0,11.0,10.120000000000001
18-11 22:00:00,0.0,0.0,0.0,0.0,0.0,0.0
18-11 23:00:00,0.0,0.0,0.0,0.0,0.0,0.0
19-11 00:00:00,0.0,0.0,0.0,0.0,0.0,0.0
19-11 01:00:00,0.0,0.0,0.0,0.0,0.0,0.0
19-11 02:00:00,0.0,0.0,0.0,0.0,0.0,0.0
19-11 03:00:00,0.0,0.0,0.0,0.0,0.0,0.0
19-11 04:00:00,0.0,0.0,0.0,0.0,0.0,0.0
19-11 05:00:00,0.0,0.0,0.0,0.0,0.0,0.0
19-11 06:00:00,0.0,0.0,0.0,0.0,0.0,0.0
19-11 07:00:00,0.0,0.0,0.0,0.0,0.0,0.0
19-11 08:00:00,0.0,0.0,0.0,0.0,0.0,0.0
19-11 09:00:00,9.0,16.0,8.0,42.49,49.98,25.094
19-11 10:00:00,165.0,74.0,44.0,224.0,210.0,143.4
19-11 11:00:00,424.0,166.0,290.0,300.0,533.0,342.6
19-11 12:00:00,748.0,267.0,715.0,562.0,750.0,608.4
19-11 13:00:00,557.0,349.0,802.0,754.0,934.0,679.2
19-11 14:00:00,348.0,534.0,903.0,747.0,1016.0,709.6
19-11 15:00:00,302.0,724.0,957.0,1059.0,852.0,778.8
19-11 16:00:00,235.0,904.0,874.0,1008.0,712.0,746.6
19-11 17:00:00,392.0,579.0,313.0,846.0,586.0,543.2
19-11 18:00:00,455.0,751.0,96.0,754.0,292.0,469.6
19-11 19:00:00,47.0,424.0,76.0,60.0,503.0,222.0
19-11 20:00:00,25.0,94.0,25.0,25.0,174.0,68.6
19-11 21:00:00,4.0,45.45,4.0,5.0,9.0,13.49
19-11 22:00:00,0.0,0.0,0.0,0.0,0.0,0.0
19-11 23:00:00,0.0,0.0,0.0,0.0,0.0,0.0
20-11 00:00:00,0.0,0.0,0.0,0.0,0.0,0.0
20-11 01:00:00,0.0,0.0,0.0,0.0,0.0,0.0
20-11 02:00:00,0.0,0.0,0.0,0.0,0.0,0.0
20-11 03:00:00,0.0,0.0,0.0,0.0,0.0,0.0
20-11 04:00:00,0.0,0.0,0.0,0.0,0.0,0.0
20-11 05:00:00,0.0,0.0,0.0,0.0,0.0,0.0
20-11 06:00:00,0.0,0.0,0.0,0.0,0.0,0.0
20-11 07:00:00,0.0,0.0,0.0,0.0,0.0,0.0
20-11 08:00:00,0.0,0.0,0.0,0.0,0.0,0.0
20-11 09:00:00,32.36,16.0,18.0,29.6,11.0,21.392000000000003
20-11 10:00:00,228.0,163.0,261.0,183.0,60.0,179.0
20-11 11:00:00,541.0,354.0,480.0,390.0,230.0,399.0
20-11 12:00:00,641.0,482.0,596.0,666.0,388.0,554.6
20-11 13:00:00,694.0,632.0,877.0,816.0,474.0,698.6
20-11 14:00:00,665.0,692.0,991.0,702.0,386.0,687.2
20-11 15:00:00,744.0,834.0,824.0,672.0,737.0,762.2
20-11 16:00:00,268.0,808.0,916.0,943.0,598.0,706.6
20-11 17:00:00,91.0,778.0,669.0,826.0,410.0,554.8
20-11 18:00:00,67.0,660.0,453.0,606.0,733.0,503.8
20-11 19:00:00,61.0,258.0,270.0,47.0,439.0,215.0
20-11 20:00:00,34.0,103.0,49.0,257.0,179.0,124.4
20-11 21:00:00,5.0,5.0,5.0,5.0,25.81,9.162
20-11 22:00:00,0.0,0.0,0.0,0.0,0.0,0.0
20-11 23:00:00,0.0,0.0,0.0,0.0,0.0,0.0
21-11 00:00:00,0.0,0.0,0.0,0.0,0.0,0.0
21-11 01:00:00,0.0,0.0,0.0,0.0,0.0,0.0
21-11 02:00:00,0.0,0.0,0.0,0.0,0.0,0.0
21-11 03:00:00,0.0,0.0,0.0,0.0,0.0,0.0
21-11 04:00:00,0.0,0.0,0.0,0.0,0.0,0.0
21-11 05:00:00,0.0,0.0,0.0,0.0,0.0,0.0
21-11 06:00:00,0.0,0.0,0.0,0.0,0.0,0.0
21-11 07:00:00,0.0,0.0,0.0,0.0,0.0,0.0
21-11 08:00:00,0.0,0.0,0.0,0.0,0.0,0.0
21-11 09:00:00,30.58,55.94,13.0,27.81,52.91,36.048
21-11 10:00:00,223.0,258.0,48.0,215.0,193.0,187.4
21-11 11:00:00,485.0,546.0,238.0,511.0,339.0,423.8
21-11 12:00:00,754.0,776.0,457.0,738.0,477.0,640.4
21-11 13:00:00,657.0,945.0,453.0,847.0,736.0,727.6
21-11 14:00:00,790.0,1075.0,731.0,921.0,952.0,893.8
21-11 15:00:00,785.0,1137.0,989.0,926.0,1082.0,983.8
21-11 16:00:00,373.0,1028.0,879.0,800.0,1042.0,824.4
21-11 17:00:00,138.0,942.0,134.0,685.0,856.0,551.0
21-11 18:00:00,68.0,796.0,88.0,519.0,658.0,425.8
21-11 19:00:00,140.0,554.0,52.0,132.0,489.0,273.4
21-11 20:00:00,228.0,278.0,25.0,42.0,122.0,139.0
21-11 21:00:00,47.93,40.69,5.0,49.45,5.0,29.613999999999997
21-11 22:00:00,0.0,0.0,0.0,0.0,0.0,0.0
21-11 23:00:00,0.0,0.0,0.0,0.0,0.0,0.0
22-11 00:00:00,0.0,0.0,0.0,0.0,0.0,0.0
22-11 01:00:00,0.0,0.0,0.0,0.0,0.0,0.0
22-11 02:00:00,0.0,0.0,0.0,0.0,0.0,0.0
22-11 03:00:00,0.0,0.0,0.0,0.0,0.0,0.0
22-11 04:00:00,0.0,0.0,0.0,0.0,0.0,0.0
22-11 05:00:00,0.0,0.0,0.0,0.0,0.0,0.0
22-11 06:00:00,0.0,0.0,0.0,0.0,0.0,0.0
22-11 07:00:00,0.0,0.0,0.0,0.0,0.0,0.0
22-11 08:00:00,0.0,0.0,0.0,0.0,0.0,0.0
22-11 09:00:00,19.0,52.98,25.0,36.82,18.0,30.359999999999996
22-11 10:00:00,175.0,290.0,235.0,254.0,235.0,237.8
22-11 11:00:00,393.0,538.0,461.0,506.0,381.0,455.8
22-11 12:00:00,705.0,757.0,638.0,632.0,564.0,659.2
22-11 13:00:00,744.0,710.0,857.0,855.0,458.0,724.8
22-11 14:00:00,828.0,1014.0,730.0,625.0,369.0,713.2
22-11 15:00:00,763.0,1111.0,851.0,475.0,394.0,718.8
22-11 16:00:00,854.0,1083.0,922.0,134.0,396.0,677.8
22-11 17:00:00,780.0,931.0,626.0,196.0,433.0,593.2
22-11 18:00:00,659.0,768.0,500.0,443.0,221.0,518.2
22-11 19:00:00,420.0,500.0,67.0,77.0,69.0,226.6
22-11 20:00:00,202.0,268.0,25.0,25.0,25.0,109.0
22-11 21:00:00,5.0,47.75,5.0,5.0,6.0,13.75
22-11 22:00:00,0.0,0.0,0.0,0.0,0.0,0.0
22-11 23:00:00,0.0,0.0,0.0,0.0,0.0,0.0
23-11 00:00:00,0.0,0.0,0.0,0.0,0.0,0.0
23-11 01:00:00,0.0,0.0,0.0,0.0,0.0,0.0
23-11 02:00:00,0.0,0.0,0.0,0.0,0.0,0.0
23-11 03:00:00,0.0,0.0,0.0,0.0,0.0,0.0
23-11 04:00:00,0.0,0.0,0.0,0.0,0.0,0.0
23-11 05:00:00,0.0,0.0,0.0,0.0,0.0,0.0
23-11 06:00:00,0.0,0.0,0.0,0.0,0.0,0.0
23-11 07:00:00,0.0,0.0,0.0,0.0,0.0,0.0
23-11 08:00:00,0.0,0.0,0.0,0.0,0.0,0.0
23-11 09:00:00,52.15,46.39,20.0,14.0,10.0,28.508
23-11 10:00:00,293.0,205.0,158.0,140.0,56.0,170.4
23-11 11:00:00,509.0,302.0,341.0,380.0,148.0,336.0
23-11 12:00:00,669.0,369.0,596.0,585.0,283.0,500.4
23-11 13:00:00,800.0,773.0,706.0,698.0,591.0,713.6
23-11 14:00:00,715.0,536.0,845.0,835.0,519.0,690.0
23-11 15:00:00,846.0,826.0,893.0,805.0,598.0,793.6
23-11 16:00:00,762.0,590.0,1044.0,1016.0,235.0,729.4
23-11 17:00:00,503.0,503.0,901.0,901.0,83.0,578.2
23-11 18:00:00,536.0,111.0,696.0,247.0,87.0,335.4
23-11 19:00:00,48.0,48.0,277.0,157.0,378.0,181.6
23-11 20:00:00,39.0,54.0,236.0,49.0,204.0,116.4
23-11 21:00:00,5.0,5.0,5.0,5.0,11.0,6.2
23-11 22:00:00,0.0,0.0,0.0,0.0,0.0,0.0
23-11 23:00:00,0.0,0.0,0.0,0.0,0.0,0.0
24-11 00:00:00,0.0,0.0,0.0,0.0,0.0,0.0
24-11 01:00:00,0.0,0.0,0.0,0.0,0.0,0.0
24-11 02:00:00,0.0,0.0,0.0,0.0,0.0,0.0
24-11 03:00:00,0.0,0.0,0.0,0.0,0.0,0.0
24-11 04:00:00,0.0,0.0,0.0,0.0,0.0,0.0
24-11 05:00:00,0.0,0.0,0.0,0.0,0.0,0.0
24-11 06:00:00,0.0,0.0,0.0,0.0,0.0,0.0
24-11 07:00:00,0.0,0.0,0.0,0.0,0.0,0.0
24-11 08:00:00,0.0,0.0,0.0,0.0,0.0,0.0
24-11 09:00:00,47.12,32.55,22.0,26.81,5.0,26.695999999999998
24-11 10:00:00,284.0,178.0,221.0,276.0,94.0,210.6
24-11 11:00:00,529.0,537.0,348.0,517.0,234.0,433.0
24-11 12:00:00,738.0,761.0,418.0,587.0,649.0,630.6
24-11 13:00:00,909.0,927.0,915.0,527.0,848.0,825.2
24-11 14:00:00,805.0,1056.0,772.0,837.0,1003.0,894.6
24-11 15:00:00,641.0,1071.0,957.0,980.0,908.0,911.4
24-11 16:00:00,822.0,1074.0,961.0,881.0,763.0,900.2
24-11 17:00:00,461.0,831.0,800.0,700.0,743.0,707.0
24-11 18:00:00,124.0,747.0,579.0,696.0,128.0,454.8
24-11 19:00:00,56.0,517.0,461.0,146.0,385.0,313.0
24-11 20:00:00,49.0,195.0,247.0,162.0,39.0,138.4
24-11 21:00:00,5.0,6.0,59.0,60.0,5.0,27.0
24-11 22:00:00,0.0,0.0,0.0,0.0,0.0,0.0
24-11 23:00:00,0.0,0.0,0.0,0.0,0.0,0.0
25-11 00:00:00,0.0,0.0,0.0,0.0,0.0,0.0
25-11 01:00:00,0.0,0.0,0.0,0.0,0.0,0.0
25-11 02:00:00,0.0,0.0,0.0,0.0,0.0,0.0
25-11 03:00:00,0.0,0.0,0.0,0.0,0.0,0.0
25-11 04:00:00,0.0,0.0,0.0,0.0,0.0,0.0
25-11 05:00:00,0.0,0.0,0.0,0.0,0.0,0.0
25-11 06:00:00,0.0,0.0,0.0,0.0,0.0,0.0
25-11 07:00:00,0.0,0.0,0.0,0.0,0.0,0.0
25-11 08:00:00,0.0,0.0,0.0,0.0,0.0,0.0
25-11 09:00:00,24.83,52.12,31.57,22.0,50.71,36.245999999999995
25-11 10:00:00,272.0,294.0,251.0,280.0,288.0,277.0
25-11 11:00:00,417.0,538.0,536.0,516.0,539.0,509.2
25-11 12:00:00,684.0,766.0,783.0,681.0,764.0,735.6
25-11 13:00:00,926.0,939.0,939.0,931.0,892.0,925.4
25-11 14:00:00,993.0,1013.0,1029.0,1044.0,1045.0,1024.8
25-11 15:00:00,916.0,1069.0,1044.0,1041.0,1011.0,1016.2
25-11 16:00:00,787.0,1099.0,949.0,1016.0,916.0,953.4
25-11 17:00:00,660.0,948.0,823.0,812.0,332.0,715.0
25-11 18:00:00,369.0,763.0,558.0,652.0,290.0,526.4
25-11 19:00:00,48.0,242.0,390.0,72.0,395.0,229.4
25-11 20:00:00,26.0,243.0,137.0,26.0,26.0,91.6
25-11 21:00:00,8.0,6.0,6.0,5.0,5.0,6.0
25-11 22:00:00,0.0,0.0,0.0,0.0,0.0,0.0
25-11 23:00:00,0.0,0.0,0.0,0.0,0.0,0.0
26-11 00:00:00,0.0,0.0,0.0,0.0,0.0,0.0
26-11 01:00:00,0.0,0.0,0.0,0.0,0.0,0.0
26-11 02:00:00,0.0,0.0,0.0,0.0,0.0,0.0
26-11 03:00:00,0.0,0.0,0.0,0.0,0.0,0.0
26-11 04:00:00,0.0,0.0,0.0,0.0,0.0,0.0
26-11 05:00:00,0.0,0.0,0.0,0.0,0.0,0.0
26-11 06:00:00,0.0,0.0,0.0,0.0,0.0,0.0
26-11 07:00:00,0.0,0.0,0.0,0.0,0.0,0.0
26-11 08:00:00,0.0,0.0,0.0,0.0,0.0,0.0
26-11 09:00:00,46.21,52.93,22.0,14.0,49.94,37.016
26-11 10:00:00,142.0,298.0,62.0,222.0,277.0,200.2
26-11 11:00:00,437.0,544.0,279.0,230.0,528.0,403.6
26-11 12:00:00,748.0,762.0,381.0,150.0,613.0,530.8
26-11 13:00:00,650.0,914.0,489.0,257.0,919.0,645.8
26-11 14:00:00,644.0,966.0,537.0,537.0,1047.0,746.2
26-11 15:00:00,746.0,1058.0,808.0,613.0,1075.0,860.0
26-11 16:00:00,688.0,969.0,571.0,1083.0,1032.0,868.6
26-11 17:00:00,261.0,945.0,491.0,922.0,902.0,704.2
26-11 18:00:00,85.0,773.0,430.0,775.0,667.0,546.0
26-11 19:00:00,96.0,374.0,476.0,540.0,556.0,408.4
26-11 20:00:00,263.0,239.0,31.0,304.0,190.0,205.4
26-11 21:00:00,6.0,45.0,11.0,63.0,6.0,26.2
26-11 22:00:00,0.0,0.0,0.0,0.0,0.0,0.0
26-11 23:00:00,0.0,0.0,0.0,0.0,0.0,0.0
27-11 00:00:00,0.0,0.0,0.0,0.0,0.0,0.0
27-11 01:00:00,0.0,0.0,0.0,0.0,0.0,0.0
27-11 02:00:00,0.0,0.0,0.0,0.0,0.0,0.0
27-11 03:00:00,0.0,0.0,0.0,0.0,0.0,0.0
27-11 04:00:00,0.0,0.0,0.0,0.0,0.0,0.0
27-11 05:00:00,0.0,0.0,0.0,0.0,0.0,0.0
27-11 06:00:00,0.0,0.0,0.0,0.0,0.0,0.0
27-11 07:00:00,0.0,0.0,0.0,0.0,0.0,0.0
27-11 08:00:00,0.0,0.0,0.0,0.0,0.0,0.0
27-11 09:00:00,49.07,52.84,51.33,28.8,13.0,39.008
27-11 10:00:00,178.0,298.0,297.0,137.0,35.0,189.0
27-11 11:00:00,401.0,544.0,541.0,104.0,53.0,328.6
27-11 12:00:00,282.0,774.0,576.0,145.0,67.0,368.8
27-11 13:00:00,204.0,949.0,494.0,173.0,219.0,407.8
27-11 14:00:00,932.0,1081.0,920.0,372.0,715.0,804.0
27-11 15:00:00,653.0,1104.0,1084.0,510.0,908.0,851.8
27-11 16:00:00,386.0,1090.0,1024.0,606.0,909.0,803.0
27-11 17:00:00,158.0,945.0,931.0,217.0,345.0,519.2
27-11 18:00:00,142.0,742.0,671.0,418.0,603.0,515.2
27-11 19:00:00,69.0,529.0,546.0,134.0,312.0,318.0
27-11 20:00:00,26.0,130.0,26.0,30.0,254.0,93.2
27-11 21:00:00,6.0,63.0,6.0,6.0,14.0,19.0
27-11 22:00:00,0.0,0.0,0.0,0.0,0.0,0.0
27-11 23:00:00,0.0,0.0,0.0,0.0,0.0,0.0
28-11 00:00:00,0.0,0.0,0.0,0.0,0.0,0.0
28-11 01:00:00,0.0,0.0,0.0,0.0,0.0,0.0
28-11 02:00:00,0.0,0.0,0.0,0.0,0.0,0.0
28-11 03:00:00,0.0,0.0,0.0,0.0,0.0,0.0
28-11 04:00:00,0.0,0.0,0.0,0.0,0.0,0.0
28-11 05:00:00,0.0,0.0,0.0,0.0,0.0,0.0
28-11 06:00:00,0.0,0.0,0.0,0.0,0.0,0.0
28-11 07:00:00,0.0,0.0,0.0,0.0,0.0,0.0
28-11 08:00:00,0.0,0.0,0.0,0.0,0.0,0.0
28-11 09:00:00,6.0,51.3,26.81,36.8,38.51,31.883999999999997
28-11 10:00:00,193.0,290.0,288.0,283.0,140.0,238.8
28-11 11:00:00,413.0,538.0,507.0,511.0,534.0,500.6
28-11 12:00:00,671.0,763.0,527.0,570.0,750.0,656.2
28-11 13:00:00,781.0,931.0,732.0,617.0,926.0,797.4
28-11 14:00:00,882.0,1068.0,714.0,708.0,1028.0,880.0
28-11 15:00:00,988.0,1068.0,385.0,735.0,1085.0,852.2
28-11 16:00:00,1023.0,1099.0,813.0,884.0,1065.0,976.8
28-11 17:00:00,305.0,832.0,487.0,674.0,927.0,645.0
28-11 18:00:00,155.0,758.0,76.0,144.0,692.0,365.0
28-11 19:00:00,58.0,480.0,271.0,525.0,152.0,297.2
28-11 20:00:00,26.0,298.0,33.0,241.0,27.0,125.0
28-11 21:00:00,6.0,68.0,30.0,6.0,6.0,23.2
28-11 22:00:00,0.0,0.0,0.0,0.0,0.0,0.0
28-11 23:00:00,0.0,0.0,0.0,0.0,0.0,0.0
29-11 00:00:00,0.0,0.0,0.0,0.0,0.0,0.0
29-11 01:00:00,0.0,0.0,0.0,0.0,0.0,0.0
29-11 02:00:00,0.0,0.0,0.0,0.0,0.0,0.0
29-11 03:00:00,0.0,0.0,0.0,0.0,0.0,0.0
29-11 04:00:00,0.0,0.0,0.0,0.0,0.0,0.0
29-11 05:00:00,0.0,0.0,0.0,0.0,0.0,0.0
29-11 06:00:00,0.0,0.0,0.0,0.0,0.0,0.0
29-11 07:00:00,0.0,0.0,0.0,0.0,0.0,0.0
29-11 08:00:00,0.0,0.0,0.0,0.0,0.0,0.0
29-11 09:00:00,9.0,51.27,29.59,46.9,49.87,37.326
29-11 10:00:00,136.0,292.0,214.0,221.0,289.0,230.4
29-11 11:00:00,401.0,535.0,417.0,485.0,374.0,442.4
29-11 12:00:00,369.0,763.0,734.0,428.0,762.0,611.2
29-11 13:00:00,658.0,936.0,328.0,547.0,660.0,625.8
29-11 14:00:00,781.0,1062.0,476.0,170.0,632.0,624.2
29-11 15:00:00,933.0,1109.0,848.0,173.0,808.0,774.2
29-11 16:00:00,939.0,1015.0,1045.0,1088.0,939.0,1005.2
29-11 17:00:00,300.0,930.0,528.0,155.0,622.0,507.0
29-11 18:00:00,155.0,785.0,380.0,470.0,709.0,499.8
29-11 19:00:00,168.0,545.0,381.0,295.0,285.0,334.8
29-11 20:00:00,26.0,282.0,47.0,237.0,27.0,123.8
29-11 21:00:00,6.0,72.0,6.0,24.0,6.0,22.8
29-11 22:00:00,0.0,0.0,0.0,0.0,0.0,0.0
29-11 23:00:00,0.0,0.0,0.0,0.0,0.0,0.0
30-11 00:00:00,0.0,0.0,0.0,0.0,0.0,0.0
30-11 01:00:00,0.0,0.0,0.0,0.0,0.0,0.0
30-11 02:00:00,0.0,0.0,0.0,0.0,0.0,0.0
30-11 03:00:00,0.0,0.0,0.0,0.0,0.0,0.0
30-11 04:00:00,0.0,0.0,0.0,0.0,0.0,0.0
30-11 05:00:00,0.0,0.0,0.0,0.0,0.0,0.0
30-11 06:00:00,0.0,0.0,0.0,0.0,0.0,0.0
30-11 07:00:00,0.0,0.0,0.0,0.0,0.0,0.0
30-11 08:00:00,0.0,0.0,0.0,0.0,0.0,0.0
30-11 09:00:00,35.06,50.49,24.82,9.0,46.87,33.248000000000005
30-11 10:00:00,195.0,292.0,96.0,57.0,289.0,185.8
30-11 11:00:00,434.0,538.0,181.0,117.0,485.0,351.0
30-11 12:00:00,708.0,767.0,381.0,179.0,704.0,547.8
30-11 13:00:00,673.0,941.0,490.0,428.0,912.0,688.8
30-11 14:00:00,947.0,923.0,662.0,739.0,965.0,847.2
30-11 15:00:00,924.0,994.0,831.0,723.0,773.0,849.0
30-11 16:00:00,573.0,1017.0,531.0,862.0,402.0,677.0
30-11 17:00:00,105.0,882.0,916.0,616.0,84.0,520.6
30-11 18:00:00,68.0,766.0,501.0,610.0,69.0,402.8
30-11 19:00:00,48.0,575.0,49.0,499.0,49.0,244.0
30-11 20:00:00,27.0,314.0,27.0,251.0,27.0,129.2
30-11 21:00:00,6.0,75.0,6.0,6.0,6.0,19.8
30-11 22:00:00,0.0,0.0,0.0,0.0,0.0,0.0
30-11 23:00:00,0.0,0.0,0.0,0.0,0.0,0.0
01-12 00:00:00,0.0,0.0,0.0,0.0,0.0,0.0
01-12 01:00:00,0.0,0.0,0.0,0.0,0.0,0.0
01-12 02:00:00,0.0,0.0,0.0,0.0,0.0,0.0
01-12 03:00:00,0.0,0.0,0.0,0.0,0.0,0.0
01-12 04:00:00,0.0,0.0,0.0,0.0,0.0,0.0
01-12 05:00:00,0.0,0.0,0.0,0.0,0.0,0.0
01-12 06:00:00,0.0,0.0,0.0,0.0,0.0,0.0
01-12 07:00:00,0.0,0.0,0.0,0.0,0.0,0.0
01-12 08:00:00,0.0,0.0,0.0,0.0,0.0,0.0
01-12 09:00:00,29.58,54.1,49.54,29.58,39.98,40.556
01-12 10:00:00,143.0,291.0,211.0,236.0,99.0,196.0
01-12 11:00:00,444.0,540.0,475.0,277.0,224.0,392.0
01-12 12:00:00,704.0,774.0,571.0,256.0,338.0,528.6
01-12 13:00:00,633.0,964.0,606.0,351.0,230.0,556.8
01-12 14:00:00,503.0,1077.0,765.0,775.0,298.0,683.6
01-12 15:00:00,639.0,992.0,1050.0,1001.0,487.0,833.8
01-12 16:00:00,608.0,894.0,947.0,628.0,686.0,752.6
01-12 17:00:00,761.0,931.0,951.0,462.0,577.0,736.4
01-12 18:00:00,664.0,739.0,744.0,726.0,133.0,601.2
01-12 19:00:00,103.0,544.0,546.0,521.0,522.0,447.2
01-12 20:00:00,27.0,312.0,27.0,299.0,306.0,194.2
01-12 21:00:00,6.0,60.0,10.0,7.0,54.0,27.4
01-12 22:00:00,0.0,0.0,0.0,0.0,0.0,0.0
01-12 23:00:00,0.0,0.0,0.0,0.0,0.0,0.0
02-12 00:00:00,0.0,0.0,0.0,0.0,0.0,0.0
02-12 01:00:00,0.0,0.0,0.0,0.0,0.0,0.0
02-12 02:00:00,0.0,0.0,0.0,0.0,0.0,0.0
02-12 03:00:00,0.0,0.0,0.0,0.0,0.0,0.0
02-12 04:00:00,0.0,0.0,0.0,0.0,0.0,0.0
02-12 05:00:00,0.0,0.0,0.0,0.0,0.0,0.0
02-12 06:00:00,0.0,0.0,0.0,0.0,0.0,0.0
02-12 07:00:00,0.0,0.0,0.0,0.0,0.0,0.0
02-12 08:00:00,0.0,0.0,0.0,0.0,0.0,0.0
02-12 09:00:00,35.04,37.52,5.0,36.57,19.0,26.625999999999998
02-12 10:00:00,183.0,252.0,155.0,177.0,172.0,187.8
02-12 11:00:00,470.0,467.0,315.0,400.0,401.0,410.6
02-12 12:00:00,725.0,745.0,521.0,653.0,738.0,676.4
02-12 13:00:00,911.0,935.0,759.0,721.0,922.0,849.6
02-12 14:00:00,1006.0,1039.0,996.0,778.0,1041.0,972.0
02-12 15:00:00,992.0,1024.0,1010.0,321.0,1010.0,871.4
02-12 16:00:00,516.0,1024.0,999.0,912.0,913.0,872.8
02-12 17:00:00,125.0,909.0,638.0,142.0,190.0,400.8
02-12 18:00:00,293.0,753.0,263.0,357.0,80.0,349.2
02-12 19:00:00,517.0,537.0,83.0,436.0,193.0,353.2
02-12 20:00:00,171.0,255.0,28.0,39.0,28.0,104.2
02-12 21:00:00,7.0,80.0,9.0,7.0,7.0,22.0
02-12 22:00:00,0.0,0.0,0.0,0.0,0.0,0.0
02-12 23:00:00,0.0,0.0,0.0,0.0,0.0,0.0
03-12 00:00:00,0.0,0.0,0.0,0.0,0.0,0.0
03-12 01:00:00,0.0,0.0,0.0,0.0,0.0,0.0
03-12 02:00:00,0.0,0.0,0.0,0.0,0.0,0.0
03-12 03:00:00,0.0,0.0,0.0,0.0,0.0,0.0
03-12 04:00:00,0.0,0.0,0.0,0.0,0.0,0.0
03-12 05:00:00,0.0,0.0,0.0,0.0,0.0,0.0
03-12 06:00:00,0.0,0.0,0.0,0.0,0.0,0.0
03-12 07:00:00,0.0,0.0,0.0,0.0,0.0,0.0
03-12 08:00:00,0.0,0.0,0.0,0.0,0.0,0.0
03-12 09:00:00,9.0,44.57,45.9,7.0,5.0,22.294
03-12 10:00:00,53.0,258.0,270.0,238.0,185.0,200.8
03-12 11:00:00,324.0,521.0,528.0,481.0,318.0,434.4
03-12 12:00:00,365.0,756.0,745.0,657.0,402.0,585.0
03-12 13:00:00,0.0,944.0,886.0,670.0,299.0,559.8
03-12 14:00:00,121.0,1066.0,1074.0,487.0,269.0,603.4
03-12 15:00:00,144.0,1127.0,1065.0,795.0,736.0,773.4
03-12 16:00:00,160.0,1017.0,1065.0,764.0,1064.0,814.0
03-12 17:00:00,257.0,851.0,853.0,643.0,955.0,711.8
03-12 18:00:00,122.0,702.0,690.0,152.0,756.0,484.4
03-12 19:00:00,49.0,473.0,364.0,49.0,545.0,296.0
03-12 20:00:00,28.0,309.0,133.0,28.0,260.0,151.6
03-12 21:00:00,7.0,60.0,7.0,7.0,7.0,17.6
03-12 22:00:00,0.0,0.0,0.0,0.0,0.0,0.0
03-12 23:00:00,0.0,0.0,0.0,0.0,0.0,0.0
04-12 00:00:00,0.0,0.0,0.0,0.0,0.0,0.0
04-12 01:00:00,0.0,0.0,0.0,0.0,0.0,0.0
04-12 02:00:00,0.0,0.0,0.0,0.0,0.0,0.0
04-12 03:00:00,0.0,0.0,0.0,0.0,0.0,0.0
04-12 04:00:00,0.0,0.0,0.0,0.0,0.0,0.0
04-12 05:00:00,0.0,0.0,0.0,0.0,0.0,0.0
04-12 06:00:00,0.0,0.0,0.0,0.0,0.0,0.0
04-12 07:00:00,0.0,0.0,0.0,0.0,0.0,0.0
04-12 08:00:00,0.0,0.0,0.0,0.0,0.0,0.0
04-12 09:00:00,23.83,45.86,43.49,9.0,5.0,25.436
04-12 10:00:00,149.0,281.0,168.0,88.0,109.0,159.0
04-12 11:00:00,95.0,534.0,246.0,167.0,433.0,295.0
04-12 12:00:00,265.0,702.0,755.0,527.0,435.0,536.8
04-12 13:00:00,499.0,887.0,893.0,481.0,623.0,676.6
04-12 14:00:00,763.0,854.0,914.0,508.0,477.0,703.2
04-12 15:00:00,893.0,918.0,1116.0,491.0,361.0,755.8
04-12 16:00:00,941.0,1097.0,960.0,372.0,938.0,861.6
04-12 17:00:00,854.0,1000.0,905.0,465.0,940.0,832.8
04-12 18:00:00,232.0,821.0,803.0,105.0,158.0,423.8
04-12 19:00:00,78.0,562.0,484.0,75.0,50.0,249.8
04-12 20:00:00,28.0,283.0,258.0,28.0,28.0,125.0
04-12 21:00:00,7.0,16.0,41.0,7.0,7.0,15.6
04-12 22:00:00,0.0,0.0,0.0,0.0,0.0,0.0
04-12 23:00:00,0.0,0.0,0.0,0.0,0.0,0.0
05-12 00:00:00,0.0,0.0,0.0,0.0,0.0,0.0
05-12 01:00:00,0.0,0.0,0.0,0.0,0.0,0.0
05-12 02:00:00,0.0,0.0,0.0,0.0,0.0,0.0
05-12 03:00:00,0.0,0.0,0.0,0.0,0.0,0.0
05-12 04:00:00,0.0,0.0,0.0,0.0,0.0,0.0
05-12 05:00:00,0.0,0.0,0.0,0.0,0.0,0.0
05-12 06:00:00,0.0,0.0,0.0,0.0,0.0,0.0
05-12 07:00:00,0.0,0.0,0.0,0.0,0.0,0.0
05-12 08:00:00,0.0,0.0,0.0,0.0,0.0,0.0
05-12 09:00:00,5.0,34.05,47.09,31.33,29.57,29.407999999999998
05-12 10:00:00,90.0,282.0,277.0,270.0,193.0,222.4
05-12 11:00:00,253.0,487.0,540.0,531.0,428.0,447.8
05-12 12:00:00,387.0,720.0,772.0,534.0,655.0,613.6
05-12 13:00:00,677.0,926.0,575.0,424.0,787.0,677.8
05-12 14:00:00,756.0,1042.0,1000.0,802.0,740.0,868.0
05-12 15:00:00,920.0,872.0,1100.0,197.0,838.0,785.4
05-12 16:00:00,859.0,170.0,1026.0,116.0,520.0,538.2
05-12 17:00:00,513.0,126.0,835.0,108.0,351.0,386.6
05-12 18:00:00,657.0,95.0,657.0,85.0,70.0,312.8
05-12 19:00:00,140.0,102.0,441.0,50.0,50.0,156.6
05-12 20:00:00,254.0,45.0,312.0,28.0,28.0,133.4
05-12 21:00:00,60.0,8.0,13.0,7.0,7.0,19.0
05-12 22:00:00,0.0,0.0,0.0,0.0,0.0,0.0
05-12 23:00:00,0.0,0.0,0.0,0.0,0.0,0.0
06-12 00:00:00,0.0,0.0,0.0,0.0,0.0,0.0
06-12 01:00:00,0.0,0.0,0.0,0.0,0.0,0.0
06-12 02:00:00,0.0,0.0,0.0,0.0,0.0,0.0
06-12 03:00:00,0.0,0.0,0.0,0.0,0.0,0.0
06-12 04:00:00,0.0,0.0,0.0,0.0,0.0,0.0
06-12 05:00:00,0.0,0.0,0.0,0.0,0.0,0.0
06-12 06:00:00,0.0,0.0,0.0,0.0,0.0,0.0
06-12 07:00:00,0.0,0.0,0.0,0.0,0.0,0.0
06-12 08:00:00,0.0,0.0,0.0,0.0,0.0,0.0
06-12 09:00:00,31.33,32.1,30.35,28.58,19.0,28.272000000000002
06-12 10:00:00,139.0,64.0,91.0,158.0,255.0,141.4
06-12 11:00:00,322.0,199.0,425.0,304.0,538.0,357.6
06-12 12:00:00,720.0,551.0,693.0,582.0,762.0,661.6
06-12 13:00:00,916.0,843.0,858.0,437.0,937.0,798.2
06-12 14:00:00,998.0,657.0,762.0,587.0,1060.0,812.8
06-12 15:00:00,505.0,840.0,961.0,806.0,1087.0,839.8
06-12 16:00:00,275.0,1058.0,1006.0,840.0,999.0,835.6
06-12 17:00:00,686.0,942.0,697.0,137.0,816.0,655.6
06-12 18:00:00,373.0,740.0,361.0,83.0,694.0,450.2
06-12 19:00:00,170.0,411.0,84.0,50.0,499.0,242.8
06-12 20:00:00,28.0,226.0,249.0,30.0,204.0,147.4
06-12 21:00:00,7.0,7.0,7.0,7.0,27.0,11.0
06-12 22:00:00,0.0,0.0,0.0,0.0,0.0,0.0
06-12 23:00:00,0.0,0.0,0.0,0.0,0.0,0.0
07-12 00:00:00,0.0,0.0,0.0,0.0,0.0,0.0
07-12 01:00:00,0.0,0.0,0.0,0.0,0.0,0.0
07-12 02:00:00,0.0,0.0,0.0,0.0,0.0,0.0
07-12 03:00:00,0.0,0.0,0.0,0.0,0.0,0.0
07-12 04:00:00,0.0,0.0,0.0,0.0,0.0,0.0
07-12 05:00:00,0.0,0.0,0.0,0.0,0.0,0.0
07-12 06:00:00,0.0,0.0,0.0,0.0,0.0,0.0
07-12 07:00:00,0.0,0.0,0.0,0.0,0.0,0.0
07-12 08:00:00,0.0,0.0,0.0,0.0,0.0,0.0
07-12 09:00:00,6.0,17.0,41.15,22.0,46.14,26.458000000000006
07-12 10:00:00,84.0,50.0,224.0,96.0,284.0,147.6
07-12 11:00:00,231.0,84.0,266.0,315.0,533.0,285.8
07-12 12:00:00,367.0,164.0,519.0,598.0,755.0,480.6
07-12 13:00:00,544.0,408.0,728.0,556.0,935.0,634.2
07-12 14:00:00,782.0,439.0,1029.0,546.0,1069.0,773.0
07-12 15:00:00,1040.0,618.0,1130.0,880.0,1096.0,952.8
07-12 16:00:00,1009.0,961.0,267.0,697.0,1070.0,800.8
07-12 17:00:00,949.0,652.0,308.0,953.0,921.0,756.6
07-12 18:00:00,715.0,160.0,295.0,745.0,762.0,535.4
07-12 19:00:00,549.0,369.0,99.0,153.0,547.0,343.4
07-12 20:00:00,65.0,108.0,317.0,28.0,326.0,168.8
07-12 21:00:00,7.0,8.0,85.0,8.0,80.0,37.6
07-12 22:00:00,0.0,0.0,0.0,0.0,0.0,0.0
07-12 23:00:00,0.0,0.0,0.0,0.0,0.0,0.0
08-12 00:00:00,0.0,0.0,0.0,0.0,0.0,0.0
08-12 01:00:00,0.0,0.0,0.0,0.0,0.0,0.0
08-12 02:00:00,0.0,0.0,0.0,0.0,0.0,0.0
08-12 03:00:00,0.0,0.0,0.0,0.0,0.0,0.0
08-12 04:00:00,0.0,0.0,0.0,0.0,0.0,0.0
08-12 05:00:00,0.0,0.0,0.0,0.0,0.0,0.0
08-12 06:00:00,0.0,0.0,0.0,0.0,0.0,0.0
08-12 07:00:00,0.0,0.0,0.0,0.0,0.0,0.0
08-12 08:00:00,0.0,0.0,0.0,0.0,0.0,0.0
08-12 09:00:00,17.0,37.79,49.81,18.0,48.28,34.176
08-12 10:00:00,73.0,207.0,277.0,155.0,298.0,202.0
08-12 11:00:00,115.0,369.0,538.0,398.0,516.0,387.2
08-12 12:00:00,355.0,709.0,628.0,354.0,759.0,561.0
08-12 13:00:00,830.0,857.0,889.0,638.0,939.0,830.6
08-12 14:00:00,623.0,821.0,957.0,938.0,952.0,858.2
08-12 15:00:00,826.0,940.0,913.0,1000.0,690.0,873.8
08-12 16:00:00,989.0,951.0,539.0,814.0,764.0,811.4
08-12 17:00:00,818.0,515.0,724.0,368.0,688.0,622.6
08-12 18:00:00,159.0,70.0,534.0,378.0,632.0,354.6
08-12 19:00:00,81.0,51.0,55.0,504.0,511.0,240.4
08-12 20:00:00,28.0,29.0,82.0,323.0,192.0,130.8
08-12 21:00:00,8.0,10.0,11.0,85.0,51.0,33.0
08-12 22:00:00,0.0,0.0,0.0,0.0,0.0,0.0
08-12 23:00:00,0.0,0.0,0.0,0.0,0.0,0.0
09-12 00:00:00,0.0,0.0,0.0,0.0,0.0,0.0
09-12 01:00:00,0.0,0.0,0.0,0.0,0.0,0.0
09-12 02:00:00,0.0,0.0,0.0,0.0,0.0,0.0
09-12 03:00:00,0.0,0.0,0.0,0.0,0.0,0.0
09-12 04:00:00,0.0,0.0,0.0,0.0,0.0,0.0
09-12 05:00:00,0.0,0.0,0.0,0.0,0.0,0.0
09-12 06:00:00,0.0,0.0,0.0,0.0,0.0,0.0
09-12 07:00:00,0.0,0.0,0.0,0.0,0.0,0.0
09-12 08:00:00,0.0,0.0,0.0,0.0,0.0,0.0
09-12 09:00:00,13.0,30.32,26.79,6.0,27.58,20.738
09-12 10:00:00,126.0,127.0,57.0,30.0,209.0,109.8
09-12 11:00:00,251.0,171.0,229.0,102.0,519.0,254.4
09-12 12:00:00,453.0,384.0,595.0,457.0,745.0,526.8
09-12 13:00:00,656.0,599.0,708.0,685.0,875.0,704.6
09-12 14:00:00,888.0,809.0,1025.0,895.0,975.0,918.4
09-12 15:00:00,1064.0,956.0,894.0,878.0,352.0,828.8
09-12 16:00:00,943.0,880.0,984.0,913.0,508.0,845.6
09-12 17:00:00,603.0,486.0,863.0,769.0,649.0,674.0
09-12 18:00:00,360.0,549.0,814.0,588.0,365.0,535.2
09-12 19:00:00,121.0,90.0,369.0,385.0,445.0,282.0
09-12 20:00:00,29.0,29.0,181.0,29.0,290.0,111.6
09-12 21:00:00,8.0,15.0,8.0,8.0,8.0,9.4
09-12 22:00:00,0.0,0.0,0.0,0.0,0.0,0.0
09-12 23:00:00,0.0,0.0,0.0,0.0,0.0,0.0
10-12 00:00:00,0.0,0.0,0.0,0.0,0.0,0.0
10-12 01:00:00,0.0,0.0,0.0,0.0,0.0,0.0
10-12 02:00:00,0.0,0.0,0.0,0.0,0.0,0.0
10-12 03:00:00,0.0,0.0,0.0,0.0,0.0,0.0
10-12 04:00:00,0.0,0.0,0.0,0.0,0.0,0.0
10-12 05:00:00,0.0,0.0,0.0,0.0,0.0,0.0
10-12 06:00:00,0.0,0.0,0.0,0.0,0.0,0.0
10-12 07:00:00,0.0,0.0,0.0,0.0,0.0,0.0
10-12 08:00:00,0.0,0.0,0.0,0.0,0.0,0.0
10-12 09:00:00,36.04,31.09,45.8,24.8,25.8,32.706
10-12 10:00:00,210.0,279.0,280.0,258.0,271.0,259.6
10-12 11:00:00,507.0,255.0,520.0,387.0,519.0,437.6
10-12 12:00:00,699.0,281.0,719.0,488.0,714.0,580.2
10-12 13:00:00,797.0,183.0,916.0,601.0,811.0,661.6
10-12 14:00:00,528.0,309.0,1033.0,838.0,1049.0,751.4
10-12 15:00:00,372.0,399.0,1084.0,758.0,1072.0,737.0
10-12 16:00:00,322.0,448.0,1076.0,931.0,922.0,739.8
10-12 17:00:00,362.0,453.0,971.0,921.0,856.0,712.6
10-12 18:00:00,113.0,398.0,791.0,754.0,725.0,556.2
10-12 19:00:00,61.0,129.0,558.0,570.0,496.0,362.8
10-12 20:00:00,29.0,29.0,234.0,56.0,321.0,133.8
10-12 21:00:00,8.0,8.0,8.0,8.0,94.0,25.2
10-12 22:00:00,0.0,0.0,0.0,0.0,0.0,0.0
10-12 23:00:00,0.0,0.0,0.0,0.0,0.0,0.0
11-12 00:00:00,0.0,0.0,0.0,0.0,0.0,0.0
11-12 01:00:00,0.0,0.0,0.0,0.0,0.0,0.0
11-12 02:00:00,0.0,0.0,0.0,0.0,0.0,0.0
11-12 03:00:00,0.0,0.0,0.0,0.0,0.0,0.0
11-12 04:00:00,0.0,0.0,0.0,0.0,0.0,0.0
11-12 05:00:00,0.0,0.0,0.0,0.0,0.0,0.0
11-12 06:00:00,0.0,0.0,0.0,0.0,0.0,0.0
11-12 07:00:00,0.0,0.0,0.0,0.0,0.0,0.0
11-12 08:00:00,0.0,0.0,0.0,0.0,0.0,0.0
11-12 09:00:00,4.0,7.0,25.79,10.0,7.0,10.758
11-12 10:00:00,58.0,144.0,119.0,46.0,30.0,79.4
11-12 11:00:00,384.0,175.0,261.0,170.0,156.0,229.2
11-12 12:00:00,408.0,329.0,497.0,742.0,247.0,444.6
11-12 13:00:00,842.0,436.0,664.0,926.0,460.0,665.6
11-12 14:00:00,996.0,524.0,964.0,739.0,609.0,766.4
11-12 15:00:00,942.0,944.0,968.0,827.0,909.0,918.0
11-12 16:00:00,656.0,799.0,624.0,1009.0,776.0,772.8
11-12 17:00:00,802.0,643.0,701.0,910.0,734.0,758.0
11-12 18:00:00,364.0,71.0,485.0,133.0,516.0,313.8
11-12 19:00:00,60.0,51.0,246.0,51.0,450.0,171.6
11-12 20:00:00,29.0,29.0,30.0,29.0,177.0,58.8
11-12 21:00:00,8.0,84.0,8.0,8.0,60.0,33.6
11-12 22:00:00,0.0,0.0,0.0,0.0,0.0,0.0
11-12 23:00:00,0.0,0.0,0.0,0.0,0.0,0.0
12-12 00:00:00,0.0,0.0,0.0,0.0,0.0,0.0
12-12 01:00:00,0.0,0.0,0.0,0.0,0.0,0.0
12-12 02:00:00,0.0,0.0,0.0,0.0,0.0,0.0
12-12 03:00:00,0.0,0.0,0.0,0.0,0.0,0.0
12-12 04:00:00,0.0,0.0,0.0,0.0,0.0,0.0
12-12 05:00:00,0.0,0.0,0.0,0.0,0.0,0.0
12-12 06:00:00,0.0,0.0,0.0,0.0,0.0,0.0
12-12 07:00:00,0.0,0.0,0.0,0.0,0.0,0.0
12-12 08:00:00,0.0,0.0,0.0,0.0,0.0,0.0
12-12 09:00:00,31.06,32.59,28.34,31.06,4.0,25.410000000000004
12-12 10:00:00,194.0,196.0,246.0,232.0,103.0,194.2
12-12 11:00:00,366.0,357.0,424.0,350.0,489.0,397.2
12-12 12:00:00,540.0,538.0,712.0,573.0,740.0,620.6
12-12 13:00:00,562.0,655.0,844.0,609.0,894.0,712.8
12-12 14:00:00,576.0,676.0,974.0,661.0,797.0,736.8
12-12 15:00:00,829.0,768.0,718.0,846.0,665.0,765.2
12-12 16:00:00,910.0,542.0,726.0,866.0,353.0,679.4
12-12 17:00:00,912.0,407.0,519.0,791.0,844.0,694.6
12-12 18:00:00,641.0,70.0,436.0,657.0,764.0,513.6
12-12 19:00:00,451.0,51.0,555.0,331.0,362.0,350.0
12-12 20:00:00,32.0,30.0,236.0,241.0,161.0,140.0
12-12 21:00:00,8.0,16.0,8.0,11.0,8.0,10.2
12-12 22:00:00,0.0,0.0,0.0,0.0,0.0,0.0
12-12 23:00:00,0.0,0.0,0.0,0.0,0.0,0.0
13-12 00:00:00,0.0,0.0,0.0,0.0,0.0,0.0
13-12 01:00:00,0.0,0.0,0.0,0.0,0.0,0.0
13-12 02:00:00,0.0,0.0,0.0,0.0,0.0,0.0
13-12 03:00:00,0.0,0.0,0.0,0.0,0.0,0.0
13-12 04:00:00,0.0,0.0,0.0,0.0,0.0,0.0
13-12 05:00:00,0.0,0.0,0.0,0.0,0.0,0.0
13-12 06:00:00,0.0,0.0,0.0,0.0,0.0,0.0
13-12 07:00:00,0.0,0.0,0.0,0.0,0.0,0.0
13-12 08:00:00,0.0,0.0,0.0,0.0,0.0,0.0
13-12 09:00:00,11.0,30.85,22.81,20.83,40.18,25.133999999999997
13-12 10:00:00,142.0,47.0,128.0,61.0,274.0,130.4
13-12 11:00:00,363.0,152.0,149.0,257.0,524.0,289.0
13-12 12:00:00,258.0,728.0,469.0,331.0,743.0,505.8
13-12 13:00:00,562.0,886.0,597.0,222.0,924.0,638.2
13-12 14:00:00,102.0,1046.0,764.0,145.0,941.0,599.6
13-12 15:00:00,135.0,976.0,854.0,535.0,939.0,687.8
13-12 16:00:00,179.0,886.0,799.0,910.0,887.0,732.2
13-12 17:00:00,127.0,211.0,416.0,939.0,787.0,496.0
13-12 18:00:00,109.0,414.0,88.0,805.0,641.0,411.4
13-12 19:00:00,114.0,61.0,51.0,528.0,440.0,238.8
13-12 20:00:00,219.0,236.0,29.0,269.0,327.0,216.0
13-12 21:00:00,76.0,9.0,8.0,9.0,9.0,22.2
13-12 22:00:00,0.0,0.0,0.0,0.0,0.0,0.0
13-12 23:00:00,0.0,0.0,0.0,0.0,0.0,0.0
14-12 00:00:00,0.0,0.0,0.0,0.0,0.0,0.0
14-12 01:00:00,0.0,0.0,0.0,0.0,0.0,0.0
14-12 02:00:00,0.0,0.0,0.0,0.0,0.0,0.0
14-12 03:00:00,0.0,0.0,0.0,0.0,0.0,0.0
14-12 04:00:00,0.0,0.0,0.0,0.0,0.0,0.0
14-12 05:00:00,0.0,0.0,0.0,0.0,0.0,0.0
14-12 06:00:00,0.0,0.0,0.0,0.0,0.0,0.0
14-12 07:00:00,0.0,0.0,0.0,0.0,0.0,0.0
14-12 08:00:00,0.0,0.0,0.0,0.0,0.0,0.0
14-12 09:00:00,5.0,39.35,15.0,25.58,43.89,25.764
14-12 10:00:00,48.0,268.0,113.0,68.0,275.0,154.4
14-12 11:00:00,97.0,521.0,228.0,91.0,477.0,282.8
14-12 12:00:00,242.0,749.0,343.0,193.0,730.0,451.4
14-12 13:00:00,118.0,936.0,413.0,211.0,922.0,520.0
14-12 14:00:00,593.0,1041.0,683.0,807.0,1047.0,834.2
14-12 15:00:00,810.0,1054.0,577.0,678.0,1077.0,839.2
14-12 16:00:00,1021.0,1091.0,486.0,633.0,1020.0,850.2
14-12 17:00:00,816.0,886.0,332.0,407.0,914.0,671.0
14-12 18:00:00,788.0,825.0,157.0,537.0,763.0,614.0
14-12 19:00:00,574.0,58.0,51.0,185.0,542.0,282.0
14-12 20:00:00,286.0,165.0,214.0,30.0,233.0,185.6
14-12 21:00:00,66.0,15.0,9.0,19.0,61.0,34.0
14-12 22:00:00,0.0,0.0,0.0,0.0,0.0,0.0
14-12 23:00:00,0.0,0.0,0.0,0.0,0.0,0.0
15-12 00:00:00,0.0,0.0,0.0,0.0,0.0,0.0
15-12 01:00:00,0.0,0.0,0.0,0.0,0.0,0.0
15-12 02:00:00,0.0,0.0,0.0,0.0,0.0,0.0
15-12 03:00:00,0.0,0.0,0.0,0.0,0.0,0.0
15-12 04:00:00,0.0,0.0,0.0,0.0,0.0,0.0
15-12 05:00:00,0.0,0.0,0.0,0.0,0.0,0.0
15-12 06:00:00,0.0,0.0,0.0,0.0,0.0,0.0
15-12 07:00:00,0.0,0.0,0.0,0.0,0.0,0.0
15-12 08:00:00,0.0,0.0,0.0,0.0,0.0,0.0
15-12 09:00:00,30.05,34.77,4.0,4.0,34.21,21.406
15-12 10:00:00,249.0,216.0,93.0,64.0,262.0,176.8
15-12 11:00:00,516.0,426.0,270.0,193.0,524.0,385.8
15-12 12:00:00,761.0,694.0,444.0,383.0,747.0,605.8
15-12 13:00:00,931.0,891.0,437.0,520.0,939.0,743.6
15-12 14:00:00,1080.0,1008.0,531.0,811.0,1066.0,899.2
15-12 15:00:00,1142.0,1039.0,738.0,810.0,1103.0,966.4
15-12 16:00:00,1102.0,964.0,643.0,887.0,1087.0,936.6
15-12 17:00:00,960.0,926.0,733.0,871.0,984.0,894.8
15-12 18:00:00,773.0,776.0,283.0,412.0,837.0,616.2
15-12 19:00:00,568.0,447.0,82.0,64.0,576.0,347.4
15-12 20:00:00,309.0,199.0,30.0,250.0,272.0,212.0
15-12 21:00:00,85.0,14.0,9.0,9.0,35.0,30.4
15-12 22:00:00,0.0,0.0,0.0,0.0,0.0,0.0
15-12 23:00:00,0.0,0.0,0.0,0.0,0.0,0.0
16-12 00:00:00,0.0,0.0,0.0,0.0,0.0,0.0
16-12 01:00:00,0.0,0.0,0.0,0.0,0.0,0.0
16-12 02:00:00,0.0,0.0,0.0,0.0,0.0,0.0
16-12 03:00:00,0.0,0.0,0.0,0.0,0.0,0.0
16-12 04:00:00,0.0,0.0,0.0,0.0,0.0,0.0
16-12 05:00:00,0.0,0.0,0.0,0.0,0.0,0.0
16-12 06:00:00,0.0,0.0,0.0,0.0,0.0,0.0
16-12 07:00:00,0.0,0.0,0.0,0.0,0.0,0.0
16-12 08:00:00,0.0,0.0,0.0,0.0,0.0,0.0
16-12 09:00:00,39.11,15.0,4.0,5.0,29.06,18.434
16-12 10:00:00,264.0,123.0,83.0,27.0,272.0,153.8
16-12 11:00:00,526.0,310.0,96.0,61.0,523.0,303.2
16-12 12:00:00,751.0,512.0,268.0,154.0,750.0,487.0
16-12 13:00:00,935.0,667.0,493.0,309.0,938.0,668.4
16-12 14:00:00,1074.0,972.0,828.0,328.0,1066.0,853.6
16-12 15:00:00,1131.0,984.0,994.0,507.0,1091.0,941.4
16-12 16:00:00,1045.0,999.0,1040.0,785.0,958.0,965.4
16-12 17:00:00,906.0,1011.0,833.0,706.0,908.0,872.8
16-12 18:00:00,810.0,805.0,633.0,519.0,808.0,715.0
16-12 19:00:00,522.0,537.0,370.0,57.0,523.0,401.8
16-12 20:00:00,294.0,279.0,76.0,35.0,243.0,185.4
16-12 21:00:00,93.0,14.0,9.0,16.0,90.0,44.4
16-12 22:00:00,0.0,0.0,0.0,0.0,0.0,0.0
16-12 23:00:00,0.0,0.0,0.0,0.0,0.0,0.0
17-12 00:00:00,0.0,0.0,0.0,0.0,0.0,0.0
17-12 01:00:00,0.0,0.0,0.0,0.0,0.0,0.0
17-12 02:00:00,0.0,0.0,0.0,0.0,0.0,0.0
17-12 03:00:00,0.0,0.0,0.0,0.0,0.0,0.0
17-12 04:00:00,0.0,0.0,0.0,0.0,0.0,0.0
17-12 05:00:00,0.0,0.0,0.0,0.0,0.0,0.0
17-12 06:00:00,0.0,0.0,0.0,0.0,0.0,0.0
17-12 07:00:00,0.0,0.0,0.0,0.0,0.0,0.0
17-12 08:00:00,0.0,0.0,0.0,0.0,0.0,0.0
17-12 09:00:00,10.0,32.09,18.83,10.0,38.28,21.84
17-12 10:00:00,154.0,210.0,138.0,121.0,272.0,179.0
17-12 11:00:00,523.0,434.0,235.0,267.0,516.0,395.0
17-12 12:00:00,674.0,721.0,454.0,577.0,750.0,635.2
17-12 13:00:00,830.0,925.0,333.0,438.0,934.0,692.0
17-12 14:00:00,982.0,1064.0,847.0,993.0,1062.0,989.6
17-12 15:00:00,1074.0,1144.0,1029.0,986.0,1082.0,1063.0
17-12 16:00:00,937.0,1094.0,898.0,604.0,939.0,894.4
17-12 17:00:00,844.0,933.0,803.0,817.0,728.0,825.0
17-12 18:00:00,769.0,721.0,757.0,770.0,820.0,767.4
17-12 19:00:00,482.0,446.0,403.0,426.0,548.0,461.0
17-12 20:00:00,101.0,364.0,125.0,282.0,31.0,180.6
17-12 21:00:00,18.0,10.0,9.0,83.0,21.0,28.2
17-12 22:00:00,0.0,0.0,0.0,0.0,0.0,0.0
17-12 23:00:00,0.0,0.0,0.0,0.0,0.0,0.0
18-12 00:00:00,0.0,0.0,0.0,0.0,0.0,0.0
18-12 01:00:00,0.0,0.0,0.0,0.0,0.0,0.0
18-12 02:00:00,0.0,0.0,0.0,0.0,0.0,0.0
18-12 03:00:00,0.0,0.0,0.0,0.0,0.0,0.0
18-12 04:00:00,0.0,0.0,0.0,0.0,0.0,0.0
18-12 05:00:00,0.0,0.0,0.0,0.0,0.0,0.0
18-12 06:00:00,0.0,0.0,0.0,0.0,0.0,0.0
18-12 07:00:00,0.0,0.0,0.0,0.0,0.0,0.0
18-12 08:00:00,0.0,0.0,0.0,0.0,0.0,0.0
18-12 09:00:00,27.1,34.18,14.0,25.35,31.29,26.383999999999997
18-12 10:00:00,219.0,214.0,144.0,264.0,244.0,217.0
18-12 11:00:00,516.0,468.0,376.0,402.0,412.0,434.8
18-12 12:00:00,740.0,694.0,610.0,663.0,728.0,687.0
18-12 13:00:00,923.0,889.0,831.0,508.0,923.0,814.8
18-12 14:00:00,1051.0,1002.0,982.0,708.0,1044.0,957.4
18-12 15:00:00,1071.0,979.0,766.0,1010.0,1083.0,981.8
18-12 16:00:00,991.0,978.0,742.0,855.0,1045.0,922.2
18-12 17:00:00,784.0,782.0,521.0,686.0,1009.0,756.4
18-12 18:00:00,410.0,503.0,577.0,406.0,420.0,463.2
18-12 19:00:00,59.0,375.0,86.0,52.0,563.0,227.0
18-12 20:00:00,31.0,338.0,98.0,31.0,276.0,154.8
18-12 21:00:00,10.0,87.0,9.0,9.0,79.0,38.8
18-12 22:00:00,0.0,0.0,0.0,0.0,0.0,0.0
18-12 23:00:00,0.0,0.0,0.0,0.0,0.0,0.0
19-12 00:00:00,0.0,0.0,0.0,0.0,0.0,0.0
19-12 01:00:00,0.0,0.0,0.0,0.0,0.0,0.0
19-12 02:00:00,0.0,0.0,0.0,0.0,0.0,0.0
19-12 03:00:00,0.0,0.0,0.0,0.0,0.0,0.0
19-12 04:00:00,0.0,0.0,0.0,0.0,0.0,0.0
19-12 05:00:00,0.0,0.0,0.0,0.0,0.0,0.0
19-12 06:00:00,0.0,0.0,0.0,0.0,0.0,0.0
19-12 07:00:00,0.0,0.0,0.0,0.0,0.0,0.0
19-12 08:00:00,0.0,0.0,0.0,0.0,0.0,0.0
19-12 09:00:00,37.16,5.0,6.0,28.8,30.32,21.456
19-12 10:00:00,146.0,32.0,48.0,199.0,193.0,123.6
19-12 11:00:00,292.0,360.0,328.0,362.0,404.0,349.2
19-12 12:00:00,572.0,135.0,415.0,239.0,504.0,373.0
19-12 13:00:00,625.0,880.0,546.0,658.0,902.0,722.2
19-12 14:00:00,634.0,978.0,635.0,767.0,1017.0,806.2
19-12 15:00:00,720.0,1071.0,754.0,810.0,1066.0,884.2
19-12 16:00:00,753.0,883.0,634.0,975.0,807.0,810.4
19-12 17:00:00,470.0,490.0,334.0,664.0,796.0,550.8
19-12 18:00:00,468.0,76.0,152.0,616.0,136.0,289.6
19-12 19:00:00,220.0,53.0,181.0,175.0,430.0,211.8
19-12 20:00:00,37.0,38.0,31.0,31.0,237.0,74.8
19-12 21:00:00,16.0,26.0,9.0,9.0,48.0,21.6
19-12 22:00:00,0.0,0.0,0.0,0.0,0.0,0.0
19-12 23:00:00,0.0,0.0,0.0,0.0,0.0,0.0
20-12 00:00:00,0.0,0.0,0.0,0.0,0.0,0.0
20-12 01:00:00,0.0,0.0,0.0,0.0,0.0,0.0
20-12 02:00:00,0.0,0.0,0.0,0.0,0.0,0.0
20-12 03:00:00,0.0,0.0,0.0,0.0,0.0,0.0
20-12 04:00:00,0.0,0.0,0.0,0.0,0.0,0.0
20-12 05:00:00,0.0,0.0,0.0,0.0,0.0,0.0
20-12 06:00:00,0.0,0.0,0.0,0.0,0.0,0.0
20-12 07:00:00,0.0,0.0,0.0,0.0,0.0,0.0
20-12 08:00:00,0.0,0.0,0.0,0.0,0.0,0.0
20-12 09:00:00,23.57,23.38,3.0,18.0,4.0,14.39
20-12 10:00:00,92.0,100.0,23.0,152.0,23.0,78.0
20-12 11:00:00,182.0,314.0,162.0,252.0,58.0,193.6
20-12 12:00:00,320.0,586.0,457.0,369.0,282.0,402.8
20-12 13:00:00,446.0,836.0,534.0,457.0,510.0,556.6
20-12 14:00:00,793.0,705.0,1007.0,492.0,669.0,733.2
20-12 15:00:00,720.0,1086.0,1007.0,583.0,818.0,842.8
20-12 16:00:00,894.0,1033.0,924.0,380.0,978.0,841.8
20-12 17:00:00,836.0,672.0,765.0,404.0,878.0,711.0
20-12 18:00:00,678.0,755.0,627.0,352.0,545.0,591.4
20-12 19:00:00,404.0,452.0,433.0,52.0,519.0,372.0
20-12 20:00:00,31.0,129.0,83.0,31.0,106.0,76.0
20-12 21:00:00,10.0,10.0,10.0,10.0,10.0,10.0
20-12 22:00:00,0.0,0.0,0.0,0.0,0.0,0.0
20-12 23:00:00,0.0,0.0,0.0,0.0,0.0,0.0
21-12 00:00:00,0.0,0.0,0.0,0.0,0.0,0.0
21-12 01:00:00,0.0,0.0,0.0,0.0,0.0,0.0
21-12 02:00:00,0.0,0.0,0.0,0.0,0.0,0.0
21-12 03:00:00,0.0,0.0,0.0,0.0,0.0,0.0
21-12 04:00:00,0.0,0.0,0.0,0.0,0.0,0.0
21-12 05:00:00,0.0,0.0,0.0,0.0,0.0,0.0
21-12 06:00:00,0.0,0.0,0.0,0.0,0.0,0.0
21-12 07:00:00,0.0,0.0,0.0,0.0,0.0,0.0
21-12 08:00:00,0.0,0.0,0.0,0.0,0.0,0.0
21-12 09:00:00,26.84,11.0,30.07,10.0,5.0,16.582
21-12 10:00:00,203.0,134.0,251.0,82.0,23.0,138.6
21-12 11:00:00,480.0,226.0,491.0,134.0,45.0,275.2
21-12 12:00:00,715.0,528.0,604.0,183.0,91.0,424.2
21-12 13:00:00,885.0,685.0,774.0,157.0,116.0,523.4
21-12 14:00:00,1009.0,841.0,1050.0,166.0,193.0,651.8
21-12 15:00:00,977.0,662.0,1091.0,651.0,494.0,775.0
21-12 16:00:00,1048.0,387.0,1072.0,756.0,510.0,754.6
21-12 17:00:00,417.0,130.0,952.0,583.0,319.0,480.2
21-12 18:00:00,72.0,342.0,792.0,337.0,135.0,335.6
21-12 19:00:00,133.0,53.0,149.0,263.0,163.0,152.2
21-12 20:00:00,31.0,91.0,31.0,357.0,54.0,112.8
21-12 21:00:00,10.0,107.0,10.0,112.0,10.0,49.8
21-12 22:00:00,0.0,0.0,0.0,0.0,0.0,0.0
21-12 23:00:00,0.0,0.0,0.0,0.0,0.0,0.0
22-12 00:00:00,0.0,0.0,0.0,0.0,0.0,0.0
22-12 01:00:00,0.0,0.0,0.0,0.0,0.0,0.0
22-12 02:00:00,0.0,0.0,0.0,0.0,0.0,0.0
22-12 03:00:00,0.0,0.0,0.0,0.0,0.0,0.0
22-12 04:00:00,0.0,0.0,0.0,0.0,0.0,0.0
22-12 05:00:00,0.0,0.0,0.0,0.0,0.0,0.0
22-12 06:00:00,0.0,0.0,0.0,0.0,0.0,0.0
22-12 07:00:00,0.0,0.0,0.0,0.0,0.0,0.0
22-12 08:00:00,0.0,0.0,0.0,0.0,0.0,0.0
22-12 09:00:00,25.86,25.09,19.8,28.51,8.0,21.452
22-12 10:00:00,139.0,147.0,230.0,232.0,85.0,166.6
22-12 11:00:00,438.0,152.0,321.0,439.0,233.0,316.6
22-12 12:00:00,658.0,375.0,641.0,716.0,401.0,558.2
22-12 13:00:00,904.0,618.0,882.0,840.0,554.0,759.6
22-12 14:00:00,1054.0,639.0,984.0,1001.0,729.0,881.4
22-12 15:00:00,1123.0,871.0,986.0,1098.0,721.0,959.8
22-12 16:00:00,1084.0,755.0,871.0,897.0,576.0,836.6
22-12 17:00:00,834.0,915.0,787.0,795.0,817.0,829.6
22-12 18:00:00,344.0,689.0,642.0,769.0,606.0,610.0
22-12 19:00:00,77.0,480.0,412.0,322.0,177.0,293.6
22-12 20:00:00,31.0,116.0,31.0,289.0,71.0,107.6
22-12 21:00:00,10.0,10.0,10.0,24.0,10.0,12.8
22-12 22:00:00,0.0,0.0,0.0,0.0,0.0,0.0
22-12 23:00:00,0.0,0.0,0.0,0.0,0.0,0.0
23-12 00:00:00,0.0,0.0,0.0,0.0,0.0,0.0
23-12 01:00:00,0.0,0.0,0.0,0.0,0.0,0.0
23-12 02:00:00,0.0,0.0,0.0,0.0,0.0,0.0
23-12 03:00:00,0.0,0.0,0.0,0.0,0.0,0.0
23-12 04:00:00,0.0,0.0,0.0,0.0,0.0,0.0
23-12 05:00:00,0.0,0.0,0.0,0.0,0.0,0.0
23-12 06:00:00,0.0,0.0,0.0,0.0,0.0,0.0
23-12 07:00:00,0.0,0.0,0.0,0.0,0.0,0.0
23-12 08:00:00,0.0,0.0,0.0,0.0,0.0,0.0
23-12 09:00:00,12.0,9.0,4.0,32.07,8.0,13.014
23-12 10:00:00,117.0,44.0,207.0,260.0,81.0,141.8
23-12 11:00:00,295.0,109.0,349.0,490.0,166.0,281.8
23-12 12:00:00,514.0,263.0,323.0,527.0,380.0,401.4
23-12 13:00:00,861.0,391.0,423.0,797.0,602.0,614.8
23-12 14:00:00,984.0,686.0,781.0,1023.0,742.0,843.2
23-12 15:00:00,1035.0,633.0,1029.0,1123.0,908.0,945.6
23-12 16:00:00,759.0,381.0,933.0,1047.0,916.0,807.2
23-12 17:00:00,788.0,510.0,460.0,862.0,669.0,657.8
23-12 18:00:00,632.0,498.0,72.0,797.0,594.0,518.6
23-12 19:00:00,429.0,319.0,53.0,320.0,307.0,285.6
23-12 20:00:00,134.0,31.0,70.0,271.0,157.0,132.6
23-12 21:00:00,10.0,10.0,10.0,10.0,10.0,10.0
23-12 22:00:00,0.0,0.0,0.0,0.0,0.0,0.0
23-12 23:00:00,0.0,0.0,0.0,0.0,0.0,0.0
24-12 00:00:00,0.0,0.0,0.0,0.0,0.0,0.0
24-12 01:00:00,0.0,0.0,0.0,0.0,0.0,0.0
24-12 02:00:00,0.0,0.0,0.0,0.0,0.0,0.0
24-12 03:00:00,0.0,0.0,0.0,0.0,0.0,0.0
24-12 04:00:00,0.0,0.0,0.0,0.0,0.0,0.0
24-12 05:00:00,0.0,0.0,0.0,0.0,0.0,0.0
24-12 06:00:00,0.0,0.0,0.0,0.0,0.0,0.0
24-12 07:00:00,0.0,0.0,0.0,0.0,0.0,0.0
24-12 08:00:00,0.0,0.0,0.0,0.0,0.0,0.0
24-12 09:00:00,18.8,10.0,6.0,24.08,18.8,15.535999999999998
24-12 10:00:00,44.0,90.0,31.0,251.0,106.0,104.4
24-12 11:00:00,229.0,277.0,189.0,509.0,232.0,287.2
24-12 12:00:00,578.0,570.0,228.0,718.0,682.0,555.2
24-12 13:00:00,903.0,822.0,185.0,732.0,832.0,694.8
24-12 14:00:00,1049.0,566.0,539.0,885.0,757.0,759.2
24-12 15:00:00,962.0,679.0,645.0,1094.0,685.0,813.0
24-12 16:00:00,1092.0,720.0,267.0,774.0,573.0,685.2
24-12 17:00:00,962.0,789.0,142.0,195.0,739.0,565.4
24-12 18:00:00,810.0,748.0,220.0,92.0,792.0,532.4
24-12 19:00:00,565.0,546.0,69.0,167.0,207.0,310.8
24-12 20:00:00,317.0,343.0,31.0,32.0,38.0,152.2
24-12 21:00:00,114.0,10.0,10.0,12.0,10.0,31.2
24-12 22:00:00,0.0,0.0,0.0,0.0,0.0,0.0
24-12 23:00:00,0.0,0.0,0.0,0.0,0.0,0.0
25-12 00:00:00,0.0,0.0,0.0,0.0,0.0,0.0
25-12 01:00:00,0.0,0.0,0.0,0.0,0.0,0.0
25-12 02:00:00,0.0,0.0,0.0,0.0,0.0,0.0
25-12 03:00:00,0.0,0.0,0.0,0.0,0.0,0.0
25-12 04:00:00,0.0,0.0,0.0,0.0,0.0,0.0
25-12 05:00:00,0.0,0.0,0.0,0.0,0.0,0.0
25-12 06:00:00,0.0,0.0,0.0,0.0,0.0,0.0
25-12 07:00:00,0.0,0.0,0.0,0.0,0.0,0.0
25-12 08:00:00,0.0,0.0,0.0,0.0,0.0,0.0
25-12 09:00:00,6.0,9.0,27.27,26.35,15.0,16.724
25-12 10:00:00,138.0,95.0,254.0,254.0,163.0,180.8
25-12 11:00:00,472.0,190.0,506.0,471.0,429.0,413.6
25-12 12:00:00,719.0,443.0,760.0,544.0,711.0,635.4
25-12 13:00:00,842.0,770.0,957.0,739.0,903.0,842.2
25-12 14:00:00,575.0,698.0,957.0,1060.0,1027.0,863.4
25-12 15:00:00,594.0,685.0,1081.0,1057.0,991.0,881.6
25-12 16:00:00,1071.0,1064.0,1071.0,786.0,1042.0,1006.8
25-12 17:00:00,735.0,770.0,943.0,502.0,899.0,769.8
25-12 18:00:00,434.0,448.0,814.0,72.0,72.0,368.0
25-12 19:00:00,363.0,154.0,564.0,53.0,98.0,246.4
25-12 20:00:00,36.0,84.0,372.0,32.0,103.0,125.4
25-12 21:00:00,66.0,11.0,121.0,10.0,10.0,43.6
25-12 22:00:00,0.0,0.0,0.0,0.0,0.0,0.0
25-12 23:00:00,0.0,0.0,0.0,0.0,0.0,0.0
26-12 00:00:00,0.0,0.0,0.0,0.0,0.0,0.0
26-12 01:00:00,0.0,0.0,0.0,0.0,0.0,0.0
26-12 02:00:00,0.0,0.0,0.0,0.0,0.0,0.0
26-12 03:00:00,0.0,0.0,0.0,0.0,0.0,0.0
26-12 04:00:00,0.0,0.0,0.0,0.0,0.0,0.0
26-12 05:00:00,0.0,0.0,0.0,0.0,0.0,0.0
26-12 06:00:00,0.0,0.0,0.0,0.0,0.0,0.0
26-12 07:00:00,0.0,0.0,0.0,0.0,0.0,0.0
26-12 08:00:00,0.0,0.0,0.0,0.0,0.0,0.0
26-12 09:00:00,15.83,6.0,24.78,14.84,16.81,15.652000000000001
26-12 10:00:00,225.0,66.0,253.0,50.0,114.0,141.6
26-12 11:00:00,494.0,209.0,503.0,209.0,394.0,361.8
26-12 12:00:00,721.0,372.0,749.0,313.0,711.0,573.2
26-12 13:00:00,905.0,704.0,925.0,417.0,885.0,767.2
26-12 14:00:00,806.0,797.0,954.0,342.0,1013.0,782.4
26-12 15:00:00,534.0,723.0,1148.0,467.0,1038.0,782.0
26-12 16:00:00,133.0,1035.0,1087.0,239.0,1035.0,705.8
26-12 17:00:00,113.0,999.0,979.0,178.0,868.0,627.4
26-12 18:00:00,114.0,424.0,804.0,121.0,543.0,401.2
26-12 19:00:00,155.0,157.0,612.0,85.0,105.0,222.8
26-12 20:00:00,35.0,32.0,377.0,39.0,34.0,103.4
26-12 21:00:00,103.0,11.0,118.0,10.0,11.0,50.6
26-12 22:00:00,0.0,0.0,0.0,0.0,0.0,0.0
26-12 23:00:00,0.0,0.0,0.0,0.0,0.0,0.0
27-12 00:00:00,0.0,0.0,0.0,0.0,0.0,0.0
27-12 01:00:00,0.0,0.0,0.0,0.0,0.0,0.0
27-12 02:00:00,0.0,0.0,0.0,0.0,0.0,0.0
27-12 03:00:00,0.0,0.0,0.0,0.0,0.0,0.0
27-12 04:00:00,0.0,0.0,0.0,0.0,0.0,0.0
27-12 05:00:00,0.0,0.0,0.0,0.0,0.0,0.0
27-12 06:00:00,0.0,0.0,0.0,0.0,0.0,0.0
27-12 07:00:00,0.0,0.0,0.0,0.0,0.0,0.0
27-12 08:00:00,0.0,0.0,0.0,0.0,0.0,0.0
27-12 09:00:00,22.86,25.18,23.8,13.0,22.86,21.54
27-12 10:00:00,244.0,210.0,197.0,75.0,235.0,192.2
27-12 11:00:00,494.0,434.0,500.0,173.0,485.0,417.2
27-12 12:00:00,726.0,714.0,745.0,320.0,707.0,642.4
27-12 13:00:00,893.0,682.0,955.0,504.0,919.0,790.6
27-12 14:00:00,995.0,751.0,1060.0,533.0,997.0,867.2
27-12 15:00:00,1037.0,825.0,1123.0,771.0,940.0,939.2
27-12 16:00:00,1029.0,886.0,1084.0,691.0,579.0,853.8
27-12 17:00:00,969.0,793.0,1004.0,896.0,192.0,770.8
27-12 18:00:00,809.0,434.0,835.0,662.0,115.0,571.0
27-12 19:00:00,596.0,65.0,605.0,428.0,88.0,356.4
27-12 20:00:00,367.0,32.0,372.0,32.0,59.0,172.4
27-12 21:00:00,77.0,11.0,125.0,11.0,118.0,68.4
27-12 22:00:00,0.0,0.0,0.0,0.0,0.0,0.0
27-12 23:00:00,0.0,0.0,0.0,0.0,0.0,0.0
28-12 00:00:00,0.0,0.0,0.0,0.0,0.0,0.0
28-12 01:00:00,0.0,0.0,0.0,0.0,0.0,0.0
28-12 02:00:00,0.0,0.0,0.0,0.0,0.0,0.0
28-12 03:00:00,0.0,0.0,0.0,0.0,0.0,0.0
28-12 04:00:00,0.0,0.0,0.0,0.0,0.0,0.0
28-12 05:00:00,0.0,0.0,0.0,0.0,0.0,0.0
28-12 06:00:00,0.0,0.0,0.0,0.0,0.0,0.0
28-12 07:00:00,0.0,0.0,0.0,0.0,0.0,0.0
28-12 08:00:00,0.0,0.0,0.0,0.0,0.0,0.0
28-12 09:00:00,18.58,6.0,19.37,13.0,23.59,16.108
28-12 10:00:00,254.0,60.0,148.0,105.0,237.0,160.8
28-12 11:00:00,491.0,134.0,264.0,244.0,471.0,320.8
28-12 12:00:00,722.0,231.0,346.0,571.0,694.0,512.8
28-12 13:00:00,914.0,242.0,510.0,866.0,883.0,683.0
28-12 14:00:00,981.0,327.0,1069.0,1015.0,1035.0,885.4
28-12 15:00:00,1023.0,362.0,950.0,1070.0,1079.0,896.8
28-12 16:00:00,1065.0,402.0,905.0,1010.0,1036.0,883.6
28-12 17:00:00,971.0,356.0,549.0,947.0,955.0,755.6
28-12 18:00:00,848.0,223.0,237.0,783.0,816.0,581.4
28-12 19:00:00,629.0,406.0,54.0,573.0,614.0,455.2
28-12 20:00:00,327.0,107.0,56.0,359.0,266.0,223.0
28-12 21:00:00,104.0,11.0,88.0,71.0,67.0,68.2
28-12 22:00:00,0.0,0.0,0.0,0.0,0.0,0.0
28-12 23:00:00,0.0,0.0,0.0,0.0,0.0,0.0
29-12 00:00:00,0.0,0.0,0.0,0.0,0.0,0.0
29-12 01:00:00,0.0,0.0,0.0,0.0,0.0,0.0
29-12 02:00:00,0.0,0.0,0.0,0.0,0.0,0.0
29-12 03:00:00,0.0,0.0,0.0,0.0,0.0,0.0
29-12 04:00:00,0.0,0.0,0.0,0.0,0.0,0.0
29-12 05:00:00,0.0,0.0,0.0,0.0,0.0,0.0
29-12 06:00:00,0.0,0.0,0.0,0.0,0.0,0.0
29-12 07:00:00,0.0,0.0,0.0,0.0,0.0,0.0
29-12 08:00:00,0.0,0.0,0.0,0.0,0.0,0.0
29-12 09:00:00,20.13,21.69,22.61,13.0,18.38,19.162
29-12 10:00:00,173.0,241.0,152.0,50.0,238.0,170.8
29-12 11:00:00,501.0,454.0,286.0,115.0,486.0,368.4
29-12 12:00:00,718.0,731.0,382.0,363.0,713.0,581.4
29-12 13:00:00,909.0,851.0,672.0,642.0,894.0,793.6
29-12 14:00:00,1030.0,944.0,1062.0,796.0,1004.0,967.2
29-12 15:00:00,1074.0,895.0,691.0,712.0,775.0,829.4
29-12 16:00:00,1073.0,1045.0,1021.0,776.0,953.0,973.6
29-12 17:00:00,918.0,943.0,898.0,529.0,550.0,767.6
29-12 18:00:00,828.0,816.0,343.0,351.0,140.0,495.6
29-12 19:00:00,637.0,616.0,584.0,444.0,152.0,486.6
29-12 20:00:00,355.0,313.0,194.0,223.0,175.0,252.0
29-12 21:00:00,104.0,23.0,11.0,14.0,11.0,32.6
29-12 22:00:00,0.0,0.0,0.0,0.0,0.0,0.0
29-12 23:00:00,0.0,0.0,0.0,0.0,0.0,0.0
30-12 00:00:00,0.0,0.0,0.0,0.0,0.0,0.0
30-12 01:00:00,0.0,0.0,0.0,0.0,0.0,0.0
30-12 02:00:00,0.0,0.0,0.0,0.0,0.0,0.0
30-12 03:00:00,0.0,0.0,0.0,0.0,0.0,0.0
30-12 04:00:00,0.0,0.0,0.0,0.0,0.0,0.0
30-12 05:00:00,0.0,0.0,0.0,0.0,0.0,0.0
30-12 06:00:00,0.0,0.0,0.0,0.0,0.0,0.0
30-12 07:00:00,0.0,0.0,0.0,0.0,0.0,0.0
30-12 08:00:00,0.0,0.0,0.0,0.0,0.0,0.0
30-12 09:00:00,2.0,22.29,21.64,3.0,19.32,13.65
30-12 10:00:00,156.0,237.0,124.0,21.0,226.0,152.8
30-12 11:00:00,366.0,481.0,313.0,63.0,418.0,328.2
30-12 12:00:00,661.0,723.0,362.0,146.0,662.0,510.8
30-12 13:00:00,899.0,922.0,531.0,217.0,832.0,680.2
30-12 14:00:00,998.0,1042.0,449.0,325.0,997.0,762.2
30-12 15:00:00,958.0,1046.0,534.0,407.0,1064.0,801.8
30-12 16:00:00,785.0,1058.0,672.0,470.0,1034.0,803.8
30-12 17:00:00,859.0,945.0,308.0,553.0,943.0,721.6
30-12 18:00:00,786.0,750.0,284.0,433.0,549.0,560.4
30-12 19:00:00,291.0,635.0,171.0,71.0,515.0,336.6
30-12 20:00:00,336.0,280.0,32.0,85.0,214.0,189.4
30-12 21:00:00,110.0,12.0,11.0,11.0,64.0,41.6
30-12 22:00:00,0.0,0.0,0.0,0.0,0.0,0.0
30-12 23:00:00,0.0,0.0,0.0,0.0,0.0,0.0
31-12 00:00:00,0.0,0.0,0.0,0.0,0.0,0.0
31-12 01:00:00,0.0,0.0,0.0,0.0,0.0,0.0
31-12 02:00:00,0.0,0.0,0.0,0.0,0.0,0.0
31-12 03:00:00,0.0,0.0,0.0,0.0,0.0,0.0
31-12 04:00:00,0.0,0.0,0.0,0.0,0.0,0.0
31-12 05:00:00,0.0,0.0,0.0,0.0,0.0,0.0
31-12 06:00:00,0.0,0.0,0.0,0.0,0.0,0.0
31-12 07:00:00,0.0,0.0,0.0,0.0,0.0,0.0
31-12 08:00:00,0.0,0.0,0.0,0.0,0.0,0.0
31-12 09:00:00,12.0,2.0,19.11,4.0,5.0,8.422
31-12 10:00:00,199.0,121.0,112.0,61.0,26.0,103.8
31-12 11:00:00,292.0,401.0,348.0,410.0,48.0,299.8
31-12 12:00:00,357.0,529.0,505.0,659.0,122.0,434.4
31-12 13:00:00,548.0,579.0,431.0,627.0,231.0,483.2
31-12 14:00:00,817.0,881.0,639.0,832.0,297.0,693.2
31-12 15:00:00,1075.0,1089.0,575.0,972.0,478.0,837.8
31-12 16:00:00,689.0,1054.0,686.0,847.0,861.0,827.4
31-12 17:00:00,664.0,968.0,601.0,189.0,801.0,644.6
31-12 18:00:00,396.0,812.0,499.0,83.0,591.0,476.2
31-12 19:00:00,54.0,478.0,195.0,54.0,473.0,250.8
31-12 20:00:00,33.0,236.0,69.0,33.0,242.0,122.6
31-12 21:00:00,17.0,12.0,11.0,11.0,103.0,30.8
31-12 22:00:00,0.0,0.0,0.0,0.0,0.0,0.0
31-12 23:00:00,0.0,0.0,0.0,0.0,0.0,0.0
