,2019,2020,2021,2022,2023,mean
01-01 00:00:00,0.0,0.0,0.0,0.0,0.0,0.0
01-01 01:00:00,0.0,0.0,0.0,0.0,0.0,0.0
01-01 02:00:00,0.0,0.0,0.0,0.0,0.0,0.0
01-01 03:00:00,0.0,0.0,0.0,0.0,0.0,0.0
01-01 04:00:00,0.0,0.0,0.0,0.0,0.0,0.0
01-01 05:00:00,0.0,0.0,0.0,0.0,0.0,0.0
01-01 06:00:00,0.0,0.0,0.0,0.0,0.0,0.0
01-01 07:00:00,0.0,0.0,0.0,0.0,0.0,0.0
01-01 08:00:00,0.0,0.0,0.0,0.0,0.0,0.0
01-01 09:00:00,6.0,6.0,21.24,5.0,13.81,10.41
01-01 10:00:00,132.0,247.0,237.0,149.0,142.0,181.4
01-01 11:00:00,306.0,487.0,492.0,250.0,166.0,340.2
01-01 12:00:00,491.0,694.0,720.0,231.0,241.0,475.4
01-01 13:00:00,510.0,813.0,905.0,129.0,417.0,554.8
01-01 14:00:00,519.0,919.0,1051.0,147.0,651.0,657.4
01-01 15:00:00,927.0,998.0,906.0,258.0,944.0,806.6
01-01 16:00:00,1026.0,1042.0,272.0,300.0,989.0,725.8
01-01 17:00:00,814.0,947.0,112.0,263.0,985.0,624.2
01-01 18:00:00,95.0,736.0,131.0,91.0,673.0,345.2
01-01 19:00:00,467.0,384.0,55.0,86.0,551.0,308.6
01-01 20:00:00,33.0,114.0,33.0,33.0,378.0,118.2
01-01 21:00:00,12.0,12.0,12.0,12.0,102.0,30.0
01-01 22:00:00,0.0,0.0,0.0,0.0,0.0,0.0
01-01 23:00:00,0.0,0.0,0.0,0.0,0.0,0.0
02-01 00:00:00,0.0,0.0,0.0,0.0,0.0,0.0
02-01 01:00:00,0.0,0.0,0.0,0.0,0.0,0.0
02-01 02:00:00,0.0,0.0,0.0,0.0,0.0,0.0
02-01 03:00:00,0.0,0.0,0.0,0.0,0.0,0.0
02-01 04:00:00,0.0,0.0,0.0,0.0,0.0,0.0
02-01 05:00:00,0.0,0.0,0.0,0.0,0.0,0.0
02-01 06:00:00,0.0,0.0,0.0,0.0,0.0,0.0
02-01 07:00:00,0.0,0.0,0.0,0.0,0.0,0.0
02-01 08:00:00,0.0,0.0,0.0,0.0,0.0,0.0
02-01 09:00:00,4.0,6.0,3.0,2.0,10.0,5.0
02-01 10:00:00,241.0,162.0,110.0,120.0,237.0,174.0
02-01 11:00:00,474.0,268.0,223.0,342.0,412.0,343.8
02-01 12:00:00,440.0,257.0,613.0,389.0,378.0,415.4
02-01 13:00:00,704.0,593.0,881.0,810.0,575.0,712.6
02-01 14:00:00,890.0,662.0,811.0,1028.0,837.0,845.6
02-01 15:00:00,868.0,700.0,1119.0,650.0,991.0,865.6
02-01 16:00:00,612.0,892.0,994.0,744.0,948.0,838.0
02-01 17:00:00,656.0,866.0,822.0,625.0,726.0,739.0
02-01 18:00:00,816.0,423.0,724.0,208.0,348.0,503.8
02-01 19:00:00,615.0,155.0,590.0,293.0,55.0,341.6
02-01 20:00:00,329.0,33.0,162.0,33.0,33.0,118.0
02-01 21:00:00,12.0,12.0,127.0,12.0,12.0,35.0
02-01 22:00:00,0.0,0.0,0.0,0.0,0.0,0.0
02-01 23:00:00,0.0,0.0,0.0,0.0,0.0,0.0
03-01 00:00:00,0.0,0.0,0.0,0.0,0.0,0.0
03-01 01:00:00,0.0,0.0,0.0,0.0,0.0,0.0
03-01 02:00:00,0.0,0.0,0.0,0.0,0.0,0.0
03-01 03:00:00,0.0,0.0,0.0,0.0,0.0,0.0
03-01 04:00:00,0.0,0.0,0.0,0.0,0.0,0.0
03-01 05:00:00,0.0,0.0,0.0,0.0,0.0,0.0
03-01 06:00:00,0.0,0.0,0.0,0.0,0.0,0.0
03-01 07:00:00,0.0,0.0,0.0,0.0,0.0,0.0
03-01 08:00:00,0.0,0.0,0.0,0.0,0.0,0.0
03-01 09:00:00,9.0,5.0,12.81,10.84,10.0,9.530000000000001
03-01 10:00:00,230.0,226.0,224.0,215.0,39.0,186.8
03-01 11:00:00,499.0,374.0,472.0,358.0,144.0,369.4
03-01 12:00:00,721.0,499.0,702.0,442.0,221.0,517.0
03-01 13:00:00,913.0,462.0,716.0,799.0,812.0,740.4
03-01 14:00:00,1033.0,702.0,1050.0,777.0,893.0,891.0
03-01 15:00:00,1104.0,637.0,468.0,1050.0,604.0,772.6
03-01 16:00:00,1064.0,907.0,196.0,1080.0,209.0,691.2
03-01 17:00:00,882.0,885.0,568.0,866.0,116.0,663.4
03-01 18:00:00,804.0,792.0,528.0,744.0,99.0,593.4
03-01 19:00:00,590.0,497.0,55.0,441.0,94.0,335.4
03-01 20:00:00,313.0,247.0,34.0,365.0,33.0,198.4
03-01 21:00:00,46.0,19.0,12.0,130.0,12.0,43.8
03-01 22:00:00,0.0,0.0,0.0,0.0,0.0,0.0
03-01 23:00:00,0.0,0.0,0.0,0.0,0.0,0.0
04-01 00:00:00,0.0,0.0,0.0,0.0,0.0,0.0
04-01 01:00:00,0.0,0.0,0.0,0.0,0.0,0.0
04-01 02:00:00,0.0,0.0,0.0,0.0,0.0,0.0
04-01 03:00:00,0.0,0.0,0.0,0.0,0.0,0.0
04-01 04:00:00,0.0,0.0,0.0,0.0,0.0,0.0
04-01 05:00:00,0.0,0.0,0.0,0.0,0.0,0.0
04-01 06:00:00,0.0,0.0,0.0,0.0,0.0,0.0
04-01 07:00:00,0.0,0.0,0.0,0.0,0.0,0.0
04-01 08:00:00,0.0,0.0,0.0,0.0,0.0,0.0
04-01 09:00:00,6.0,9.0,4.0,5.0,6.0,6.0
04-01 10:00:00,243.0,88.0,79.0,207.0,122.0,147.8
04-01 11:00:00,460.0,82.0,157.0,260.0,95.0,210.8
04-01 12:00:00,689.0,201.0,199.0,425.0,232.0,349.2
04-01 13:00:00,753.0,456.0,441.0,543.0,318.0,502.2
04-01 14:00:00,1028.0,433.0,489.0,848.0,381.0,635.8
04-01 15:00:00,1070.0,420.0,311.0,775.0,981.0,711.4
04-01 16:00:00,816.0,322.0,324.0,682.0,868.0,602.4
04-01 17:00:00,159.0,311.0,307.0,754.0,659.0,438.0
04-01 18:00:00,148.0,473.0,174.0,465.0,133.0,278.6
04-01 19:00:00,532.0,303.0,239.0,306.0,117.0,299.4
04-01 20:00:00,34.0,33.0,36.0,49.0,122.0,54.8
04-01 21:00:00,12.0,12.0,13.0,12.0,118.0,33.4
04-01 22:00:00,0.0,0.0,0.0,0.0,0.0,0.0
04-01 23:00:00,0.0,0.0,0.0,0.0,0.0,0.0
05-01 00:00:00,0.0,0.0,0.0,0.0,0.0,0.0
05-01 01:00:00,0.0,0.0,0.0,0.0,0.0,0.0
05-01 02:00:00,0.0,0.0,0.0,0.0,0.0,0.0
05-01 03:00:00,0.0,0.0,0.0,0.0,0.0,0.0
05-01 04:00:00,0.0,0.0,0.0,0.0,0.0,0.0
05-01 05:00:00,0.0,0.0,0.0,0.0,0.0,0.0
05-01 06:00:00,0.0,0.0,0.0,0.0,0.0,0.0
05-01 07:00:00,0.0,0.0,0.0,0.0,0.0,0.0
05-01 08:00:00,0.0,0.0,0.0,0.0,0.0,0.0
05-01 09:00:00,3.0,7.0,3.0,11.0,10.0,6.8
05-01 10:00:00,81.0,21.0,26.0,236.0,129.0,98.6
05-01 11:00:00,128.0,231.0,249.0,361.0,268.0,247.4
05-01 12:00:00,482.0,89.0,347.0,370.0,398.0,337.2
05-01 13:00:00,332.0,88.0,570.0,764.0,611.0,473.0
05-01 14:00:00,559.0,260.0,991.0,954.0,616.0,676.0
05-01 15:00:00,304.0,195.0,978.0,1016.0,613.0,621.2
05-01 16:00:00,798.0,987.0,886.0,1091.0,566.0,865.6
05-01 17:00:00,470.0,451.0,700.0,973.0,679.0,654.6
05-01 18:00:00,580.0,628.0,746.0,733.0,676.0,672.6
05-01 19:00:00,225.0,551.0,612.0,522.0,316.0,445.2
05-01 20:00:00,38.0,34.0,93.0,49.0,298.0,102.4
05-01 21:00:00,72.0,12.0,115.0,13.0,127.0,67.8
05-01 22:00:00,0.0,0.0,0.0,0.0,0.0,0.0
05-01 23:00:00,0.0,0.0,0.0,0.0,0.0,0.0
06-01 00:00:00,0.0,0.0,0.0,0.0,0.0,0.0
06-01 01:00:00,0.0,0.0,0.0,0.0,0.0,0.0
06-01 02:00:00,0.0,0.0,0.0,0.0,0.0,0.0
06-01 03:00:00,0.0,0.0,0.0,0.0,0.0,0.0
06-01 04:00:00,0.0,0.0,0.0,0.0,0.0,0.0
06-01 05:00:00,0.0,0.0,0.0,0.0,0.0,0.0
06-01 06:00:00,0.0,0.0,0.0,0.0,0.0,0.0
06-01 07:00:00,0.0,0.0,0.0,0.0,0.0,0.0
06-01 08:00:00,0.0,0.0,0.0,0.0,0.0,0.0
06-01 09:00:00,1.0,1.0,4.0,7.0,3.0,3.2
06-01 10:00:00,30.0,66.0,157.0,171.0,53.0,95.4
06-01 11:00:00,140.0,210.0,486.0,332.0,84.0,250.4
06-01 12:00:00,479.0,316.0,707.0,419.0,304.0,445.0
06-01 13:00:00,265.0,535.0,883.0,578.0,386.0,529.4
06-01 14:00:00,751.0,698.0,605.0,689.0,552.0,659.0
06-01 15:00:00,941.0,706.0,770.0,857.0,624.0,779.6
06-01 16:00:00,1072.0,982.0,1082.0,829.0,752.0,943.4
06-01 17:00:00,993.0,971.0,823.0,745.0,594.0,825.2
06-01 18:00:00,795.0,464.0,752.0,626.0,411.0,609.6
06-01 19:00:00,398.0,271.0,56.0,606.0,448.0,355.8
06-01 20:00:00,220.0,376.0,34.0,34.0,37.0,140.2
06-01 21:00:00,22.0,138.0,12.0,12.0,76.0,52.0
06-01 22:00:00,0.0,0.0,0.0,0.0,0.0,0.0
06-01 23:00:00,0.0,0.0,0.0,0.0,0.0,0.0
07-01 00:00:00,0.0,0.0,0.0,0.0,0.0,0.0
07-01 01:00:00,0.0,0.0,0.0,0.0,0.0,0.0
07-01 02:00:00,0.0,0.0,0.0,0.0,0.0,0.0
07-01 03:00:00,0.0,0.0,0.0,0.0,0.0,0.0
07-01 04:00:00,0.0,0.0,0.0,0.0,0.0,0.0
07-01 05:00:00,0.0,0.0,0.0,0.0,0.0,0.0
07-01 06:00:00,0.0,0.0,0.0,0.0,0.0,0.0
07-01 07:00:00,0.0,0.0,0.0,0.0,0.0,0.0
07-01 08:00:00,0.0,0.0,0.0,0.0,0.0,0.0
07-01 09:00:00,3.0,2.0,5.0,2.0,3.0,3.0
07-01 10:00:00,229.0,101.0,216.0,54.0,177.0,155.4
07-01 11:00:00,491.0,305.0,395.0,81.0,240.0,302.4
07-01 12:00:00,719.0,307.0,562.0,119.0,351.0,411.6
07-01 13:00:00,914.0,551.0,835.0,225.0,473.0,599.6
07-01 14:00:00,1020.0,758.0,773.0,134.0,585.0,654.0
07-01 15:00:00,1057.0,987.0,556.0,320.0,526.0,689.2
07-01 16:00:00,1078.0,1056.0,141.0,188.0,777.0,648.0
07-01 17:00:00,548.0,838.0,127.0,279.0,858.0,530.0
07-01 18:00:00,599.0,565.0,355.0,596.0,792.0,581.4
07-01 19:00:00,513.0,107.0,56.0,270.0,331.0,255.4
07-01 20:00:00,369.0,34.0,36.0,41.0,368.0,169.6
07-01 21:00:00,88.0,12.0,12.0,44.0,82.0,47.6
07-01 22:00:00,0.0,0.0,0.0,0.0,0.0,0.0
07-01 23:00:00,0.0,0.0,0.0,0.0,0.0,0.0
08-01 00:00:00,0.0,0.0,0.0,0.0,0.0,0.0
08-01 01:00:00,0.0,0.0,0.0,0.0,0.0,0.0
08-01 02:00:00,0.0,0.0,0.0,0.0,0.0,0.0
08-01 03:00:00,0.0,0.0,0.0,0.0,0.0,0.0
08-01 04:00:00,0.0,0.0,0.0,0.0,0.0,0.0
08-01 05:00:00,0.0,0.0,0.0,0.0,0.0,0.0
08-01 06:00:00,0.0,0.0,0.0,0.0,0.0,0.0
08-01 07:00:00,0.0,0.0,0.0,0.0,0.0,0.0
08-01 08:00:00,0.0,0.0,0.0,0.0,0.0,0.0
08-01 09:00:00,2.0,5.0,9.0,1.0,1.0,3.6
08-01 10:00:00,226.0,113.0,120.0,174.0,112.0,149.0
08-01 11:00:00,491.0,408.0,432.0,205.0,205.0,348.2
08-01 12:00:00,720.0,696.0,699.0,513.0,328.0,591.2
08-01 13:00:00,858.0,750.0,899.0,239.0,567.0,662.6
08-01 14:00:00,915.0,448.0,1066.0,165.0,526.0,624.0
08-01 15:00:00,936.0,786.0,1130.0,256.0,569.0,735.4
08-01 16:00:00,1076.0,978.0,1120.0,176.0,600.0,790.0
08-01 17:00:00,966.0,867.0,959.0,285.0,445.0,704.4
08-01 18:00:00,771.0,599.0,835.0,163.0,213.0,516.2
08-01 19:00:00,613.0,382.0,648.0,149.0,261.0,410.6
08-01 20:00:00,370.0,322.0,383.0,128.0,62.0,253.0
08-01 21:00:00,13.0,12.0,102.0,31.0,12.0,34.0
08-01 22:00:00,0.0,0.0,0.0,0.0,0.0,0.0
08-01 23:00:00,0.0,0.0,0.0,0.0,0.0,0.0
09-01 00:00:00,0.0,0.0,0.0,0.0,0.0,0.0
09-01 01:00:00,0.0,0.0,0.0,0.0,0.0,0.0
09-01 02:00:00,0.0,0.0,0.0,0.0,0.0,0.0
09-01 03:00:00,0.0,0.0,0.0,0.0,0.0,0.0
09-01 04:00:00,0.0,0.0,0.0,0.0,0.0,0.0
09-01 05:00:00,0.0,0.0,0.0,0.0,0.0,0.0
09-01 06:00:00,0.0,0.0,0.0,0.0,0.0,0.0
09-01 07:00:00,0.0,0.0,0.0,0.0,0.0,0.0
09-01 08:00:00,0.0,0.0,0.0,0.0,0.0,0.0
09-01 09:00:00,2.0,1.0,6.0,2.0,5.0,3.2
09-01 10:00:00,223.0,66.0,114.0,38.0,114.0,111.0
09-01 11:00:00,459.0,178.0,404.0,143.0,358.0,308.4
09-01 12:00:00,700.0,143.0,690.0,210.0,467.0,442.0
09-01 13:00:00,871.0,205.0,874.0,282.0,755.0,597.4
09-01 14:00:00,856.0,473.0,1027.0,379.0,475.0,642.0
09-01 15:00:00,999.0,906.0,1078.0,530.0,799.0,862.4
09-01 16:00:00,987.0,1064.0,1053.0,760.0,329.0,838.6
09-01 17:00:00,932.0,615.0,718.0,354.0,148.0,553.4
09-01 18:00:00,593.0,442.0,780.0,178.0,164.0,431.4
09-01 19:00:00,560.0,375.0,290.0,137.0,97.0,291.8
09-01 20:00:00,378.0,324.0,34.0,228.0,34.0,199.6
09-01 21:00:00,119.0,129.0,12.0,63.0,12.0,67.0
09-01 22:00:00,0.0,0.0,0.0,0.0,0.0,0.0
09-01 23:00:00,0.0,0.0,0.0,0.0,0.0,0.0
10-01 00:00:00,0.0,0.0,0.0,0.0,0.0,0.0
10-01 01:00:00,0.0,0.0,0.0,0.0,0.0,0.0
10-01 02:00:00,0.0,0.0,0.0,0.0,0.0,0.0
10-01 03:00:00,0.0,0.0,0.0,0.0,0.0,0.0
10-01 04:00:00,0.0,0.0,0.0,0.0,0.0,0.0
10-01 05:00:00,0.0,0.0,0.0,0.0,0.0,0.0
10-01 06:00:00,0.0,0.0,0.0,0.0,0.0,0.0
10-01 07:00:00,0.0,0.0,0.0,0.0,0.0,0.0
10-01 08:00:00,0.0,0.0,0.0,0.0,0.0,0.0
10-01 09:00:00,2.0,2.0,3.0,2.0,6.0,3.0
10-01 10:00:00,227.0,216.0,98.0,44.0,184.0,153.8
10-01 11:00:00,479.0,449.0,120.0,42.0,341.0,286.2
10-01 12:00:00,501.0,624.0,305.0,98.0,457.0,397.0
10-01 13:00:00,902.0,819.0,562.0,253.0,817.0,670.6
10-01 14:00:00,1031.0,999.0,667.0,558.0,950.0,841.0
10-01 15:00:00,1037.0,972.0,919.0,403.0,992.0,864.6
10-01 16:00:00,1082.0,977.0,1045.0,481.0,864.0,889.8
10-01 17:00:00,977.0,1016.0,1012.0,99.0,854.0,791.6
10-01 18:00:00,829.0,833.0,227.0,100.0,429.0,483.6
10-01 19:00:00,237.0,618.0,390.0,66.0,306.0,323.4
10-01 20:00:00,35.0,34.0,383.0,230.0,323.0,201.0
10-01 21:00:00,13.0,47.0,136.0,12.0,13.0,44.2
10-01 22:00:00,0.0,0.0,0.0,0.0,0.0,0.0
10-01 23:00:00,0.0,0.0,0.0,0.0,0.0,0.0
11-01 00:00:00,0.0,0.0,0.0,0.0,0.0,0.0
11-01 01:00:00,0.0,0.0,0.0,0.0,0.0,0.0
11-01 02:00:00,0.0,0.0,0.0,0.0,0.0,0.0
11-01 03:00:00,0.0,0.0,0.0,0.0,0.0,0.0
11-01 04:00:00,0.0,0.0,0.0,0.0,0.0,0.0
11-01 05:00:00,0.0,0.0,0.0,0.0,0.0,0.0
11-01 06:00:00,0.0,0.0,0.0,0.0,0.0,0.0
11-01 07:00:00,0.0,0.0,0.0,0.0,0.0,0.0
11-01 08:00:00,0.0,0.0,0.0,0.0,0.0,0.0
11-01 09:00:00,2.0,1.0,1.0,6.0,3.0,2.6
11-01 10:00:00,132.0,20.0,113.0,22.0,215.0,100.4
11-01 11:00:00,224.0,329.0,299.0,87.0,313.0,250.4
11-01 12:00:00,211.0,623.0,613.0,139.0,555.0,428.2
11-01 13:00:00,456.0,781.0,819.0,116.0,695.0,573.4
11-01 14:00:00,804.0,873.0,838.0,177.0,874.0,713.2
11-01 15:00:00,708.0,1091.0,1027.0,184.0,956.0,793.2
11-01 16:00:00,756.0,1067.0,880.0,195.0,874.0,754.4
11-01 17:00:00,725.0,888.0,996.0,512.0,696.0,763.4
11-01 18:00:00,813.0,844.0,856.0,534.0,587.0,726.8
11-01 19:00:00,281.0,581.0,514.0,285.0,290.0,390.2
11-01 20:00:00,35.0,375.0,315.0,374.0,395.0,298.8
11-01 21:00:00,15.0,127.0,67.0,60.0,13.0,56.4
11-01 22:00:00,0.0,0.0,0.0,0.0,0.0,0.0
11-01 23:00:00,0.0,0.0,0.0,0.0,0.0,0.0
12-01 00:00:00,0.0,0.0,0.0,0.0,0.0,0.0
12-01 01:00:00,0.0,0.0,0.0,0.0,0.0,0.0
12-01 02:00:00,0.0,0.0,0.0,0.0,0.0,0.0
12-01 03:00:00,0.0,0.0,0.0,0.0,0.0,0.0
12-01 04:00:00,0.0,0.0,0.0,0.0,0.0,0.0
12-01 05:00:00,0.0,0.0,0.0,0.0,0.0,0.0
12-01 06:00:00,0.0,0.0,0.0,0.0,0.0,0.0
12-01 07:00:00,0.0,0.0,0.0,0.0,0.0,0.0
12-01 08:00:00,0.0,0.0,0.0,0.0,0.0,0.0
12-01 09:00:00,1.0,2.0,1.0,1.0,1.0,1.2
12-01 10:00:00,105.0,214.0,97.0,42.0,190.0,129.6
12-01 11:00:00,275.0,478.0,149.0,139.0,452.0,298.6
12-01 12:00:00,686.0,710.0,254.0,217.0,627.0,498.8
12-01 13:00:00,891.0,897.0,434.0,156.0,904.0,656.4
12-01 14:00:00,987.0,1049.0,605.0,253.0,955.0,769.8
12-01 15:00:00,961.0,1103.0,632.0,205.0,881.0,756.4
12-01 16:00:00,1061.0,1115.0,889.0,487.0,976.0,905.6
12-01 17:00:00,970.0,997.0,1016.0,458.0,831.0,854.4
12-01 18:00:00,685.0,810.0,539.0,287.0,189.0,502.0
12-01 19:00:00,56.0,563.0,430.0,158.0,135.0,268.4
12-01 20:00:00,35.0,399.0,118.0,212.0,365.0,225.8
12-01 21:00:00,13.0,124.0,28.0,13.0,74.0,50.4
12-01 22:00:00,0.0,0.0,0.0,0.0,0.0,0.0
12-01 23:00:00,0.0,0.0,0.0,0.0,0.0,0.0
13-01 00:00:00,0.0,0.0,0.0,0.0,0.0,0.0
13-01 01:00:00,0.0,0.0,0.0,0.0,0.0,0.0
13-01 02:00:00,0.0,0.0,0.0,0.0,0.0,0.0
13-01 03:00:00,0.0,0.0,0.0,0.0,0.0,0.0
13-01 04:00:00,0.0,0.0,0.0,0.0,0.0,0.0
13-01 05:00:00,0.0,0.0,0.0,0.0,0.0,0.0
13-01 06:00:00,0.0,0.0,0.0,0.0,0.0,0.0
13-01 07:00:00,0.0,0.0,0.0,0.0,0.0,0.0
13-01 08:00:00,0.0,0.0,0.0,0.0,0.0,0.0
13-01 09:00:00,0.0,0.0,0.0,0.0,0.0,0.0
13-01 10:00:00,180.0,208.0,146.0,101.0,144.0,155.8
13-01 11:00:00,471.0,476.0,348.0,149.0,392.0,367.2
13-01 12:00:00,702.0,713.0,585.0,380.0,563.0,588.6
13-01 13:00:00,893.0,866.0,772.0,215.0,475.0,644.2
13-01 14:00:00,1017.0,1032.0,816.0,576.0,737.0,835.6
13-01 15:00:00,789.0,1085.0,873.0,937.0,1032.0,943.2
13-01 16:00:00,998.0,1073.0,792.0,922.0,957.0,948.4
13-01 17:00:00,1027.0,993.0,718.0,766.0,489.0,798.6
13-01 18:00:00,757.0,848.0,829.0,479.0,180.0,618.6
13-01 19:00:00,631.0,409.0,413.0,272.0,56.0,356.2
13-01 20:00:00,35.0,385.0,137.0,43.0,35.0,127.0
13-01 21:00:00,13.0,45.0,13.0,15.0,13.0,19.8
13-01 22:00:00,0.0,0.0,0.0,0.0,0.0,0.0
13-01 23:00:00,0.0,0.0,0.0,0.0,0.0,0.0
14-01 00:00:00,0.0,0.0,0.0,0.0,0.0,0.0
14-01 01:00:00,0.0,0.0,0.0,0.0,0.0,0.0
14-01 02:00:00,0.0,0.0,0.0,0.0,0.0,0.0
14-01 03:00:00,0.0,0.0,0.0,0.0,0.0,0.0
14-01 04:00:00,0.0,0.0,0.0,0.0,0.0,0.0
14-01 05:00:00,0.0,0.0,0.0,0.0,0.0,0.0
14-01 06:00:00,0.0,0.0,0.0,0.0,0.0,0.0
14-01 07:00:00,0.0,0.0,0.0,0.0,0.0,0.0
14-01 08:00:00,0.0,0.0,0.0,0.0,0.0,0.0
14-01 09:00:00,0.0,0.0,0.0,0.0,0.0,0.0
14-01 10:00:00,129.0,182.0,21.0,216.0,68.0,123.2
14-01 11:00:00,263.0,451.0,55.0,455.0,414.0,327.6
14-01 12:00:00,461.0,699.0,130.0,691.0,678.0,531.8
14-01 13:00:00,831.0,899.0,196.0,884.0,769.0,715.8
14-01 14:00:00,894.0,1064.0,247.0,950.0,1052.0,841.4
14-01 15:00:00,1111.0,1102.0,292.0,1061.0,1102.0,933.6
14-01 16:00:00,1064.0,1061.0,466.0,967.0,819.0,875.4
14-01 17:00:00,938.0,858.0,438.0,859.0,743.0,767.2
14-01 18:00:00,849.0,681.0,485.0,825.0,88.0,585.6
14-01 19:00:00,592.0,473.0,288.0,610.0,323.0,457.2
14-01 20:00:00,377.0,351.0,175.0,395.0,135.0,286.6
14-01 21:00:00,118.0,131.0,72.0,125.0,13.0,91.8
14-01 22:00:00,0.0,0.0,0.0,0.0,0.0,0.0
14-01 23:00:00,0.0,0.0,0.0,0.0,0.0,0.0
15-01 00:00:00,0.0,0.0,0.0,0.0,0.0,0.0
15-01 01:00:00,0.0,0.0,0.0,0.0,0.0,0.0
15-01 02:00:00,0.0,0.0,0.0,0.0,0.0,0.0
15-01 03:00:00,0.0,0.0,0.0,0.0,0.0,0.0
15-01 04:00:00,0.0,0.0,0.0,0.0,0.0,0.0
15-01 05:00:00,0.0,0.0,0.0,0.0,0.0,0.0
15-01 06:00:00,0.0,0.0,0.0,0.0,0.0,0.0
15-01 07:00:00,0.0,0.0,0.0,0.0,0.0,0.0
15-01 08:00:00,0.0,0.0,0.0,0.0,0.0,0.0
15-01 09:00:00,0.0,0.0,0.0,0.0,0.0,0.0
15-01 10:00:00,209.0,184.0,165.0,217.0,187.0,192.4
15-01 11:00:00,466.0,452.0,431.0,463.0,454.0,453.2
15-01 12:00:00,704.0,698.0,672.0,706.0,683.0,692.6
15-01 13:00:00,902.0,894.0,772.0,903.0,891.0,872.4
15-01 14:00:00,905.0,1026.0,173.0,1096.0,512.0,742.4
15-01 15:00:00,957.0,1080.0,268.0,1166.0,1053.0,904.8
15-01 16:00:00,909.0,1069.0,307.0,1154.0,822.0,852.2
15-01 17:00:00,836.0,1038.0,121.0,998.0,147.0,628.0
15-01 18:00:00,729.0,854.0,108.0,854.0,441.0,597.2
15-01 19:00:00,588.0,629.0,124.0,629.0,626.0,519.2
15-01 20:00:00,227.0,340.0,35.0,410.0,35.0,209.4
15-01 21:00:00,30.0,112.0,86.0,112.0,13.0,70.6
15-01 22:00:00,0.0,0.0,0.0,0.0,0.0,0.0
15-01 23:00:00,0.0,0.0,0.0,0.0,0.0,0.0
16-01 00:00:00,0.0,0.0,0.0,0.0,0.0,0.0
16-01 01:00:00,0.0,0.0,0.0,0.0,0.0,0.0
16-01 02:00:00,0.0,0.0,0.0,0.0,0.0,0.0
16-01 03:00:00,0.0,0.0,0.0,0.0,0.0,0.0
16-01 04:00:00,0.0,0.0,0.0,0.0,0.0,0.0
16-01 05:00:00,0.0,0.0,0.0,0.0,0.0,0.0
16-01 06:00:00,0.0,0.0,0.0,0.0,0.0,0.0
16-01 07:00:00,0.0,0.0,0.0,0.0,0.0,0.0
16-01 08:00:00,0.0,0.0,0.0,0.0,0.0,0.0
16-01 09:00:00,0.0,0.0,0.0,0.0,0.0,0.0
16-01 10:00:00,182.0,190.0,66.0,216.0,19.0,134.6
16-01 11:00:00,452.0,338.0,73.0,466.0,41.0,274.0
16-01 12:00:00,674.0,692.0,107.0,703.0,268.0,488.8
16-01 13:00:00,874.0,897.0,108.0,900.0,470.0,649.8
16-01 14:00:00,1026.0,1057.0,176.0,1089.0,1056.0,880.8
16-01 15:00:00,1099.0,908.0,223.0,1129.0,993.0,870.4
16-01 16:00:00,1047.0,945.0,399.0,1088.0,817.0,859.2
16-01 17:00:00,958.0,854.0,469.0,1019.0,955.0,851.0
16-01 18:00:00,847.0,726.0,473.0,881.0,566.0,698.6
16-01 19:00:00,597.0,217.0,381.0,405.0,287.0,377.4
16-01 20:00:00,357.0,35.0,164.0,70.0,44.0,134.0
16-01 21:00:00,144.0,13.0,17.0,14.0,13.0,40.2
16-01 22:00:00,0.0,0.0,0.0,0.0,0.0,0.0
16-01 23:00:00,0.0,0.0,0.0,0.0,0.0,0.0
17-01 00:00:00,0.0,0.0,0.0,0.0,0.0,0.0
17-01 01:00:00,0.0,0.0,0.0,0.0,0.0,0.0
17-01 02:00:00,0.0,0.0,0.0,0.0,0.0,0.0
17-01 03:00:00,0.0,0.0,0.0,0.0,0.0,0.0
17-01 04:00:00,0.0,0.0,0.0,0.0,0.0,0.0
17-01 05:00:00,0.0,0.0,0.0,0.0,0.0,0.0
17-01 06:00:00,0.0,0.0,0.0,0.0,0.0,0.0
17-01 07:00:00,0.0,0.0,0.0,0.0,0.0,0.0
17-01 08:00:00,0.0,0.0,0.0,0.0,0.0,0.0
17-01 09:00:00,0.0,0.0,0.0,0.0,0.0,0.0
17-01 10:00:00,99.0,68.0,121.0,216.0,170.0,134.8
17-01 11:00:00,230.0,146.0,195.0,275.0,350.0,239.2
17-01 12:00:00,399.0,372.0,385.0,500.0,614.0,454.0
17-01 13:00:00,640.0,532.0,725.0,862.0,932.0,738.2
17-01 14:00:00,565.0,594.0,844.0,1035.0,1068.0,821.2
17-01 15:00:00,1056.0,577.0,604.0,1000.0,1147.0,876.8
17-01 16:00:00,1020.0,837.0,797.0,1046.0,1080.0,956.0
17-01 17:00:00,837.0,735.0,835.0,866.0,932.0,841.0
17-01 18:00:00,699.0,423.0,762.0,508.0,793.0,637.0
17-01 19:00:00,549.0,57.0,537.0,221.0,627.0,398.2
17-01 20:00:00,35.0,35.0,38.0,186.0,386.0,136.0
17-01 21:00:00,13.0,73.0,13.0,13.0,121.0,46.6
17-01 22:00:00,0.0,0.0,0.0,0.0,0.0,0.0
17-01 23:00:00,0.0,0.0,0.0,0.0,0.0,0.0
18-01 00:00:00,0.0,0.0,0.0,0.0,0.0,0.0
18-01 01:00:00,0.0,0.0,0.0,0.0,0.0,0.0
18-01 02:00:00,0.0,0.0,0.0,0.0,0.0,0.0
18-01 03:00:00,0.0,0.0,0.0,0.0,0.0,0.0
18-01 04:00:00,0.0,0.0,0.0,0.0,0.0,0.0
18-01 05:00:00,0.0,0.0,0.0,0.0,0.0,0.0
18-01 06:00:00,0.0,0.0,0.0,0.0,0.0,0.0
18-01 07:00:00,0.0,0.0,0.0,0.0,0.0,0.0
18-01 08:00:00,0.0,0.0,0.0,0.0,0.0,0.0
18-01 09:00:00,0.0,0.0,0.0,0.0,0.0,0.0
18-01 10:00:00,210.0,120.0,118.0,130.0,75.0,130.6
18-01 11:00:00,391.0,367.0,215.0,372.0,452.0,359.4
18-01 12:00:00,639.0,660.0,577.0,676.0,676.0,645.6
18-01 13:00:00,876.0,882.0,774.0,865.0,602.0,799.8
18-01 14:00:00,1013.0,957.0,577.0,1017.0,675.0,847.8
18-01 15:00:00,1115.0,1015.0,782.0,826.0,980.0,943.6
18-01 16:00:00,747.0,830.0,991.0,1002.0,1038.0,921.6
18-01 17:00:00,959.0,820.0,638.0,1006.0,580.0,800.6
18-01 18:00:00,103.0,436.0,715.0,254.0,709.0,443.4
18-01 19:00:00,57.0,95.0,509.0,623.0,343.0,325.4
18-01 20:00:00,35.0,35.0,380.0,139.0,87.0,135.2
18-01 21:00:00,13.0,96.0,96.0,50.0,13.0,53.6
18-01 22:00:00,0.0,0.0,0.0,0.0,0.0,0.0
18-01 23:00:00,0.0,0.0,0.0,0.0,0.0,0.0
19-01 00:00:00,0.0,0.0,0.0,0.0,0.0,0.0
19-01 01:00:00,0.0,0.0,0.0,0.0,0.0,0.0
19-01 02:00:00,0.0,0.0,0.0,0.0,0.0,0.0
19-01 03:00:00,0.0,0.0,0.0,0.0,0.0,0.0
19-01 04:00:00,0.0,0.0,0.0,0.0,0.0,0.0
19-01 05:00:00,0.0,0.0,0.0,0.0,0.0,0.0
19-01 06:00:00,0.0,0.0,0.0,0.0,0.0,0.0
19-01 07:00:00,0.0,0.0,0.0,0.0,0.0,0.0
19-01 08:00:00,0.0,0.0,0.0,0.0,0.0,0.0
19-01 09:00:00,0.0,0.0,0.0,0.0,0.0,0.0
19-01 10:00:00,192.0,174.0,103.0,95.0,180.0,148.8
19-01 11:00:00,386.0,277.0,304.0,368.0,41.0,275.2
19-01 12:00:00,684.0,677.0,598.0,625.0,115.0,539.8
19-01 13:00:00,767.0,876.0,720.0,878.0,899.0,828.0
19-01 14:00:00,1003.0,986.0,648.0,894.0,1045.0,915.2
19-01 15:00:00,755.0,1088.0,664.0,897.0,1137.0,908.2
19-01 16:00:00,321.0,1000.0,653.0,929.0,1100.0,800.6
19-01 17:00:00,377.0,951.0,545.0,763.0,986.0,724.4
19-01 18:00:00,310.0,719.0,431.0,733.0,170.0,472.6
19-01 19:00:00,57.0,359.0,144.0,79.0,141.0,156.0
19-01 20:00:00,48.0,35.0,83.0,35.0,48.0,49.8
19-01 21:00:00,13.0,13.0,13.0,13.0,13.0,13.0
19-01 22:00:00,0.0,0.0,0.0,0.0,0.0,0.0
19-01 23:00:00,0.0,0.0,0.0,0.0,0.0,0.0
20-01 00:00:00,0.0,0.0,0.0,0.0,0.0,0.0
20-01 01:00:00,0.0,0.0,0.0,0.0,0.0,0.0
20-01 02:00:00,0.0,0.0,0.0,0.0,0.0,0.0
20-01 03:00:00,0.0,0.0,0.0,0.0,0.0,0.0
20-01 04:00:00,0.0,0.0,0.0,0.0,0.0,0.0
20-01 05:00:00,0.0,0.0,0.0,0.0,0.0,0.0
20-01 06:00:00,0.0,0.0,0.0,0.0,0.0,0.0
20-01 07:00:00,0.0,0.0,0.0,0.0,0.0,0.0
20-01 08:00:00,0.0,0.0,0.0,0.0,0.0,0.0
20-01 09:00:00,0.0,0.0,0.0,0.0,0.0,0.0
20-01 10:00:00,191.0,18.0,201.0,191.0,151.0,150.4
20-01 11:00:00,437.0,46.0,459.0,432.0,404.0,355.6
20-01 12:00:00,680.0,135.0,660.0,679.0,533.0,537.4
20-01 13:00:00,885.0,470.0,872.0,893.0,482.0,720.4
20-01 14:00:00,1020.0,971.0,983.0,1017.0,806.0,959.4
20-01 15:00:00,1031.0,1047.0,609.0,1049.0,663.0,879.8
20-01 16:00:00,850.0,1103.0,973.0,1106.0,614.0,929.2
20-01 17:00:00,721.0,979.0,787.0,1003.0,843.0,866.6
20-01 18:00:00,610.0,428.0,503.0,859.0,657.0,611.4
20-01 19:00:00,545.0,400.0,409.0,626.0,403.0,476.6
20-01 20:00:00,104.0,35.0,215.0,399.0,69.0,164.4
20-01 21:00:00,13.0,13.0,66.0,126.0,13.0,46.2
20-01 22:00:00,0.0,0.0,0.0,0.0,0.0,0.0
20-01 23:00:00,0.0,0.0,0.0,0.0,0.0,0.0
21-01 00:00:00,0.0,0.0,0.0,0.0,0.0,0.0
21-01 01:00:00,0.0,0.0,0.0,0.0,0.0,0.0
21-01 02:00:00,0.0,0.0,0.0,0.0,0.0,0.0
21-01 03:00:00,0.0,0.0,0.0,0.0,0.0,0.0
21-01 04:00:00,0.0,0.0,0.0,0.0,0.0,0.0
21-01 05:00:00,0.0,0.0,0.0,0.0,0.0,0.0
21-01 06:00:00,0.0,0.0,0.0,0.0,0.0,0.0
21-01 07:00:00,0.0,0.0,0.0,0.0,0.0,0.0
21-01 08:00:00,0.0,0.0,0.0,0.0,0.0,0.0
21-01 09:00:00,0.0,0.0,0.0,0.0,0.0,0.0
21-01 10:00:00,191.0,107.0,209.0,190.0,101.0,159.6
21-01 11:00:00,455.0,268.0,442.0,433.0,158.0,351.2
21-01 12:00:00,681.0,546.0,676.0,677.0,411.0,598.2
21-01 13:00:00,892.0,772.0,890.0,892.0,436.0,776.4
21-01 14:00:00,1017.0,672.0,1031.0,1049.0,205.0,794.8
21-01 15:00:00,1103.0,906.0,1052.0,1054.0,369.0,896.8
21-01 16:00:00,1009.0,960.0,360.0,1100.0,178.0,721.4
21-01 17:00:00,960.0,712.0,392.0,1003.0,103.0,634.0
21-01 18:00:00,878.0,427.0,781.0,835.0,127.0,609.6
21-01 19:00:00,668.0,444.0,123.0,547.0,57.0,367.8
21-01 20:00:00,414.0,308.0,244.0,36.0,54.0,211.2
21-01 21:00:00,151.0,13.0,107.0,45.0,22.0,67.6
21-01 22:00:00,0.0,0.0,0.0,0.0,0.0,0.0
21-01 23:00:00,0.0,0.0,0.0,0.0,0.0,0.0
22-01 00:00:00,0.0,0.0,0.0,0.0,0.0,0.0
22-01 01:00:00,0.0,0.0,0.0,0.0,0.0,0.0
22-01 02:00:00,0.0,0.0,0.0,0.0,0.0,0.0
22-01 03:00:00,0.0,0.0,0.0,0.0,0.0,0.0
22-01 04:00:00,0.0,0.0,0.0,0.0,0.0,0.0
22-01 05:00:00,0.0,0.0,0.0,0.0,0.0,0.0
22-01 06:00:00,0.0,0.0,0.0,0.0,0.0,0.0
22-01 07:00:00,0.0,0.0,0.0,0.0,0.0,0.0
22-01 08:00:00,0.0,0.0,0.0,0.0,0.0,0.0
22-01 09:00:00,0.0,0.0,0.0,0.0,0.0,0.0
22-01 10:00:00,156.0,102.0,195.0,180.0,166.0,159.8
22-01 11:00:00,424.0,206.0,432.0,425.0,366.0,370.6
22-01 12:00:00,687.0,115.0,632.0,671.0,378.0,496.6
22-01 13:00:00,896.0,310.0,838.0,871.0,700.0,723.0
22-01 14:00:00,1033.0,464.0,1030.0,904.0,776.0,841.4
22-01 15:00:00,1079.0,402.0,957.0,914.0,482.0,766.8
22-01 16:00:00,0.0,416.0,995.0,1076.0,473.0,592.0
22-01 17:00:00,993.0,362.0,913.0,946.0,717.0,786.2
22-01 18:00:00,766.0,358.0,477.0,718.0,86.0,481.0
22-01 19:00:00,316.0,280.0,403.0,557.0,130.0,337.2
22-01 20:00:00,340.0,35.0,349.0,368.0,41.0,226.6
22-01 21:00:00,13.0,13.0,113.0,13.0,42.0,38.8
22-01 22:00:00,0.0,0.0,0.0,0.0,0.0,0.0
22-01 23:00:00,0.0,0.0,0.0,0.0,0.0,0.0
23-01 00:00:00,0.0,0.0,0.0,0.0,0.0,0.0
23-01 01:00:00,0.0,0.0,0.0,0.0,0.0,0.0
23-01 02:00:00,0.0,0.0,0.0,0.0,0.0,0.0
23-01 03:00:00,0.0,0.0,0.0,0.0,0.0,0.0
23-01 04:00:00,0.0,0.0,0.0,0.0,0.0,0.0
23-01 05:00:00,0.0,0.0,0.0,0.0,0.0,0.0
23-01 06:00:00,0.0,0.0,0.0,0.0,0.0,0.0
23-01 07:00:00,0.0,0.0,0.0,0.0,0.0,0.0
23-01 08:00:00,0.0,0.0,0.0,0.0,0.0,0.0
23-01 09:00:00,0.0,0.0,0.0,0.0,0.0,0.0
23-01 10:00:00,176.0,67.0,171.0,185.0,160.0,151.8
23-01 11:00:00,436.0,185.0,403.0,426.0,289.0,347.8
23-01 12:00:00,674.0,440.0,641.0,658.0,438.0,570.2
23-01 13:00:00,881.0,377.0,878.0,860.0,441.0,687.4
23-01 14:00:00,1016.0,572.0,1013.0,1030.0,777.0,881.6
23-01 15:00:00,1044.0,695.0,1076.0,1095.0,874.0,956.8
23-01 16:00:00,1090.0,876.0,995.0,1093.0,940.0,998.8
23-01 17:00:00,1036.0,418.0,964.0,894.0,947.0,851.8
23-01 18:00:00,842.0,99.0,826.0,783.0,510.0,612.0
23-01 19:00:00,549.0,93.0,550.0,616.0,391.0,439.8
23-01 20:00:00,316.0,35.0,360.0,384.0,35.0,226.0
23-01 21:00:00,144.0,13.0,111.0,118.0,148.0,106.8
23-01 22:00:00,0.0,0.0,0.0,0.0,0.0,0.0
23-01 23:00:00,0.0,0.0,0.0,0.0,0.0,0.0
24-01 00:00:00,0.0,0.0,0.0,0.0,0.0,0.0
24-01 01:00:00,0.0,0.0,0.0,0.0,0.0,0.0
24-01 02:00:00,0.0,0.0,0.0,0.0,0.0,0.0
24-01 03:00:00,0.0,0.0,0.0,0.0,0.0,0.0
24-01 04:00:00,0.0,0.0,0.0,0.0,0.0,0.0
24-01 05:00:00,0.0,0.0,0.0,0.0,0.0,0.0
24-01 06:00:00,0.0,0.0,0.0,0.0,0.0,0.0
24-01 07:00:00,0.0,0.0,0.0,0.0,0.0,0.0
24-01 08:00:00,0.0,0.0,0.0,0.0,0.0,0.0
24-01 09:00:00,0.0,0.0,0.0,0.0,0.0,0.0
24-01 10:00:00,43.0,17.0,180.0,186.0,86.0,102.4
24-01 11:00:00,362.0,72.0,452.0,425.0,417.0,345.6
24-01 12:00:00,649.0,305.0,669.0,672.0,396.0,538.2
24-01 13:00:00,861.0,413.0,874.0,888.0,602.0,727.6
24-01 14:00:00,777.0,521.0,977.0,1019.0,548.0,768.4
24-01 15:00:00,1035.0,740.0,1033.0,1107.0,492.0,881.4
24-01 16:00:00,904.0,730.0,867.0,1139.0,676.0,863.2
24-01 17:00:00,949.0,638.0,952.0,1015.0,827.0,876.2
24-01 18:00:00,867.0,664.0,851.0,832.0,614.0,765.6
24-01 19:00:00,626.0,300.0,572.0,602.0,621.0,544.2
24-01 20:00:00,347.0,35.0,152.0,245.0,294.0,214.6
24-01 21:00:00,118.0,13.0,13.0,69.0,75.0,57.6
24-01 22:00:00,0.0,0.0,0.0,0.0,0.0,0.0
24-01 23:00:00,0.0,0.0,0.0,0.0,0.0,0.0
25-01 00:00:00,0.0,0.0,0.0,0.0,0.0,0.0
25-01 01:00:00,0.0,0.0,0.0,0.0,0.0,0.0
25-01 02:00:00,0.0,0.0,0.0,0.0,0.0,0.0
25-01 03:00:00,0.0,0.0,0.0,0.0,0.0,0.0
25-01 04:00:00,0.0,0.0,0.0,0.0,0.0,0.0
25-01 05:00:00,0.0,0.0,0.0,0.0,0.0,0.0
25-01 06:00:00,0.0,0.0,0.0,0.0,0.0,0.0
25-01 07:00:00,0.0,0.0,0.0,0.0,0.0,0.0
25-01 08:00:00,0.0,0.0,0.0,0.0,0.0,0.0
25-01 09:00:00,0.0,0.0,0.0,0.0,0.0,0.0
25-01 10:00:00,168.0,106.0,134.0,188.0,88.0,136.8
25-01 11:00:00,436.0,79.0,432.0,396.0,346.0,337.8
25-01 12:00:00,451.0,129.0,560.0,629.0,611.0,476.0
25-01 13:00:00,625.0,443.0,827.0,751.0,827.0,694.6
25-01 14:00:00,1000.0,187.0,927.0,835.0,900.0,769.8
25-01 15:00:00,1057.0,132.0,974.0,746.0,891.0,760.0
25-01 16:00:00,759.0,196.0,912.0,534.0,819.0,644.0
25-01 17:00:00,997.0,149.0,815.0,281.0,1026.0,653.6
25-01 18:00:00,686.0,419.0,491.0,452.0,244.0,458.4
25-01 19:00:00,156.0,348.0,411.0,78.0,123.0,223.2
25-01 20:00:00,36.0,247.0,288.0,113.0,278.0,192.4
25-01 21:00:00,13.0,13.0,13.0,13.0,13.0,13.0
25-01 22:00:00,0.0,0.0,0.0,0.0,0.0,0.0
25-01 23:00:00,0.0,0.0,0.0,0.0,0.0,0.0
26-01 00:00:00,0.0,0.0,0.0,0.0,0.0,0.0
26-01 01:00:00,0.0,0.0,0.0,0.0,0.0,0.0
26-01 02:00:00,0.0,0.0,0.0,0.0,0.0,0.0
26-01 03:00:00,0.0,0.0,0.0,0.0,0.0,0.0
26-01 04:00:00,0.0,0.0,0.0,0.0,0.0,0.0
26-01 05:00:00,0.0,0.0,0.0,0.0,0.0,0.0
26-01 06:00:00,0.0,0.0,0.0,0.0,0.0,0.0
26-01 07:00:00,0.0,0.0,0.0,0.0,0.0,0.0
26-01 08:00:00,0.0,0.0,0.0,0.0,0.0,0.0
26-01 09:00:00,0.0,0.0,0.0,0.0,0.0,0.0
26-01 10:00:00,17.0,22.0,35.0,92.0,174.0,68.0
26-01 11:00:00,122.0,96.0,402.0,138.0,255.0,202.6
26-01 12:00:00,399.0,199.0,643.0,299.0,110.0,330.0
26-01 13:00:00,428.0,310.0,833.0,340.0,173.0,416.8
26-01 14:00:00,732.0,460.0,916.0,598.0,327.0,606.6
26-01 15:00:00,627.0,614.0,974.0,835.0,531.0,716.2
26-01 16:00:00,331.0,920.0,935.0,719.0,760.0,733.0
26-01 17:00:00,220.0,742.0,373.0,817.0,763.0,583.0
26-01 18:00:00,669.0,628.0,152.0,771.0,676.0,579.2
26-01 19:00:00,127.0,564.0,242.0,525.0,57.0,303.0
26-01 20:00:00,358.0,120.0,379.0,323.0,35.0,243.0
26-01 21:00:00,13.0,23.0,13.0,54.0,13.0,23.2
26-01 22:00:00,0.0,0.0,0.0,0.0,0.0,0.0
26-01 23:00:00,0.0,0.0,0.0,0.0,0.0,0.0
27-01 00:00:00,0.0,0.0,0.0,0.0,0.0,0.0
27-01 01:00:00,0.0,0.0,0.0,0.0,0.0,0.0
27-01 02:00:00,0.0,0.0,0.0,0.0,0.0,0.0
27-01 03:00:00,0.0,0.0,0.0,0.0,0.0,0.0
27-01 04:00:00,0.0,0.0,0.0,0.0,0.0,0.0
27-01 05:00:00,0.0,0.0,0.0,0.0,0.0,0.0
27-01 06:00:00,0.0,0.0,0.0,0.0,0.0,0.0
27-01 07:00:00,0.0,0.0,0.0,0.0,0.0,0.0
27-01 08:00:00,0.0,0.0,0.0,0.0,0.0,0.0
27-01 09:00:00,0.0,0.0,0.0,0.0,0.0,0.0
27-01 10:00:00,40.0,120.0,129.0,169.0,53.0,102.2
27-01 11:00:00,149.0,277.0,316.0,329.0,292.0,272.6
27-01 12:00:00,288.0,203.0,648.0,448.0,312.0,379.8
27-01 13:00:00,423.0,392.0,837.0,604.0,458.0,542.8
27-01 14:00:00,513.0,440.0,912.0,886.0,715.0,693.2
27-01 15:00:00,583.0,689.0,623.0,948.0,1066.0,781.8
27-01 16:00:00,530.0,1028.0,197.0,992.0,1025.0,754.4
27-01 17:00:00,371.0,699.0,153.0,855.0,702.0,556.0
27-01 18:00:00,401.0,701.0,790.0,724.0,815.0,686.2
27-01 19:00:00,244.0,499.0,649.0,454.0,285.0,426.2
27-01 20:00:00,71.0,35.0,171.0,149.0,51.0,95.4
27-01 21:00:00,13.0,13.0,18.0,13.0,13.0,14.0
27-01 22:00:00,0.0,0.0,0.0,0.0,0.0,0.0
27-01 23:00:00,0.0,0.0,0.0,0.0,0.0,0.0
28-01 00:00:00,0.0,0.0,0.0,0.0,0.0,0.0
28-01 01:00:00,0.0,0.0,0.0,0.0,0.0,0.0
28-01 02:00:00,0.0,0.0,0.0,0.0,0.0,0.0
28-01 03:00:00,0.0,0.0,0.0,0.0,0.0,0.0
28-01 04:00:00,0.0,0.0,0.0,0.0,0.0,0.0
28-01 05:00:00,0.0,0.0,0.0,0.0,0.0,0.0
28-01 06:00:00,0.0,0.0,0.0,0.0,0.0,0.0
28-01 07:00:00,0.0,0.0,0.0,0.0,0.0,0.0
28-01 08:00:00,0.0,0.0,0.0,0.0,0.0,0.0
28-01 09:00:00,0.0,0.0,0.0,0.0,0.0,0.0
28-01 10:00:00,82.0,105.0,112.0,160.0,139.0,119.6
28-01 11:00:00,364.0,215.0,398.0,348.0,249.0,314.8
28-01 12:00:00,659.0,399.0,632.0,648.0,528.0,573.2
28-01 13:00:00,841.0,559.0,830.0,721.0,601.0,710.4
28-01 14:00:00,959.0,677.0,851.0,745.0,794.0,805.2
28-01 15:00:00,750.0,869.0,899.0,943.0,833.0,858.8
28-01 16:00:00,988.0,748.0,934.0,821.0,490.0,796.2
28-01 17:00:00,933.0,941.0,821.0,609.0,185.0,697.8
28-01 18:00:00,829.0,697.0,730.0,494.0,255.0,601.0
28-01 19:00:00,639.0,360.0,485.0,389.0,485.0,471.6
28-01 20:00:00,55.0,234.0,394.0,204.0,61.0,189.6
28-01 21:00:00,13.0,50.0,109.0,44.0,13.0,45.8
28-01 22:00:00,0.0,0.0,0.0,0.0,0.0,0.0
28-01 23:00:00,0.0,0.0,0.0,0.0,0.0,0.0
29-01 00:00:00,0.0,0.0,0.0,0.0,0.0,0.0
29-01 01:00:00,0.0,0.0,0.0,0.0,0.0,0.0
29-01 02:00:00,0.0,0.0,0.0,0.0,0.0,0.0
29-01 03:00:00,0.0,0.0,0.0,0.0,0.0,0.0
29-01 04:00:00,0.0,0.0,0.0,0.0,0.0,0.0
29-01 05:00:00,0.0,0.0,0.0,0.0,0.0,0.0
29-01 06:00:00,0.0,0.0,0.0,0.0,0.0,0.0
29-01 07:00:00,0.0,0.0,0.0,0.0,0.0,0.0
29-01 08:00:00,0.0,0.0,0.0,0.0,0.0,0.0
29-01 09:00:00,0.0,0.0,0.0,0.0,0.0,0.0
29-01 10:00:00,175.0,38.0,134.0,77.0,181.0,121.0
29-01 11:00:00,289.0,110.0,349.0,236.0,337.0,264.2
29-01 12:00:00,610.0,388.0,627.0,467.0,656.0,549.6
29-01 13:00:00,825.0,513.0,875.0,536.0,848.0,719.4
29-01 14:00:00,1007.0,655.0,995.0,472.0,926.0,811.0
29-01 15:00:00,1034.0,585.0,958.0,601.0,1052.0,846.0
29-01 16:00:00,1028.0,951.0,965.0,804.0,831.0,915.8
29-01 17:00:00,969.0,929.0,765.0,506.0,675.0,768.8
29-01 18:00:00,836.0,774.0,511.0,302.0,454.0,575.4
29-01 19:00:00,617.0,538.0,249.0,284.0,74.0,352.4
29-01 20:00:00,362.0,35.0,46.0,285.0,35.0,152.6
29-01 21:00:00,114.0,13.0,20.0,13.0,13.0,34.6
29-01 22:00:00,0.0,0.0,0.0,0.0,0.0,0.0
29-01 23:00:00,0.0,0.0,0.0,0.0,0.0,0.0
30-01 00:00:00,0.0,0.0,0.0,0.0,0.0,0.0
30-01 01:00:00,0.0,0.0,0.0,0.0,0.0,0.0
30-01 02:00:00,0.0,0.0,0.0,0.0,0.0,0.0
30-01 03:00:00,0.0,0.0,0.0,0.0,0.0,0.0
30-01 04:00:00,0.0,0.0,0.0,0.0,0.0,0.0
30-01 05:00:00,0.0,0.0,0.0,0.0,0.0,0.0
30-01 06:00:00,0.0,0.0,0.0,0.0,0.0,0.0
30-01 07:00:00,0.0,0.0,0.0,0.0,0.0,0.0
30-01 08:00:00,0.0,0.0,0.0,0.0,0.0,0.0
30-01 09:00:00,0.0,0.0,0.0,0.0,0.0,0.0
30-01 10:00:00,170.0,126.0,171.0,100.0,104.0,134.2
30-01 11:00:00,433.0,369.0,417.0,218.0,418.0,371.0
30-01 12:00:00,677.0,656.0,656.0,446.0,660.0,619.0
30-01 13:00:00,894.0,840.0,902.0,550.0,864.0,810.0
30-01 14:00:00,1041.0,968.0,1011.0,656.0,825.0,900.2
30-01 15:00:00,1085.0,1016.0,923.0,826.0,1001.0,970.2
30-01 16:00:00,1085.0,1073.0,1032.0,1015.0,924.0,1025.8
30-01 17:00:00,1053.0,179.0,948.0,907.0,236.0,664.6
30-01 18:00:00,874.0,157.0,863.0,785.0,111.0,558.0
30-01 19:00:00,657.0,85.0,597.0,292.0,57.0,337.6
30-01 20:00:00,359.0,89.0,384.0,39.0,35.0,181.2
30-01 21:00:00,116.0,52.0,112.0,13.0,13.0,61.2
30-01 22:00:00,0.0,0.0,0.0,0.0,0.0,0.0
30-01 23:00:00,0.0,0.0,0.0,0.0,0.0,0.0
31-01 00:00:00,0.0,0.0,0.0,0.0,0.0,0.0
31-01 01:00:00,0.0,0.0,0.0,0.0,0.0,0.0
31-01 02:00:00,0.0,0.0,0.0,0.0,0.0,0.0
31-01 03:00:00,0.0,0.0,0.0,0.0,0.0,0.0
31-01 04:00:00,0.0,0.0,0.0,0.0,0.0,0.0
31-01 05:00:00,0.0,0.0,0.0,0.0,0.0,0.0
31-01 06:00:00,0.0,0.0,0.0,0.0,0.0,0.0
31-01 07:00:00,0.0,0.0,0.0,0.0,0.0,0.0
31-01 08:00:00,0.0,0.0,0.0,0.0,0.0,0.0
31-01 09:00:00,0.0,0.0,0.0,0.0,0.0,0.0
31-01 10:00:00,168.0,165.0,140.0,57.0,169.0,139.8
31-01 11:00:00,424.0,418.0,427.0,197.0,411.0,375.4
31-01 12:00:00,668.0,655.0,587.0,541.0,631.0,616.4
31-01 13:00:00,889.0,805.0,860.0,612.0,707.0,774.6
31-01 14:00:00,1035.0,850.0,897.0,542.0,558.0,776.4
31-01 15:00:00,1151.0,794.0,870.0,603.0,983.0,880.2
31-01 16:00:00,1140.0,679.0,849.0,495.0,279.0,688.4
31-01 17:00:00,1048.0,586.0,971.0,387.0,622.0,722.8
31-01 18:00:00,856.0,479.0,471.0,413.0,510.0,545.8
31-01 19:00:00,606.0,168.0,575.0,141.0,309.0,359.8
31-01 20:00:00,352.0,62.0,263.0,51.0,223.0,190.2
31-01 21:00:00,117.0,13.0,113.0,73.0,13.0,65.8
31-01 22:00:00,0.0,0.0,0.0,0.0,0.0,0.0
31-01 23:00:00,0.0,0.0,0.0,0.0,0.0,0.0
01-02 00:00:00,0.0,0.0,0.0,0.0,0.0,0.0
01-02 01:00:00,0.0,0.0,0.0,0.0,0.0,0.0
01-02 02:00:00,0.0,0.0,0.0,0.0,0.0,0.0
01-02 03:00:00,0.0,0.0,0.0,0.0,0.0,0.0
01-02 04:00:00,0.0,0.0,0.0,0.0,0.0,0.0
01-02 05:00:00,0.0,0.0,0.0,0.0,0.0,0.0
01-02 06:00:00,0.0,0.0,0.0,0.0,0.0,0.0
01-02 07:00:00,0.0,0.0,0.0,0.0,0.0,0.0
01-02 08:00:00,0.0,0.0,0.0,0.0,0.0,0.0
01-02 09:00:00,0.0,0.0,0.0,0.0,0.0,0.0
01-02 10:00:00,180.0,147.0,120.0,59.0,109.0,123.0
01-02 11:00:00,439.0,425.0,350.0,314.0,420.0,389.6
01-02 12:00:00,706.0,664.0,463.0,395.0,642.0,574.0
01-02 13:00:00,894.0,797.0,792.0,685.0,824.0,798.4
01-02 14:00:00,1035.0,908.0,980.0,663.0,896.0,896.4
01-02 15:00:00,1084.0,956.0,1109.0,671.0,814.0,926.8
01-02 16:00:00,1097.0,857.0,1013.0,690.0,956.0,922.6
01-02 17:00:00,919.0,931.0,921.0,705.0,874.0,870.0
01-02 18:00:00,885.0,785.0,824.0,689.0,776.0,791.8
01-02 19:00:00,600.0,309.0,543.0,582.0,526.0,512.0
01-02 20:00:00,403.0,57.0,36.0,399.0,336.0,246.2
01-02 21:00:00,159.0,66.0,13.0,13.0,34.0,57.0
01-02 22:00:00,0.0,0.0,0.0,0.0,0.0,0.0
01-02 23:00:00,0.0,0.0,0.0,0.0,0.0,0.0
02-02 00:00:00,0.0,0.0,0.0,0.0,0.0,0.0
02-02 01:00:00,0.0,0.0,0.0,0.0,0.0,0.0
02-02 02:00:00,0.0,0.0,0.0,0.0,0.0,0.0
02-02 03:00:00,0.0,0.0,0.0,0.0,0.0,0.0
02-02 04:00:00,0.0,0.0,0.0,0.0,0.0,0.0
02-02 05:00:00,0.0,0.0,0.0,0.0,0.0,0.0
02-02 06:00:00,0.0,0.0,0.0,0.0,0.0,0.0
02-02 07:00:00,0.0,0.0,0.0,0.0,0.0,0.0
02-02 08:00:00,0.0,0.0,0.0,0.0,0.0,0.0
02-02 09:00:00,0.0,0.0,0.0,0.0,0.0,0.0
02-02 10:00:00,174.0,87.0,107.0,93.0,156.0,123.4
02-02 11:00:00,429.0,364.0,415.0,0.0,437.0,329.0
02-02 12:00:00,685.0,675.0,576.0,525.0,643.0,620.8
02-02 13:00:00,882.0,870.0,823.0,738.0,792.0,821.0
02-02 14:00:00,999.0,1003.0,350.0,730.0,854.0,787.2
02-02 15:00:00,1021.0,822.0,363.0,922.0,864.0,798.4
02-02 16:00:00,874.0,808.0,350.0,913.0,929.0,774.8
02-02 17:00:00,834.0,390.0,961.0,726.0,482.0,678.6
02-02 18:00:00,837.0,884.0,794.0,100.0,595.0,642.0
02-02 19:00:00,677.0,627.0,87.0,57.0,210.0,331.6
02-02 20:00:00,392.0,341.0,36.0,35.0,55.0,171.8
02-02 21:00:00,13.0,13.0,13.0,13.0,48.0,20.0
02-02 22:00:00,0.0,0.0,0.0,0.0,0.0,0.0
02-02 23:00:00,0.0,0.0,0.0,0.0,0.0,0.0
03-02 00:00:00,0.0,0.0,0.0,0.0,0.0,0.0
03-02 01:00:00,0.0,0.0,0.0,0.0,0.0,0.0
03-02 02:00:00,0.0,0.0,0.0,0.0,0.0,0.0
03-02 03:00:00,0.0,0.0,0.0,0.0,0.0,0.0
03-02 04:00:00,0.0,0.0,0.0,0.0,0.0,0.0
03-02 05:00:00,0.0,0.0,0.0,0.0,0.0,0.0
03-02 06:00:00,0.0,0.0,0.0,0.0,0.0,0.0
03-02 07:00:00,0.0,0.0,0.0,0.0,0.0,0.0
03-02 08:00:00,0.0,0.0,0.0,0.0,0.0,0.0
03-02 09:00:00,0.0,0.0,0.0,0.0,0.0,0.0
03-02 10:00:00,174.0,134.0,66.0,112.0,16.0,100.4
03-02 11:00:00,427.0,419.0,192.0,282.0,85.0,281.0
03-02 12:00:00,692.0,666.0,204.0,487.0,322.0,474.2
03-02 13:00:00,882.0,869.0,153.0,605.0,856.0,673.0
03-02 14:00:00,1046.0,1019.0,365.0,799.0,705.0,786.8
03-02 15:00:00,1121.0,992.0,1089.0,1057.0,1053.0,1062.4
03-02 16:00:00,1013.0,1083.0,1079.0,1009.0,1005.0,1037.8
03-02 17:00:00,805.0,974.0,853.0,957.0,980.0,913.8
03-02 18:00:00,829.0,551.0,107.0,721.0,559.0,553.4
03-02 19:00:00,619.0,111.0,63.0,590.0,280.0,332.6
03-02 20:00:00,392.0,64.0,108.0,384.0,36.0,196.8
03-02 21:00:00,139.0,69.0,13.0,107.0,13.0,68.2
03-02 22:00:00,0.0,0.0,0.0,0.0,0.0,0.0
03-02 23:00:00,0.0,0.0,0.0,0.0,0.0,0.0
04-02 00:00:00,0.0,0.0,0.0,0.0,0.0,0.0
04-02 01:00:00,0.0,0.0,0.0,0.0,0.0,0.0
04-02 02:00:00,0.0,0.0,0.0,0.0,0.0,0.0
04-02 03:00:00,0.0,0.0,0.0,0.0,0.0,0.0
04-02 04:00:00,0.0,0.0,0.0,0.0,0.0,0.0
04-02 05:00:00,0.0,0.0,0.0,0.0,0.0,0.0
04-02 06:00:00,0.0,0.0,0.0,0.0,0.0,0.0
04-02 07:00:00,0.0,0.0,0.0,0.0,0.0,0.0
04-02 08:00:00,0.0,0.0,0.0,0.0,0.0,0.0
04-02 09:00:00,0.0,0.0,0.0,0.0,0.0,0.0
04-02 10:00:00,95.0,16.0,44.0,167.0,135.0,91.4
04-02 11:00:00,217.0,71.0,194.0,413.0,387.0,256.4
04-02 12:00:00,310.0,308.0,295.0,656.0,619.0,437.6
04-02 13:00:00,579.0,794.0,457.0,866.0,755.0,690.2
04-02 14:00:00,1006.0,999.0,949.0,989.0,913.0,971.2
04-02 15:00:00,1108.0,1005.0,1074.0,1028.0,1045.0,1052.0
04-02 16:00:00,1126.0,1119.0,1093.0,907.0,909.0,1030.8
04-02 17:00:00,1021.0,936.0,1016.0,977.0,660.0,922.0
04-02 18:00:00,882.0,823.0,834.0,847.0,612.0,799.6
04-02 19:00:00,635.0,578.0,494.0,559.0,639.0,581.0
04-02 20:00:00,390.0,314.0,362.0,96.0,271.0,286.6
04-02 21:00:00,13.0,102.0,64.0,109.0,121.0,81.8
04-02 22:00:00,0.0,0.0,0.0,0.0,0.0,0.0
04-02 23:00:00,0.0,0.0,0.0,0.0,0.0,0.0
05-02 00:00:00,0.0,0.0,0.0,0.0,0.0,0.0
05-02 01:00:00,0.0,0.0,0.0,0.0,0.0,0.0
05-02 02:00:00,0.0,0.0,0.0,0.0,0.0,0.0
05-02 03:00:00,0.0,0.0,0.0,0.0,0.0,0.0
05-02 04:00:00,0.0,0.0,0.0,0.0,0.0,0.0
05-02 05:00:00,0.0,0.0,0.0,0.0,0.0,0.0
05-02 06:00:00,0.0,0.0,0.0,0.0,0.0,0.0
05-02 07:00:00,0.0,0.0,0.0,0.0,0.0,0.0
05-02 08:00:00,0.0,0.0,0.0,0.0,0.0,0.0
05-02 09:00:00,0.0,0.0,0.0,0.0,0.0,0.0
05-02 10:00:00,94.0,139.0,104.0,56.0,79.0,94.4
05-02 11:00:00,248.0,341.0,326.0,281.0,209.0,281.0
05-02 12:00:00,568.0,450.0,551.0,415.0,485.0,493.8
05-02 13:00:00,863.0,539.0,835.0,721.0,710.0,733.6
05-02 14:00:00,997.0,775.0,697.0,654.0,912.0,807.0
05-02 15:00:00,1093.0,815.0,1026.0,875.0,1080.0,977.8
05-02 16:00:00,1066.0,900.0,911.0,638.0,1070.0,917.0
05-02 17:00:00,974.0,975.0,898.0,129.0,951.0,785.4
05-02 18:00:00,735.0,636.0,95.0,150.0,777.0,478.6
05-02 19:00:00,619.0,489.0,90.0,107.0,78.0,276.6
05-02 20:00:00,395.0,401.0,35.0,298.0,35.0,232.8
05-02 21:00:00,13.0,86.0,13.0,13.0,29.0,30.8
05-02 22:00:00,0.0,0.0,0.0,0.0,0.0,0.0
05-02 23:00:00,0.0,0.0,0.0,0.0,0.0,0.0
06-02 00:00:00,0.0,0.0,0.0,0.0,0.0,0.0
06-02 01:00:00,0.0,0.0,0.0,0.0,0.0,0.0
06-02 02:00:00,0.0,0.0,0.0,0.0,0.0,0.0
06-02 03:00:00,0.0,0.0,0.0,0.0,0.0,0.0
06-02 04:00:00,0.0,0.0,0.0,0.0,0.0,0.0
06-02 05:00:00,0.0,0.0,0.0,0.0,0.0,0.0
06-02 06:00:00,0.0,0.0,0.0,0.0,0.0,0.0
06-02 07:00:00,0.0,0.0,0.0,0.0,0.0,0.0
06-02 08:00:00,0.0,0.0,0.0,0.0,0.0,0.0
06-02 09:00:00,0.0,0.0,0.0,0.0,0.0,0.0
06-02 10:00:00,15.0,83.0,24.0,85.0,162.0,73.8
06-02 11:00:00,38.0,314.0,48.0,155.0,422.0,195.4
06-02 12:00:00,149.0,521.0,149.0,377.0,663.0,371.8
06-02 13:00:00,335.0,404.0,306.0,529.0,854.0,485.6
06-02 14:00:00,608.0,668.0,436.0,794.0,851.0,671.4
06-02 15:00:00,969.0,1004.0,396.0,863.0,150.0,676.4
06-02 16:00:00,805.0,863.0,342.0,772.0,118.0,580.0
06-02 17:00:00,831.0,899.0,305.0,545.0,105.0,537.0
06-02 18:00:00,614.0,663.0,227.0,631.0,163.0,459.6
06-02 19:00:00,433.0,317.0,75.0,553.0,129.0,301.4
06-02 20:00:00,118.0,35.0,35.0,127.0,115.0,86.0
06-02 21:00:00,52.0,13.0,13.0,145.0,15.0,47.6
06-02 22:00:00,0.0,0.0,0.0,0.0,0.0,0.0
06-02 23:00:00,0.0,0.0,0.0,0.0,0.0,0.0
07-02 00:00:00,0.0,0.0,0.0,0.0,0.0,0.0
07-02 01:00:00,0.0,0.0,0.0,0.0,0.0,0.0
07-02 02:00:00,0.0,0.0,0.0,0.0,0.0,0.0
07-02 03:00:00,0.0,0.0,0.0,0.0,0.0,0.0
07-02 04:00:00,0.0,0.0,0.0,0.0,0.0,0.0
07-02 05:00:00,0.0,0.0,0.0,0.0,0.0,0.0
07-02 06:00:00,0.0,0.0,0.0,0.0,0.0,0.0
07-02 07:00:00,0.0,0.0,0.0,0.0,0.0,0.0
07-02 08:00:00,0.0,0.0,0.0,0.0,0.0,0.0
07-02 09:00:00,0.0,0.0,0.0,0.0,0.0,0.0
07-02 10:00:00,61.0,33.0,33.0,112.0,146.0,77.0
07-02 11:00:00,237.0,83.0,112.0,215.0,331.0,195.6
07-02 12:00:00,132.0,304.0,124.0,245.0,557.0,272.4
07-02 13:00:00,178.0,259.0,303.0,512.0,756.0,401.6
07-02 14:00:00,348.0,435.0,448.0,353.0,971.0,511.0
07-02 15:00:00,1083.0,627.0,559.0,647.0,1095.0,802.2
07-02 16:00:00,149.0,570.0,762.0,906.0,1062.0,689.8
07-02 17:00:00,495.0,273.0,658.0,934.0,113.0,494.6
07-02 18:00:00,125.0,425.0,98.0,817.0,201.0,333.2
07-02 19:00:00,68.0,78.0,77.0,573.0,502.0,259.6
07-02 20:00:00,35.0,69.0,228.0,361.0,388.0,216.2
07-02 21:00:00,13.0,14.0,29.0,13.0,100.0,33.8
07-02 22:00:00,0.0,0.0,0.0,0.0,0.0,0.0
07-02 23:00:00,0.0,0.0,0.0,0.0,0.0,0.0
08-02 00:00:00,0.0,0.0,0.0,0.0,0.0,0.0
08-02 01:00:00,0.0,0.0,0.0,0.0,0.0,0.0
08-02 02:00:00,0.0,0.0,0.0,0.0,0.0,0.0
08-02 03:00:00,0.0,0.0,0.0,0.0,0.0,0.0
08-02 04:00:00,0.0,0.0,0.0,0.0,0.0,0.0
08-02 05:00:00,0.0,0.0,0.0,0.0,0.0,0.0
08-02 06:00:00,0.0,0.0,0.0,0.0,0.0,0.0
08-02 07:00:00,0.0,0.0,0.0,0.0,0.0,0.0
08-02 08:00:00,0.0,0.0,0.0,0.0,0.0,0.0
08-02 09:00:00,0.0,0.0,0.0,0.0,0.0,0.0
08-02 10:00:00,159.0,38.0,95.0,84.0,159.0,107.0
08-02 11:00:00,409.0,49.0,217.0,61.0,427.0,232.6
08-02 12:00:00,339.0,100.0,512.0,230.0,662.0,368.6
08-02 13:00:00,365.0,139.0,892.0,758.0,867.0,604.2
08-02 14:00:00,520.0,206.0,971.0,804.0,768.0,653.8
08-02 15:00:00,1075.0,383.0,1096.0,1007.0,981.0,908.4
08-02 16:00:00,722.0,238.0,962.0,921.0,1006.0,769.8
08-02 17:00:00,673.0,289.0,999.0,570.0,620.0,630.2
08-02 18:00:00,165.0,161.0,833.0,596.0,215.0,394.0
08-02 19:00:00,364.0,194.0,551.0,154.0,203.0,293.2
08-02 20:00:00,35.0,222.0,311.0,103.0,35.0,141.2
08-02 21:00:00,30.0,13.0,66.0,13.0,13.0,27.0
08-02 22:00:00,0.0,0.0,0.0,0.0,0.0,0.0
08-02 23:00:00,0.0,0.0,0.0,0.0,0.0,0.0
09-02 00:00:00,0.0,0.0,0.0,0.0,0.0,0.0
09-02 01:00:00,0.0,0.0,0.0,0.0,0.0,0.0
09-02 02:00:00,0.0,0.0,0.0,0.0,0.0,0.0
09-02 03:00:00,0.0,0.0,0.0,0.0,0.0,0.0
09-02 04:00:00,0.0,0.0,0.0,0.0,0.0,0.0
09-02 05:00:00,0.0,0.0,0.0,0.0,0.0,0.0
09-02 06:00:00,0.0,0.0,0.0,0.0,0.0,0.0
09-02 07:00:00,0.0,0.0,0.0,0.0,0.0,0.0
09-02 08:00:00,0.0,0.0,0.0,0.0,0.0,0.0
09-02 09:00:00,0.0,0.0,0.0,0.0,0.0,0.0
09-02 10:00:00,136.0,50.0,132.0,32.0,100.0,90.0
09-02 11:00:00,248.0,234.0,322.0,247.0,100.0,230.2
09-02 12:00:00,625.0,212.0,291.0,432.0,458.0,403.6
09-02 13:00:00,777.0,278.0,576.0,584.0,839.0,610.8
09-02 14:00:00,935.0,281.0,880.0,719.0,609.0,684.8
09-02 15:00:00,876.0,325.0,991.0,906.0,1054.0,830.4
09-02 16:00:00,896.0,382.0,1048.0,748.0,823.0,779.4
09-02 17:00:00,484.0,436.0,887.0,950.0,118.0,575.0
09-02 18:00:00,95.0,304.0,641.0,818.0,76.0,386.8
09-02 19:00:00,57.0,215.0,249.0,622.0,57.0,240.0
09-02 20:00:00,324.0,35.0,36.0,398.0,35.0,165.6
09-02 21:00:00,13.0,12.0,13.0,136.0,13.0,37.4
09-02 22:00:00,0.0,0.0,0.0,0.0,0.0,0.0
09-02 23:00:00,0.0,0.0,0.0,0.0,0.0,0.0
10-02 00:00:00,0.0,0.0,0.0,0.0,0.0,0.0
10-02 01:00:00,0.0,0.0,0.0,0.0,0.0,0.0
10-02 02:00:00,0.0,0.0,0.0,0.0,0.0,0.0
10-02 03:00:00,0.0,0.0,0.0,0.0,0.0,0.0
10-02 04:00:00,0.0,0.0,0.0,0.0,0.0,0.0
10-02 05:00:00,0.0,0.0,0.0,0.0,0.0,0.0
10-02 06:00:00,0.0,0.0,0.0,0.0,0.0,0.0
10-02 07:00:00,0.0,0.0,0.0,0.0,0.0,0.0
10-02 08:00:00,0.0,0.0,0.0,0.0,0.0,0.0
10-02 09:00:00,0.0,0.0,0.0,0.0,0.0,0.0
10-02 10:00:00,141.0,46.0,143.0,50.0,153.0,106.6
10-02 11:00:00,229.0,129.0,402.0,126.0,134.0,204.0
10-02 12:00:00,494.0,284.0,663.0,130.0,237.0,361.6
10-02 13:00:00,565.0,259.0,749.0,222.0,458.0,450.6
10-02 14:00:00,780.0,260.0,619.0,212.0,790.0,532.2
10-02 15:00:00,678.0,585.0,276.0,285.0,1016.0,568.0
10-02 16:00:00,846.0,643.0,601.0,284.0,320.0,538.8
10-02 17:00:00,792.0,615.0,944.0,553.0,148.0,610.4
10-02 18:00:00,286.0,759.0,528.0,434.0,90.0,419.4
10-02 19:00:00,110.0,619.0,292.0,307.0,57.0,277.0
10-02 20:00:00,35.0,371.0,64.0,80.0,35.0,117.0
10-02 21:00:00,12.0,66.0,13.0,51.0,12.0,30.8
10-02 22:00:00,0.0,0.0,0.0,0.0,0.0,0.0
10-02 23:00:00,0.0,0.0,0.0,0.0,0.0,0.0
11-02 00:00:00,0.0,0.0,0.0,0.0,0.0,0.0
11-02 01:00:00,0.0,0.0,0.0,0.0,0.0,0.0
11-02 02:00:00,0.0,0.0,0.0,0.0,0.0,0.0
11-02 03:00:00,0.0,0.0,0.0,0.0,0.0,0.0
11-02 04:00:00,0.0,0.0,0.0,0.0,0.0,0.0
11-02 05:00:00,0.0,0.0,0.0,0.0,0.0,0.0
11-02 06:00:00,0.0,0.0,0.0,0.0,0.0,0.0
11-02 07:00:00,0.0,0.0,0.0,0.0,0.0,0.0
11-02 08:00:00,0.0,0.0,0.0,0.0,0.0,0.0
11-02 09:00:00,0.0,0.0,0.0,0.0,0.0,0.0
11-02 10:00:00,83.0,111.0,89.0,59.0,113.0,91.0
11-02 11:00:00,91.0,407.0,360.0,192.0,363.0,282.6
11-02 12:00:00,161.0,607.0,530.0,474.0,635.0,481.4
11-02 13:00:00,521.0,851.0,701.0,653.0,742.0,693.6
11-02 14:00:00,800.0,996.0,795.0,471.0,874.0,787.2
11-02 15:00:00,1009.0,1094.0,870.0,512.0,1056.0,908.2
11-02 16:00:00,1055.0,945.0,979.0,406.0,942.0,865.4
11-02 17:00:00,848.0,873.0,858.0,675.0,956.0,842.0
11-02 18:00:00,811.0,744.0,692.0,361.0,800.0,681.6
11-02 19:00:00,520.0,549.0,223.0,336.0,424.0,410.4
11-02 20:00:00,35.0,326.0,177.0,65.0,65.0,133.6
11-02 21:00:00,12.0,135.0,12.0,12.0,94.0,53.0
11-02 22:00:00,0.0,0.0,0.0,0.0,0.0,0.0
11-02 23:00:00,0.0,0.0,0.0,0.0,0.0,0.0
12-02 00:00:00,0.0,0.0,0.0,0.0,0.0,0.0
12-02 01:00:00,0.0,0.0,0.0,0.0,0.0,0.0
12-02 02:00:00,0.0,0.0,0.0,0.0,0.0,0.0
12-02 03:00:00,0.0,0.0,0.0,0.0,0.0,0.0
12-02 04:00:00,0.0,0.0,0.0,0.0,0.0,0.0
12-02 05:00:00,0.0,0.0,0.0,0.0,0.0,0.0
12-02 06:00:00,0.0,0.0,0.0,0.0,0.0,0.0
12-02 07:00:00,0.0,0.0,0.0,0.0,0.0,0.0
12-02 08:00:00,0.0,0.0,0.0,0.0,0.0,0.0
12-02 09:00:00,0.0,0.0,0.0,0.0,0.0,0.0
12-02 10:00:00,42.0,158.0,151.0,118.0,74.0,108.6
12-02 11:00:00,84.0,408.0,76.0,363.0,359.0,258.0
12-02 12:00:00,409.0,625.0,141.0,354.0,651.0,436.0
12-02 13:00:00,678.0,821.0,164.0,713.0,833.0,641.8
12-02 14:00:00,825.0,881.0,168.0,721.0,986.0,716.2
12-02 15:00:00,926.0,677.0,222.0,964.0,999.0,757.6
12-02 16:00:00,802.0,460.0,227.0,1016.0,879.0,676.8
12-02 17:00:00,787.0,310.0,89.0,947.0,971.0,620.8
12-02 18:00:00,94.0,76.0,114.0,777.0,291.0,270.4
12-02 19:00:00,140.0,57.0,57.0,460.0,202.0,183.2
12-02 20:00:00,39.0,35.0,35.0,46.0,61.0,43.2
12-02 21:00:00,71.0,12.0,12.0,76.0,40.0,42.2
12-02 22:00:00,0.0,0.0,0.0,0.0,0.0,0.0
12-02 23:00:00,0.0,0.0,0.0,0.0,0.0,0.0
13-02 00:00:00,0.0,0.0,0.0,0.0,0.0,0.0
13-02 01:00:00,0.0,0.0,0.0,0.0,0.0,0.0
13-02 02:00:00,0.0,0.0,0.0,0.0,0.0,0.0
13-02 03:00:00,0.0,0.0,0.0,0.0,0.0,0.0
13-02 04:00:00,0.0,0.0,0.0,0.0,0.0,0.0
13-02 05:00:00,0.0,0.0,0.0,0.0,0.0,0.0
13-02 06:00:00,0.0,0.0,0.0,0.0,0.0,0.0
13-02 07:00:00,0.0,0.0,0.0,0.0,0.0,0.0
13-02 08:00:00,0.0,0.0,0.0,0.0,0.0,0.0
13-02 09:00:00,0.0,0.0,0.0,0.0,0.0,0.0
13-02 10:00:00,136.0,42.0,71.0,50.0,128.0,85.4
13-02 11:00:00,309.0,293.0,356.0,123.0,394.0,295.0
13-02 12:00:00,595.0,572.0,327.0,232.0,469.0,439.0
13-02 13:00:00,747.0,674.0,581.0,468.0,855.0,665.0
13-02 14:00:00,886.0,914.0,794.0,548.0,846.0,797.6
13-02 15:00:00,635.0,927.0,464.0,894.0,770.0,738.0
13-02 16:00:00,319.0,1017.0,728.0,1050.0,851.0,793.0
13-02 17:00:00,370.0,899.0,863.0,930.0,868.0,786.0
13-02 18:00:00,582.0,597.0,674.0,744.0,200.0,559.4
13-02 19:00:00,69.0,98.0,108.0,587.0,61.0,184.6
13-02 20:00:00,35.0,108.0,52.0,189.0,35.0,83.8
13-02 21:00:00,12.0,57.0,12.0,105.0,12.0,39.6
13-02 22:00:00,0.0,0.0,0.0,0.0,0.0,0.0
13-02 23:00:00,0.0,0.0,0.0,0.0,0.0,0.0
14-02 00:00:00,0.0,0.0,0.0,0.0,0.0,0.0
14-02 01:00:00,0.0,0.0,0.0,0.0,0.0,0.0
14-02 02:00:00,0.0,0.0,0.0,0.0,0.0,0.0
14-02 03:00:00,0.0,0.0,0.0,0.0,0.0,0.0
14-02 04:00:00,0.0,0.0,0.0,0.0,0.0,0.0
14-02 05:00:00,0.0,0.0,0.0,0.0,0.0,0.0
14-02 06:00:00,0.0,0.0,0.0,0.0,0.0,0.0
14-02 07:00:00,0.0,0.0,0.0,0.0,0.0,0.0
14-02 08:00:00,0.0,0.0,0.0,0.0,0.0,0.0
14-02 09:00:00,0.0,0.0,0.0,0.0,0.0,0.0
14-02 10:00:00,77.0,131.0,129.0,21.0,110.0,93.6
14-02 11:00:00,398.0,404.0,297.0,109.0,367.0,315.0
14-02 12:00:00,658.0,651.0,515.0,296.0,582.0,540.4
14-02 13:00:00,857.0,857.0,687.0,552.0,850.0,760.6
14-02 14:00:00,956.0,993.0,815.0,626.0,1007.0,879.4
14-02 15:00:00,1062.0,1085.0,904.0,795.0,1106.0,990.4
14-02 16:00:00,1053.0,1030.0,510.0,643.0,1022.0,851.6
14-02 17:00:00,946.0,1000.0,542.0,661.0,898.0,809.4
14-02 18:00:00,841.0,800.0,820.0,151.0,747.0,671.8
14-02 19:00:00,494.0,562.0,502.0,207.0,505.0,454.0
14-02 20:00:00,368.0,222.0,81.0,101.0,332.0,220.8
14-02 21:00:00,12.0,12.0,12.0,12.0,96.0,28.8
14-02 22:00:00,0.0,0.0,0.0,0.0,0.0,0.0
14-02 23:00:00,0.0,0.0,0.0,0.0,0.0,0.0
15-02 00:00:00,0.0,0.0,0.0,0.0,0.0,0.0
15-02 01:00:00,0.0,0.0,0.0,0.0,0.0,0.0
15-02 02:00:00,0.0,0.0,0.0,0.0,0.0,0.0
15-02 03:00:00,0.0,0.0,0.0,0.0,0.0,0.0
15-02 04:00:00,0.0,0.0,0.0,0.0,0.0,0.0
15-02 05:00:00,0.0,0.0,0.0,0.0,0.0,0.0
15-02 06:00:00,0.0,0.0,0.0,0.0,0.0,0.0
15-02 07:00:00,0.0,0.0,0.0,0.0,0.0,0.0
15-02 08:00:00,0.0,0.0,0.0,0.0,0.0,0.0
15-02 09:00:00,0.0,0.0,0.0,0.0,0.0,0.0
15-02 10:00:00,97.0,124.0,54.0,139.0,155.0,113.8
15-02 11:00:00,324.0,393.0,283.0,328.0,420.0,349.6
15-02 12:00:00,570.0,651.0,461.0,644.0,665.0,598.2
15-02 13:00:00,810.0,852.0,616.0,804.0,870.0,790.4
15-02 14:00:00,655.0,947.0,783.0,565.0,1002.0,790.4
15-02 15:00:00,709.0,752.0,859.0,1057.0,993.0,874.0
15-02 16:00:00,657.0,1077.0,828.0,1082.0,1086.0,946.0
15-02 17:00:00,704.0,989.0,816.0,1000.0,1009.0,903.6
15-02 18:00:00,745.0,809.0,634.0,827.0,877.0,778.4
15-02 19:00:00,606.0,641.0,159.0,603.0,620.0,525.8
15-02 20:00:00,52.0,324.0,60.0,344.0,328.0,221.6
15-02 21:00:00,12.0,12.0,12.0,45.0,12.0,18.6
15-02 22:00:00,0.0,0.0,0.0,0.0,0.0,0.0
15-02 23:00:00,0.0,0.0,0.0,0.0,0.0,0.0
16-02 00:00:00,0.0,0.0,0.0,0.0,0.0,0.0
16-02 01:00:00,0.0,0.0,0.0,0.0,0.0,0.0
16-02 02:00:00,0.0,0.0,0.0,0.0,0.0,0.0
16-02 03:00:00,0.0,0.0,0.0,0.0,0.0,0.0
16-02 04:00:00,0.0,0.0,0.0,0.0,0.0,0.0
16-02 05:00:00,0.0,0.0,0.0,0.0,0.0,0.0
16-02 06:00:00,0.0,0.0,0.0,0.0,0.0,0.0
16-02 07:00:00,0.0,0.0,0.0,0.0,0.0,0.0
16-02 08:00:00,0.0,0.0,0.0,0.0,0.0,0.0
16-02 09:00:00,0.0,0.0,0.0,0.0,0.0,0.0
16-02 10:00:00,56.0,96.0,36.0,142.0,110.0,88.0
16-02 11:00:00,174.0,357.0,220.0,400.0,376.0,305.4
16-02 12:00:00,442.0,637.0,334.0,646.0,587.0,529.2
16-02 13:00:00,369.0,859.0,668.0,846.0,839.0,716.2
16-02 14:00:00,274.0,894.0,892.0,992.0,984.0,807.2
16-02 15:00:00,376.0,653.0,605.0,1090.0,946.0,734.0
16-02 16:00:00,259.0,306.0,254.0,693.0,1042.0,510.8
16-02 17:00:00,378.0,196.0,806.0,773.0,912.0,613.0
16-02 18:00:00,426.0,773.0,479.0,164.0,814.0,531.2
16-02 19:00:00,74.0,56.0,571.0,493.0,617.0,362.2
16-02 20:00:00,43.0,34.0,34.0,34.0,328.0,94.6
16-02 21:00:00,12.0,12.0,63.0,12.0,17.0,23.2
16-02 22:00:00,0.0,0.0,0.0,0.0,0.0,0.0
16-02 23:00:00,0.0,0.0,0.0,0.0,0.0,0.0
17-02 00:00:00,0.0,0.0,0.0,0.0,0.0,0.0
17-02 01:00:00,0.0,0.0,0.0,0.0,0.0,0.0
17-02 02:00:00,0.0,0.0,0.0,0.0,0.0,0.0
17-02 03:00:00,0.0,0.0,0.0,0.0,0.0,0.0
17-02 04:00:00,0.0,0.0,0.0,0.0,0.0,0.0
17-02 05:00:00,0.0,0.0,0.0,0.0,0.0,0.0
17-02 06:00:00,0.0,0.0,0.0,0.0,0.0,0.0
17-02 07:00:00,0.0,0.0,0.0,0.0,0.0,0.0
17-02 08:00:00,0.0,0.0,0.0,0.0,0.0,0.0
17-02 09:00:00,0.0,0.0,0.0,0.0,0.0,0.0
17-02 10:00:00,77.0,77.0,86.0,13.0,137.0,78.0
17-02 11:00:00,214.0,312.0,248.0,87.0,401.0,252.4
17-02 12:00:00,218.0,620.0,635.0,449.0,638.0,512.0
17-02 13:00:00,306.0,688.0,819.0,819.0,757.0,677.8
17-02 14:00:00,158.0,720.0,895.0,715.0,888.0,675.2
17-02 15:00:00,195.0,347.0,1033.0,554.0,1000.0,625.8
17-02 16:00:00,215.0,524.0,1059.0,805.0,1002.0,721.0
17-02 17:00:00,199.0,320.0,901.0,551.0,960.0,586.2
17-02 18:00:00,180.0,478.0,521.0,418.0,830.0,485.4
17-02 19:00:00,75.0,132.0,110.0,432.0,537.0,257.2
17-02 20:00:00,34.0,63.0,34.0,133.0,278.0,108.4
17-02 21:00:00,11.0,11.0,11.0,48.0,24.0,21.0
17-02 22:00:00,0.0,0.0,0.0,0.0,0.0,0.0
17-02 23:00:00,0.0,0.0,0.0,0.0,0.0,0.0
18-02 00:00:00,0.0,0.0,0.0,0.0,0.0,0.0
18-02 01:00:00,0.0,0.0,0.0,0.0,0.0,0.0
18-02 02:00:00,0.0,0.0,0.0,0.0,0.0,0.0
18-02 03:00:00,0.0,0.0,0.0,0.0,0.0,0.0
18-02 04:00:00,0.0,0.0,0.0,0.0,0.0,0.0
18-02 05:00:00,0.0,0.0,0.0,0.0,0.0,0.0
18-02 06:00:00,0.0,0.0,0.0,0.0,0.0,0.0
18-02 07:00:00,0.0,0.0,0.0,0.0,0.0,0.0
18-02 08:00:00,0.0,0.0,0.0,0.0,0.0,0.0
18-02 09:00:00,0.0,0.0,0.0,0.0,0.0,0.0
18-02 10:00:00,27.0,80.0,80.0,135.0,40.0,72.4
18-02 11:00:00,306.0,295.0,322.0,360.0,36.0,263.8
18-02 12:00:00,309.0,538.0,246.0,617.0,369.0,415.8
18-02 13:00:00,443.0,693.0,560.0,774.0,583.0,610.6
18-02 14:00:00,453.0,949.0,632.0,897.0,592.0,704.6
18-02 15:00:00,209.0,1032.0,927.0,864.0,186.0,643.6
18-02 16:00:00,716.0,511.0,989.0,934.0,242.0,678.4
18-02 17:00:00,610.0,789.0,942.0,893.0,357.0,718.2
18-02 18:00:00,357.0,543.0,541.0,698.0,619.0,551.6
18-02 19:00:00,114.0,194.0,228.0,166.0,623.0,265.0
18-02 20:00:00,34.0,303.0,34.0,224.0,376.0,194.2
18-02 21:00:00,11.0,11.0,11.0,11.0,11.0,11.0
18-02 22:00:00,0.0,0.0,0.0,0.0,0.0,0.0
18-02 23:00:00,0.0,0.0,0.0,0.0,0.0,0.0
19-02 00:00:00,0.0,0.0,0.0,0.0,0.0,0.0
19-02 01:00:00,0.0,0.0,0.0,0.0,0.0,0.0
19-02 02:00:00,0.0,0.0,0.0,0.0,0.0,0.0
19-02 03:00:00,0.0,0.0,0.0,0.0,0.0,0.0
19-02 04:00:00,0.0,0.0,0.0,0.0,0.0,0.0
19-02 05:00:00,0.0,0.0,0.0,0.0,0.0,0.0
19-02 06:00:00,0.0,0.0,0.0,0.0,0.0,0.0
19-02 07:00:00,0.0,0.0,0.0,0.0,0.0,0.0
19-02 08:00:00,0.0,0.0,0.0,0.0,0.0,0.0
19-02 09:00:00,0.0,0.0,0.0,0.0,0.0,0.0
19-02 10:00:00,120.0,80.0,68.0,23.0,118.0,81.8
19-02 11:00:00,347.0,225.0,112.0,54.0,406.0,228.8
19-02 12:00:00,480.0,425.0,283.0,88.0,648.0,384.8
19-02 13:00:00,563.0,718.0,298.0,120.0,833.0,506.4
19-02 14:00:00,553.0,715.0,388.0,170.0,950.0,555.2
19-02 15:00:00,749.0,824.0,686.0,139.0,974.0,674.4
19-02 16:00:00,813.0,914.0,876.0,148.0,1077.0,765.6
19-02 17:00:00,919.0,808.0,839.0,171.0,940.0,735.4
19-02 18:00:00,754.0,771.0,860.0,113.0,791.0,657.8
19-02 19:00:00,416.0,107.0,605.0,118.0,627.0,374.6
19-02 20:00:00,391.0,77.0,236.0,34.0,314.0,210.4
19-02 21:00:00,13.0,21.0,11.0,11.0,61.0,23.4
19-02 22:00:00,0.0,0.0,0.0,0.0,0.0,0.0
19-02 23:00:00,0.0,0.0,0.0,0.0,0.0,0.0
20-02 00:00:00,0.0,0.0,0.0,0.0,0.0,0.0
20-02 01:00:00,0.0,0.0,0.0,0.0,0.0,0.0
20-02 02:00:00,0.0,0.0,0.0,0.0,0.0,0.0
20-02 03:00:00,0.0,0.0,0.0,0.0,0.0,0.0
20-02 04:00:00,0.0,0.0,0.0,0.0,0.0,0.0
20-02 05:00:00,0.0,0.0,0.0,0.0,0.0,0.0
20-02 06:00:00,0.0,0.0,0.0,0.0,0.0,0.0
20-02 07:00:00,0.0,0.0,0.0,0.0,0.0,0.0
20-02 08:00:00,0.0,0.0,0.0,0.0,0.0,0.0
20-02 09:00:00,0.0,0.0,0.0,0.0,0.0,0.0
20-02 10:00:00,107.0,87.0,13.0,68.0,130.0,81.0
20-02 11:00:00,358.0,176.0,78.0,216.0,394.0,244.4
20-02 12:00:00,631.0,416.0,419.0,348.0,520.0,466.8
20-02 13:00:00,843.0,775.0,663.0,591.0,480.0,670.4
20-02 14:00:00,847.0,949.0,644.0,520.0,868.0,765.6
20-02 15:00:00,889.0,897.0,942.0,592.0,801.0,824.2
20-02 16:00:00,1055.0,252.0,680.0,864.0,1046.0,779.4
20-02 17:00:00,985.0,197.0,744.0,193.0,716.0,567.0
20-02 18:00:00,758.0,411.0,512.0,242.0,838.0,552.2
20-02 19:00:00,56.0,494.0,309.0,282.0,522.0,332.6
20-02 20:00:00,47.0,329.0,74.0,34.0,34.0,103.6
20-02 21:00:00,11.0,96.0,11.0,22.0,119.0,51.8
20-02 22:00:00,0.0,0.0,0.0,0.0,0.0,0.0
20-02 23:00:00,0.0,0.0,0.0,0.0,0.0,0.0
21-02 00:00:00,0.0,0.0,0.0,0.0,0.0,0.0
21-02 01:00:00,0.0,0.0,0.0,0.0,0.0,0.0
21-02 02:00:00,0.0,0.0,0.0,0.0,0.0,0.0
21-02 03:00:00,0.0,0.0,0.0,0.0,0.0,0.0
21-02 04:00:00,0.0,0.0,0.0,0.0,0.0,0.0
21-02 05:00:00,0.0,0.0,0.0,0.0,0.0,0.0
21-02 06:00:00,0.0,0.0,0.0,0.0,0.0,0.0
21-02 07:00:00,0.0,0.0,0.0,0.0,0.0,0.0
21-02 08:00:00,0.0,0.0,0.0,0.0,0.0,0.0
21-02 09:00:00,0.0,0.0,0.0,0.0,0.0,0.0
21-02 10:00:00,69.0,106.0,70.0,141.0,27.0,82.6
21-02 11:00:00,70.0,363.0,98.0,50.0,178.0,151.8
21-02 12:00:00,190.0,499.0,275.0,166.0,467.0,319.4
21-02 13:00:00,514.0,668.0,302.0,552.0,752.0,557.6
21-02 14:00:00,772.0,672.0,662.0,797.0,714.0,723.4
21-02 15:00:00,765.0,987.0,861.0,1043.0,906.0,912.4
21-02 16:00:00,756.0,956.0,830.0,974.0,771.0,857.4
21-02 17:00:00,986.0,665.0,816.0,303.0,980.0,750.0
21-02 18:00:00,686.0,488.0,141.0,75.0,698.0,417.6
21-02 19:00:00,388.0,173.0,307.0,56.0,409.0,266.6
21-02 20:00:00,206.0,33.0,46.0,33.0,223.0,108.2
21-02 21:00:00,23.0,11.0,11.0,11.0,11.0,13.4
21-02 22:00:00,0.0,0.0,0.0,0.0,0.0,0.0
21-02 23:00:00,0.0,0.0,0.0,0.0,0.0,0.0
22-02 00:00:00,0.0,0.0,0.0,0.0,0.0,0.0
22-02 01:00:00,0.0,0.0,0.0,0.0,0.0,0.0
22-02 02:00:00,0.0,0.0,0.0,0.0,0.0,0.0
22-02 03:00:00,0.0,0.0,0.0,0.0,0.0,0.0
22-02 04:00:00,0.0,0.0,0.0,0.0,0.0,0.0
22-02 05:00:00,0.0,0.0,0.0,0.0,0.0,0.0
22-02 06:00:00,0.0,0.0,0.0,0.0,0.0,0.0
22-02 07:00:00,0.0,0.0,0.0,0.0,0.0,0.0
22-02 08:00:00,0.0,0.0,0.0,0.0,0.0,0.0
22-02 09:00:00,0.0,0.0,0.0,0.0,0.0,0.0
22-02 10:00:00,129.0,19.0,140.0,64.0,55.0,81.4
22-02 11:00:00,261.0,146.0,356.0,231.0,326.0,264.0
22-02 12:00:00,571.0,286.0,647.0,463.0,400.0,473.4
22-02 13:00:00,820.0,582.0,870.0,835.0,716.0,764.6
22-02 14:00:00,872.0,978.0,815.0,852.0,846.0,872.6
22-02 15:00:00,977.0,981.0,986.0,1089.0,767.0,960.0
22-02 16:00:00,1032.0,744.0,1060.0,1073.0,698.0,921.4
22-02 17:00:00,776.0,716.0,940.0,974.0,689.0,819.0
22-02 18:00:00,798.0,400.0,602.0,817.0,102.0,543.8
22-02 19:00:00,503.0,55.0,391.0,641.0,55.0,329.0
22-02 20:00:00,345.0,197.0,255.0,207.0,33.0,207.4
22-02 21:00:00,119.0,11.0,122.0,11.0,11.0,54.8
22-02 22:00:00,0.0,0.0,0.0,0.0,0.0,0.0
22-02 23:00:00,0.0,0.0,0.0,0.0,0.0,0.0
23-02 00:00:00,0.0,0.0,0.0,0.0,0.0,0.0
23-02 01:00:00,0.0,0.0,0.0,0.0,0.0,0.0
23-02 02:00:00,0.0,0.0,0.0,0.0,0.0,0.0
23-02 03:00:00,0.0,0.0,0.0,0.0,0.0,0.0
23-02 04:00:00,0.0,0.0,0.0,0.0,0.0,0.0
23-02 05:00:00,0.0,0.0,0.0,0.0,0.0,0.0
23-02 06:00:00,0.0,0.0,0.0,0.0,0.0,0.0
23-02 07:00:00,0.0,0.0,0.0,0.0,0.0,0.0
23-02 08:00:00,0.0,0.0,0.0,0.0,0.0,0.0
23-02 09:00:00,0.0,0.0,0.0,0.0,0.0,0.0
23-02 10:00:00,120.0,68.0,102.0,146.0,124.0,112.0
23-02 11:00:00,360.0,328.0,307.0,388.0,238.0,324.2
23-02 12:00:00,410.0,302.0,629.0,636.0,487.0,492.8
23-02 13:00:00,778.0,529.0,874.0,847.0,827.0,771.0
23-02 14:00:00,934.0,798.0,993.0,957.0,966.0,929.6
23-02 15:00:00,894.0,1021.0,1074.0,717.0,1007.0,942.6
23-02 16:00:00,973.0,1051.0,1081.0,1054.0,970.0,1025.8
23-02 17:00:00,685.0,948.0,1008.0,896.0,222.0,751.8
23-02 18:00:00,441.0,780.0,866.0,827.0,74.0,597.6
23-02 19:00:00,467.0,362.0,632.0,586.0,55.0,420.4
23-02 20:00:00,76.0,33.0,374.0,85.0,33.0,120.2
23-02 21:00:00,11.0,10.0,112.0,10.0,10.0,30.6
23-02 22:00:00,0.0,0.0,0.0,0.0,0.0,0.0
23-02 23:00:00,0.0,0.0,0.0,0.0,0.0,0.0
24-02 00:00:00,0.0,0.0,0.0,0.0,0.0,0.0
24-02 01:00:00,0.0,0.0,0.0,0.0,0.0,0.0
24-02 02:00:00,0.0,0.0,0.0,0.0,0.0,0.0
24-02 03:00:00,0.0,0.0,0.0,0.0,0.0,0.0
24-02 04:00:00,0.0,0.0,0.0,0.0,0.0,0.0
24-02 05:00:00,0.0,0.0,0.0,0.0,0.0,0.0
24-02 06:00:00,0.0,0.0,0.0,0.0,0.0,0.0
24-02 07:00:00,0.0,0.0,0.0,0.0,0.0,0.0
24-02 08:00:00,0.0,0.0,0.0,0.0,0.0,0.0
24-02 09:00:00,0.0,0.0,0.0,0.0,0.0,0.0
24-02 10:00:00,145.0,90.0,119.0,137.0,42.0,106.6
24-02 11:00:00,389.0,126.0,402.0,364.0,229.0,302.0
24-02 12:00:00,614.0,246.0,642.0,638.0,353.0,498.6
24-02 13:00:00,832.0,373.0,868.0,844.0,850.0,753.4
24-02 14:00:00,742.0,287.0,987.0,909.0,1009.0,786.8
24-02 15:00:00,1016.0,219.0,1006.0,994.0,1091.0,865.2
24-02 16:00:00,145.0,190.0,891.0,627.0,1102.0,591.0
24-02 17:00:00,136.0,163.0,1023.0,302.0,864.0,497.6
24-02 18:00:00,156.0,128.0,812.0,100.0,740.0,387.2
24-02 19:00:00,55.0,84.0,607.0,599.0,342.0,337.4
24-02 20:00:00,33.0,123.0,309.0,373.0,33.0,174.2
24-02 21:00:00,10.0,27.0,100.0,10.0,23.0,34.0
24-02 22:00:00,0.0,0.0,0.0,0.0,0.0,0.0
24-02 23:00:00,0.0,0.0,0.0,0.0,0.0,0.0
25-02 00:00:00,0.0,0.0,0.0,0.0,0.0,0.0
25-02 01:00:00,0.0,0.0,0.0,0.0,0.0,0.0
25-02 02:00:00,0.0,0.0,0.0,0.0,0.0,0.0
25-02 03:00:00,0.0,0.0,0.0,0.0,0.0,0.0
25-02 04:00:00,0.0,0.0,0.0,0.0,0.0,0.0
25-02 05:00:00,0.0,0.0,0.0,0.0,0.0,0.0
25-02 06:00:00,0.0,0.0,0.0,0.0,0.0,0.0
25-02 07:00:00,0.0,0.0,0.0,0.0,0.0,0.0
25-02 08:00:00,0.0,0.0,0.0,0.0,0.0,0.0
25-02 09:00:00,0.0,0.0,0.0,0.0,0.0,0.0
25-02 10:00:00,75.0,46.0,109.0,137.0,79.0,89.2
25-02 11:00:00,250.0,198.0,395.0,390.0,236.0,293.8
25-02 12:00:00,599.0,625.0,635.0,634.0,634.0,625.4
25-02 13:00:00,838.0,810.0,854.0,844.0,845.0,838.2
25-02 14:00:00,1001.0,1016.0,848.0,954.0,999.0,963.6
25-02 15:00:00,938.0,1064.0,1073.0,873.0,1040.0,997.6
25-02 16:00:00,569.0,961.0,1013.0,869.0,807.0,843.8
25-02 17:00:00,128.0,549.0,923.0,892.0,943.0,687.0
25-02 18:00:00,135.0,762.0,183.0,606.0,411.0,419.4
25-02 19:00:00,221.0,603.0,179.0,615.0,55.0,334.6
25-02 20:00:00,88.0,278.0,39.0,191.0,191.0,157.4
25-02 21:00:00,10.0,52.0,54.0,10.0,10.0,27.2
25-02 22:00:00,0.0,0.0,0.0,0.0,0.0,0.0
25-02 23:00:00,0.0,0.0,0.0,0.0,0.0,0.0
26-02 00:00:00,0.0,0.0,0.0,0.0,0.0,0.0
26-02 01:00:00,0.0,0.0,0.0,0.0,0.0,0.0
26-02 02:00:00,0.0,0.0,0.0,0.0,0.0,0.0
26-02 03:00:00,0.0,0.0,0.0,0.0,0.0,0.0
26-02 04:00:00,0.0,0.0,0.0,0.0,0.0,0.0
26-02 05:00:00,0.0,0.0,0.0,0.0,0.0,0.0
26-02 06:00:00,0.0,0.0,0.0,0.0,0.0,0.0
26-02 07:00:00,0.0,0.0,0.0,0.0,0.0,0.0
26-02 08:00:00,0.0,0.0,0.0,0.0,0.0,0.0
26-02 09:00:00,0.0,0.0,0.0,0.0,0.0,0.0
26-02 10:00:00,70.0,61.0,35.0,133.0,59.0,71.6
26-02 11:00:00,272.0,232.0,42.0,388.0,335.0,253.8
26-02 12:00:00,459.0,505.0,57.0,635.0,624.0,456.0
26-02 13:00:00,651.0,506.0,76.0,836.0,845.0,582.8
26-02 14:00:00,841.0,696.0,147.0,1015.0,970.0,733.8
26-02 15:00:00,1024.0,1042.0,118.0,1068.0,978.0,846.0
26-02 16:00:00,1082.0,1026.0,105.0,997.0,1045.0,851.0
26-02 17:00:00,875.0,976.0,130.0,974.0,887.0,768.4
26-02 18:00:00,466.0,807.0,133.0,784.0,828.0,603.6
26-02 19:00:00,161.0,471.0,113.0,584.0,617.0,389.2
26-02 20:00:00,87.0,32.0,32.0,356.0,300.0,161.4
26-02 21:00:00,10.0,10.0,10.0,74.0,93.0,39.4
26-02 22:00:00,0.0,0.0,0.0,0.0,0.0,0.0
26-02 23:00:00,0.0,0.0,0.0,0.0,0.0,0.0
27-02 00:00:00,0.0,0.0,0.0,0.0,0.0,0.0
27-02 01:00:00,0.0,0.0,0.0,0.0,0.0,0.0
27-02 02:00:00,0.0,0.0,0.0,0.0,0.0,0.0
27-02 03:00:00,0.0,0.0,0.0,0.0,0.0,0.0
27-02 04:00:00,0.0,0.0,0.0,0.0,0.0,0.0
27-02 05:00:00,0.0,0.0,0.0,0.0,0.0,0.0
27-02 06:00:00,0.0,0.0,0.0,0.0,0.0,0.0
27-02 07:00:00,0.0,0.0,0.0,0.0,0.0,0.0
27-02 08:00:00,0.0,0.0,0.0,0.0,0.0,0.0
27-02 09:00:00,0.0,0.0,0.0,0.0,0.0,0.0
27-02 10:00:00,100.0,128.0,12.0,133.0,121.0,98.8
27-02 11:00:00,281.0,377.0,80.0,390.0,384.0,302.4
27-02 12:00:00,501.0,619.0,164.0,628.0,634.0,509.2
27-02 13:00:00,634.0,530.0,94.0,846.0,845.0,589.8
27-02 14:00:00,730.0,704.0,174.0,1009.0,998.0,723.0
27-02 15:00:00,911.0,827.0,251.0,1118.0,1037.0,828.8
27-02 16:00:00,1008.0,597.0,620.0,1086.0,873.0,836.8
27-02 17:00:00,865.0,215.0,506.0,923.0,937.0,689.2
27-02 18:00:00,815.0,100.0,598.0,767.0,694.0,594.8
27-02 19:00:00,607.0,70.0,287.0,575.0,610.0,429.8
27-02 20:00:00,250.0,66.0,32.0,235.0,316.0,179.8
27-02 21:00:00,42.0,10.0,10.0,60.0,63.0,37.0
27-02 22:00:00,0.0,0.0,0.0,0.0,0.0,0.0
27-02 23:00:00,0.0,0.0,0.0,0.0,0.0,0.0
28-02 00:00:00,0.0,0.0,0.0,0.0,0.0,0.0
28-02 01:00:00,0.0,0.0,0.0,0.0,0.0,0.0
28-02 02:00:00,0.0,0.0,0.0,0.0,0.0,0.0
28-02 03:00:00,0.0,0.0,0.0,0.0,0.0,0.0
28-02 04:00:00,0.0,0.0,0.0,0.0,0.0,0.0
28-02 05:00:00,0.0,0.0,0.0,0.0,0.0,0.0
28-02 06:00:00,0.0,0.0,0.0,0.0,0.0,0.0
28-02 07:00:00,0.0,0.0,0.0,0.0,0.0,0.0
28-02 08:00:00,0.0,0.0,0.0,0.0,0.0,0.0
28-02 09:00:00,0.0,0.0,0.0,0.0,0.0,0.0
28-02 10:00:00,62.0,38.0,64.0,134.0,113.0,82.2
28-02 11:00:00,127.0,210.0,88.0,389.0,383.0,239.4
28-02 12:00:00,441.0,568.0,99.0,633.0,640.0,476.2
28-02 13:00:00,543.0,703.0,524.0,842.0,861.0,694.6
28-02 14:00:00,734.0,480.0,900.0,1000.0,1011.0,825.0
28-02 15:00:00,702.0,959.0,580.0,1046.0,1069.0,871.2
28-02 16:00:00,947.0,852.0,599.0,992.0,1076.0,893.2
28-02 17:00:00,886.0,214.0,362.0,958.0,985.0,681.0
28-02 18:00:00,611.0,81.0,736.0,842.0,824.0,618.8
28-02 19:00:00,470.0,54.0,367.0,597.0,565.0,410.6
28-02 20:00:00,46.0,32.0,218.0,358.0,306.0,192.0
28-02 21:00:00,9.0,9.0,20.0,70.0,90.0,39.6
28-02 22:00:00,0.0,0.0,0.0,0.0,0.0,0.0
28-02 23:00:00,0.0,0.0,0.0,0.0,0.0,0.0
01-03 00:00:00,0.0,0.0,0.0,0.0,0.0,0.0
01-03 01:00:00,0.0,0.0,0.0,0.0,0.0,0.0
01-03 02:00:00,0.0,0.0,0.0,0.0,0.0,0.0
01-03 03:00:00,0.0,0.0,0.0,0.0,0.0,0.0
01-03 04:00:00,0.0,0.0,0.0,0.0,0.0,0.0
01-03 05:00:00,0.0,0.0,0.0,0.0,0.0,0.0
01-03 06:00:00,0.0,0.0,0.0,0.0,0.0,0.0
01-03 07:00:00,0.0,0.0,0.0,0.0,0.0,0.0
01-03 08:00:00,0.0,0.0,0.0,0.0,0.0,0.0
01-03 09:00:00,0.0,0.0,0.0,0.0,0.0,0.0
01-03 10:00:00,98.0,136.0,59.0,134.0,98.0,105.0
01-03 11:00:00,299.0,353.0,219.0,388.0,187.0,289.2
01-03 12:00:00,544.0,617.0,501.0,626.0,75.0,472.6
01-03 13:00:00,675.0,358.0,720.0,694.0,151.0,519.6
01-03 14:00:00,829.0,501.0,756.0,831.0,532.0,689.8
01-03 15:00:00,897.0,696.0,867.0,1116.0,490.0,813.2
01-03 16:00:00,1015.0,919.0,857.0,1054.0,1002.0,969.4
01-03 17:00:00,850.0,414.0,189.0,997.0,740.0,638.0
01-03 18:00:00,692.0,314.0,370.0,788.0,677.0,568.2
01-03 19:00:00,385.0,494.0,207.0,599.0,444.0,425.8
01-03 20:00:00,357.0,31.0,70.0,338.0,32.0,165.6
01-03 21:00:00,10.0,9.0,9.0,47.0,9.0,16.8
01-03 22:00:00,0.0,0.0,0.0,0.0,0.0,0.0
01-03 23:00:00,0.0,0.0,0.0,0.0,0.0,0.0
02-03 00:00:00,0.0,0.0,0.0,0.0,0.0,0.0
02-03 01:00:00,0.0,0.0,0.0,0.0,0.0,0.0
02-03 02:00:00,0.0,0.0,0.0,0.0,0.0,0.0
02-03 03:00:00,0.0,0.0,0.0,0.0,0.0,0.0
02-03 04:00:00,0.0,0.0,0.0,0.0,0.0,0.0
02-03 05:00:00,0.0,0.0,0.0,0.0,0.0,0.0
02-03 06:00:00,0.0,0.0,0.0,0.0,0.0,0.0
02-03 07:00:00,0.0,0.0,0.0,0.0,0.0,0.0
02-03 08:00:00,0.0,0.0,0.0,0.0,0.0,0.0
02-03 09:00:00,0.0,0.0,0.0,0.0,0.0,0.0
02-03 10:00:00,14.0,12.0,95.0,132.0,121.0,74.8
02-03 11:00:00,140.0,34.0,190.0,380.0,377.0,224.2
02-03 12:00:00,213.0,124.0,554.0,624.0,623.0,427.6
02-03 13:00:00,471.0,323.0,534.0,836.0,832.0,599.2
02-03 14:00:00,529.0,181.0,471.0,993.0,989.0,632.6
02-03 15:00:00,580.0,671.0,637.0,1033.0,949.0,774.0
02-03 16:00:00,304.0,888.0,328.0,885.0,1001.0,681.2
02-03 17:00:00,100.0,938.0,129.0,322.0,609.0,419.6
02-03 18:00:00,81.0,83.0,73.0,824.0,73.0,226.8
02-03 19:00:00,72.0,305.0,54.0,577.0,71.0,215.8
02-03 20:00:00,31.0,173.0,31.0,75.0,157.0,93.4
02-03 21:00:00,9.0,9.0,9.0,9.0,9.0,9.0
02-03 22:00:00,0.0,0.0,0.0,0.0,0.0,0.0
02-03 23:00:00,0.0,0.0,0.0,0.0,0.0,0.0
03-03 00:00:00,0.0,0.0,0.0,0.0,0.0,0.0
03-03 01:00:00,0.0,0.0,0.0,0.0,0.0,0.0
03-03 02:00:00,0.0,0.0,0.0,0.0,0.0,0.0
03-03 03:00:00,0.0,0.0,0.0,0.0,0.0,0.0
03-03 04:00:00,0.0,0.0,0.0,0.0,0.0,0.0
03-03 05:00:00,0.0,0.0,0.0,0.0,0.0,0.0
03-03 06:00:00,0.0,0.0,0.0,0.0,0.0,0.0
03-03 07:00:00,0.0,0.0,0.0,0.0,0.0,0.0
03-03 08:00:00,0.0,0.0,0.0,0.0,0.0,0.0
03-03 09:00:00,0.0,0.0,0.0,0.0,0.0,0.0
03-03 10:00:00,90.0,76.0,110.0,44.0,131.0,90.2
03-03 11:00:00,144.0,244.0,384.0,41.0,375.0,237.6
03-03 12:00:00,139.0,243.0,633.0,61.0,615.0,338.2
03-03 13:00:00,229.0,743.0,835.0,167.0,830.0,560.8
03-03 14:00:00,248.0,943.0,982.0,678.0,774.0,725.0
03-03 15:00:00,473.0,1077.0,990.0,674.0,724.0,787.6
03-03 16:00:00,556.0,857.0,1038.0,790.0,596.0,767.4
03-03 17:00:00,620.0,747.0,855.0,521.0,473.0,643.2
03-03 18:00:00,577.0,112.0,700.0,617.0,459.0,493.0
03-03 19:00:00,260.0,181.0,463.0,217.0,542.0,332.6
03-03 20:00:00,121.0,31.0,220.0,31.0,77.0,96.0
03-03 21:00:00,33.0,9.0,81.0,9.0,9.0,28.2
03-03 22:00:00,0.0,0.0,0.0,0.0,0.0,0.0
03-03 23:00:00,0.0,0.0,0.0,0.0,0.0,0.0
04-03 00:00:00,0.0,0.0,0.0,0.0,0.0,0.0
04-03 01:00:00,0.0,0.0,0.0,0.0,0.0,0.0
04-03 02:00:00,0.0,0.0,0.0,0.0,0.0,0.0
04-03 03:00:00,0.0,0.0,0.0,0.0,0.0,0.0
04-03 04:00:00,0.0,0.0,0.0,0.0,0.0,0.0
04-03 05:00:00,0.0,0.0,0.0,0.0,0.0,0.0
04-03 06:00:00,0.0,0.0,0.0,0.0,0.0,0.0
04-03 07:00:00,0.0,0.0,0.0,0.0,0.0,0.0
04-03 08:00:00,0.0,0.0,0.0,0.0,0.0,0.0
04-03 09:00:00,0.0,0.0,0.0,0.0,0.0,0.0
04-03 10:00:00,70.0,83.0,24.0,40.0,111.0,65.6
04-03 11:00:00,142.0,209.0,0.0,116.0,360.0,165.4
04-03 12:00:00,202.0,394.0,619.0,283.0,603.0,420.2
04-03 13:00:00,458.0,635.0,689.0,732.0,828.0,668.4
04-03 14:00:00,464.0,869.0,940.0,749.0,984.0,801.2
04-03 15:00:00,541.0,1005.0,931.0,757.0,1058.0,858.4
04-03 16:00:00,464.0,575.0,758.0,579.0,1064.0,688.0
04-03 17:00:00,178.0,524.0,923.0,666.0,941.0,646.4
04-03 18:00:00,92.0,213.0,266.0,425.0,787.0,356.6
04-03 19:00:00,127.0,313.0,57.0,53.0,549.0,219.8
04-03 20:00:00,31.0,83.0,31.0,31.0,330.0,101.2
04-03 21:00:00,10.0,8.0,9.0,9.0,9.0,9.0
04-03 22:00:00,0.0,0.0,0.0,0.0,0.0,0.0
04-03 23:00:00,0.0,0.0,0.0,0.0,0.0,0.0
05-03 00:00:00,0.0,0.0,0.0,0.0,0.0,0.0
05-03 01:00:00,0.0,0.0,0.0,0.0,0.0,0.0
05-03 02:00:00,0.0,0.0,0.0,0.0,0.0,0.0
05-03 03:00:00,0.0,0.0,0.0,0.0,0.0,0.0
05-03 04:00:00,0.0,0.0,0.0,0.0,0.0,0.0
05-03 05:00:00,0.0,0.0,0.0,0.0,0.0,0.0
05-03 06:00:00,0.0,0.0,0.0,0.0,0.0,0.0
05-03 07:00:00,0.0,0.0,0.0,0.0,0.0,0.0
05-03 08:00:00,0.0,0.0,0.0,0.0,0.0,0.0
05-03 09:00:00,0.0,0.0,0.0,0.0,0.0,0.0
05-03 10:00:00,31.0,100.0,94.0,135.0,136.0,99.2
05-03 11:00:00,222.0,297.0,380.0,375.0,364.0,327.6
05-03 12:00:00,624.0,550.0,613.0,622.0,612.0,604.2
05-03 13:00:00,723.0,580.0,764.0,827.0,826.0,744.0
05-03 14:00:00,569.0,788.0,848.0,967.0,804.0,795.2
05-03 15:00:00,536.0,923.0,819.0,968.0,951.0,839.4
05-03 16:00:00,715.0,1070.0,995.0,860.0,1044.0,936.8
05-03 17:00:00,926.0,787.0,728.0,755.0,799.0,799.0
05-03 18:00:00,364.0,273.0,147.0,789.0,840.0,482.6
05-03 19:00:00,60.0,66.0,100.0,579.0,615.0,284.0
05-03 20:00:00,31.0,30.0,49.0,341.0,334.0,157.0
05-03 21:00:00,8.0,8.0,8.0,64.0,8.0,19.2
05-03 22:00:00,0.0,0.0,0.0,0.0,0.0,0.0
05-03 23:00:00,0.0,0.0,0.0,0.0,0.0,0.0
06-03 00:00:00,0.0,0.0,0.0,0.0,0.0,0.0
06-03 01:00:00,0.0,0.0,0.0,0.0,0.0,0.0
06-03 02:00:00,0.0,0.0,0.0,0.0,0.0,0.0
06-03 03:00:00,0.0,0.0,0.0,0.0,0.0,0.0
06-03 04:00:00,0.0,0.0,0.0,0.0,0.0,0.0
06-03 05:00:00,0.0,0.0,0.0,0.0,0.0,0.0
06-03 06:00:00,0.0,0.0,0.0,0.0,0.0,0.0
06-03 07:00:00,0.0,0.0,0.0,0.0,0.0,0.0
06-03 08:00:00,0.0,0.0,0.0,0.0,0.0,0.0
06-03 09:00:00,0.0,0.0,0.0,0.0,0.0,0.0
06-03 10:00:00,123.0,117.0,106.0,124.0,135.0,121.0
06-03 11:00:00,390.0,266.0,369.0,373.0,367.0,353.0
06-03 12:00:00,637.0,587.0,596.0,615.0,146.0,516.2
06-03 13:00:00,830.0,560.0,703.0,826.0,140.0,611.8
06-03 14:00:00,949.0,257.0,882.0,864.0,360.0,662.4
06-03 15:00:00,924.0,201.0,927.0,1015.0,572.0,727.8
06-03 16:00:00,725.0,494.0,1011.0,1008.0,973.0,842.2
06-03 17:00:00,518.0,350.0,991.0,931.0,898.0,737.6
06-03 18:00:00,233.0,477.0,798.0,774.0,313.0,519.0
06-03 19:00:00,59.0,129.0,557.0,574.0,109.0,285.6
06-03 20:00:00,126.0,40.0,324.0,226.0,31.0,149.4
06-03 21:00:00,19.0,8.0,8.0,8.0,27.0,14.0
06-03 22:00:00,0.0,0.0,0.0,0.0,0.0,0.0
06-03 23:00:00,0.0,0.0,0.0,0.0,0.0,0.0
07-03 00:00:00,0.0,0.0,0.0,0.0,0.0,0.0
07-03 01:00:00,0.0,0.0,0.0,0.0,0.0,0.0
07-03 02:00:00,0.0,0.0,0.0,0.0,0.0,0.0
07-03 03:00:00,0.0,0.0,0.0,0.0,0.0,0.0
07-03 04:00:00,0.0,0.0,0.0,0.0,0.0,0.0
07-03 05:00:00,0.0,0.0,0.0,0.0,0.0,0.0
07-03 06:00:00,0.0,0.0,0.0,0.0,0.0,0.0
07-03 07:00:00,0.0,0.0,0.0,0.0,0.0,0.0
07-03 08:00:00,0.0,0.0,0.0,0.0,0.0,0.0
07-03 09:00:00,0.0,0.0,0.0,0.0,0.0,0.0
07-03 10:00:00,95.0,88.0,40.0,112.0,111.0,89.2
07-03 11:00:00,222.0,200.0,178.0,337.0,171.0,221.6
07-03 12:00:00,588.0,361.0,526.0,602.0,303.0,476.0
07-03 13:00:00,782.0,771.0,717.0,819.0,578.0,733.4
07-03 14:00:00,601.0,755.0,1000.0,857.0,875.0,817.6
07-03 15:00:00,763.0,779.0,971.0,964.0,967.0,888.8
07-03 16:00:00,151.0,992.0,927.0,942.0,907.0,783.8
07-03 17:00:00,94.0,660.0,536.0,726.0,106.0,424.4
07-03 18:00:00,85.0,551.0,262.0,689.0,101.0,337.6
07-03 19:00:00,64.0,114.0,56.0,215.0,88.0,107.4
07-03 20:00:00,30.0,172.0,30.0,207.0,30.0,93.8
07-03 21:00:00,8.0,8.0,8.0,8.0,8.0,8.0
07-03 22:00:00,0.0,0.0,0.0,0.0,0.0,0.0
07-03 23:00:00,0.0,0.0,0.0,0.0,0.0,0.0
08-03 00:00:00,0.0,0.0,0.0,0.0,0.0,0.0
08-03 01:00:00,0.0,0.0,0.0,0.0,0.0,0.0
08-03 02:00:00,0.0,0.0,0.0,0.0,0.0,0.0
08-03 03:00:00,0.0,0.0,0.0,0.0,0.0,0.0
08-03 04:00:00,0.0,0.0,0.0,0.0,0.0,0.0
08-03 05:00:00,0.0,0.0,0.0,0.0,0.0,0.0
08-03 06:00:00,0.0,0.0,0.0,0.0,0.0,0.0
08-03 07:00:00,0.0,0.0,0.0,0.0,0.0,0.0
08-03 08:00:00,0.0,0.0,0.0,0.0,0.0,0.0
08-03 09:00:00,0.0,0.0,0.0,0.0,0.0,0.0
08-03 10:00:00,70.0,127.0,46.0,122.0,68.0,86.6
08-03 11:00:00,240.0,395.0,34.0,280.0,257.0,241.2
08-03 12:00:00,608.0,626.0,273.0,601.0,582.0,538.0
08-03 13:00:00,836.0,836.0,277.0,752.0,785.0,697.2
08-03 14:00:00,592.0,967.0,310.0,894.0,880.0,728.6
08-03 15:00:00,690.0,1044.0,609.0,983.0,940.0,853.2
08-03 16:00:00,861.0,653.0,760.0,1052.0,902.0,845.6
08-03 17:00:00,809.0,732.0,926.0,900.0,646.0,802.6
08-03 18:00:00,802.0,726.0,240.0,747.0,442.0,591.4
08-03 19:00:00,487.0,598.0,66.0,546.0,370.0,413.4
08-03 20:00:00,107.0,176.0,30.0,237.0,47.0,119.4
08-03 21:00:00,27.0,59.0,8.0,16.0,8.0,23.6
08-03 22:00:00,0.0,0.0,0.0,0.0,0.0,0.0
08-03 23:00:00,0.0,0.0,0.0,0.0,0.0,0.0
09-03 00:00:00,0.0,0.0,0.0,0.0,0.0,0.0
09-03 01:00:00,0.0,0.0,0.0,0.0,0.0,0.0
09-03 02:00:00,0.0,0.0,0.0,0.0,0.0,0.0
09-03 03:00:00,0.0,0.0,0.0,0.0,0.0,0.0
09-03 04:00:00,0.0,0.0,0.0,0.0,0.0,0.0
09-03 05:00:00,0.0,0.0,0.0,0.0,0.0,0.0
09-03 06:00:00,0.0,0.0,0.0,0.0,0.0,0.0
09-03 07:00:00,0.0,0.0,0.0,0.0,0.0,0.0
09-03 08:00:00,0.0,0.0,0.0,0.0,0.0,0.0
09-03 09:00:00,0.0,0.0,0.0,0.0,0.0,0.0
09-03 10:00:00,108.0,117.0,65.0,124.0,18.0,86.4
09-03 11:00:00,388.0,364.0,254.0,375.0,91.0,294.4
09-03 12:00:00,622.0,569.0,470.0,614.0,227.0,500.4
09-03 13:00:00,841.0,657.0,587.0,834.0,319.0,647.6
09-03 14:00:00,988.0,949.0,335.0,974.0,509.0,751.0
09-03 15:00:00,1033.0,1030.0,538.0,1057.0,462.0,824.0
09-03 16:00:00,940.0,1011.0,502.0,989.0,770.0,842.4
09-03 17:00:00,847.0,931.0,748.0,902.0,701.0,825.8
09-03 18:00:00,731.0,777.0,396.0,495.0,411.0,562.0
09-03 19:00:00,339.0,563.0,517.0,575.0,145.0,427.8
09-03 20:00:00,30.0,192.0,326.0,321.0,108.0,195.4
09-03 21:00:00,13.0,7.0,7.0,42.0,12.0,16.2
09-03 22:00:00,0.0,0.0,0.0,0.0,0.0,0.0
09-03 23:00:00,0.0,0.0,0.0,0.0,0.0,0.0
10-03 00:00:00,0.0,0.0,0.0,0.0,0.0,0.0
10-03 01:00:00,0.0,0.0,0.0,0.0,0.0,0.0
10-03 02:00:00,0.0,0.0,0.0,0.0,0.0,0.0
10-03 03:00:00,0.0,0.0,0.0,0.0,0.0,0.0
10-03 04:00:00,0.0,0.0,0.0,0.0,0.0,0.0
10-03 05:00:00,0.0,0.0,0.0,0.0,0.0,0.0
10-03 06:00:00,0.0,0.0,0.0,0.0,0.0,0.0
10-03 07:00:00,0.0,0.0,0.0,0.0,0.0,0.0
10-03 08:00:00,0.0,0.0,0.0,0.0,0.0,0.0
10-03 09:00:00,0.0,0.0,0.0,0.0,0.0,0.0
10-03 10:00:00,88.0,122.0,34.0,119.0,75.0,87.6
10-03 11:00:00,341.0,383.0,53.0,370.0,224.0,274.2
10-03 12:00:00,561.0,627.0,211.0,615.0,294.0,461.6
10-03 13:00:00,819.0,686.0,245.0,830.0,450.0,606.0
10-03 14:00:00,969.0,852.0,737.0,981.0,450.0,797.8
10-03 15:00:00,1063.0,523.0,566.0,1064.0,889.0,821.0
10-03 16:00:00,824.0,843.0,711.0,1068.0,919.0,873.0
10-03 17:00:00,131.0,929.0,114.0,1003.0,560.0,547.4
10-03 18:00:00,97.0,822.0,117.0,731.0,426.0,438.6
10-03 19:00:00,52.0,531.0,531.0,503.0,487.0,420.8
10-03 20:00:00,97.0,242.0,313.0,164.0,29.0,169.0
10-03 21:00:00,79.0,16.0,30.0,24.0,7.0,31.2
10-03 22:00:00,0.0,0.0,0.0,0.0,0.0,0.0
10-03 23:00:00,0.0,0.0,0.0,0.0,0.0,0.0
11-03 00:00:00,0.0,0.0,0.0,0.0,0.0,0.0
11-03 01:00:00,0.0,0.0,0.0,0.0,0.0,0.0
11-03 02:00:00,0.0,0.0,0.0,0.0,0.0,0.0
11-03 03:00:00,0.0,0.0,0.0,0.0,0.0,0.0
11-03 04:00:00,0.0,0.0,0.0,0.0,0.0,0.0
11-03 05:00:00,0.0,0.0,0.0,0.0,0.0,0.0
11-03 06:00:00,0.0,0.0,0.0,0.0,0.0,0.0
11-03 07:00:00,0.0,0.0,0.0,0.0,0.0,0.0
11-03 08:00:00,0.0,0.0,0.0,0.0,0.0,0.0
11-03 09:00:00,0.0,0.0,0.0,0.0,0.0,0.0
11-03 10:00:00,46.0,91.0,91.0,122.0,25.0,75.0
11-03 11:00:00,183.0,168.0,337.0,370.0,57.0,223.0
11-03 12:00:00,432.0,530.0,591.0,620.0,426.0,519.8
11-03 13:00:00,643.0,747.0,675.0,810.0,554.0,685.8
11-03 14:00:00,949.0,793.0,874.0,942.0,597.0,831.0
11-03 15:00:00,1019.0,995.0,954.0,942.0,535.0,889.0
11-03 16:00:00,1056.0,983.0,1061.0,1060.0,194.0,870.8
11-03 17:00:00,975.0,806.0,451.0,856.0,117.0,641.0
11-03 18:00:00,745.0,716.0,465.0,565.0,75.0,513.2
11-03 19:00:00,481.0,458.0,77.0,453.0,51.0,304.0
11-03 20:00:00,212.0,278.0,41.0,240.0,29.0,160.0
11-03 21:00:00,11.0,59.0,7.0,7.0,7.0,18.2
11-03 22:00:00,0.0,0.0,0.0,0.0,0.0,0.0
11-03 23:00:00,0.0,0.0,0.0,0.0,0.0,0.0
12-03 00:00:00,0.0,0.0,0.0,0.0,0.0,0.0
12-03 01:00:00,0.0,0.0,0.0,0.0,0.0,0.0
12-03 02:00:00,0.0,0.0,0.0,0.0,0.0,0.0
12-03 03:00:00,0.0,0.0,0.0,0.0,0.0,0.0
12-03 04:00:00,0.0,0.0,0.0,0.0,0.0,0.0
12-03 05:00:00,0.0,0.0,0.0,0.0,0.0,0.0
12-03 06:00:00,0.0,0.0,0.0,0.0,0.0,0.0
12-03 07:00:00,0.0,0.0,0.0,0.0,0.0,0.0
12-03 08:00:00,0.0,0.0,0.0,0.0,0.0,0.0
12-03 09:00:00,0.0,0.0,0.0,0.0,0.0,0.0
12-03 10:00:00,71.0,82.0,37.0,71.0,91.0,70.4
12-03 11:00:00,281.0,375.0,327.0,192.0,346.0,304.2
12-03 12:00:00,486.0,626.0,562.0,311.0,584.0,513.8
12-03 13:00:00,731.0,688.0,816.0,755.0,793.0,756.6
12-03 14:00:00,923.0,559.0,730.0,916.0,865.0,798.6
12-03 15:00:00,673.0,622.0,955.0,900.0,822.0,794.4
12-03 16:00:00,520.0,479.0,1016.0,1062.0,130.0,641.4
12-03 17:00:00,314.0,948.0,847.0,174.0,149.0,486.4
12-03 18:00:00,536.0,581.0,425.0,147.0,232.0,384.2
12-03 19:00:00,269.0,474.0,97.0,152.0,587.0,315.8
12-03 20:00:00,105.0,328.0,29.0,87.0,57.0,121.2
12-03 21:00:00,41.0,59.0,7.0,7.0,7.0,24.2
12-03 22:00:00,0.0,0.0,0.0,0.0,0.0,0.0
12-03 23:00:00,0.0,0.0,0.0,0.0,0.0,0.0
13-03 00:00:00,0.0,0.0,0.0,0.0,0.0,0.0
13-03 01:00:00,0.0,0.0,0.0,0.0,0.0,0.0
13-03 02:00:00,0.0,0.0,0.0,0.0,0.0,0.0
13-03 03:00:00,0.0,0.0,0.0,0.0,0.0,0.0
13-03 04:00:00,0.0,0.0,0.0,0.0,0.0,0.0
13-03 05:00:00,0.0,0.0,0.0,0.0,0.0,0.0
13-03 06:00:00,0.0,0.0,0.0,0.0,0.0,0.0
13-03 07:00:00,0.0,0.0,0.0,0.0,0.0,0.0
13-03 08:00:00,0.0,0.0,0.0,0.0,0.0,0.0
13-03 09:00:00,0.0,0.0,0.0,0.0,0.0,0.0
13-03 10:00:00,93.0,122.0,25.0,53.0,37.0,66.0
13-03 11:00:00,367.0,377.0,177.0,334.0,271.0,305.2
13-03 12:00:00,614.0,608.0,453.0,534.0,357.0,513.2
13-03 13:00:00,804.0,737.0,804.0,803.0,588.0,747.2
13-03 14:00:00,902.0,691.0,914.0,919.0,362.0,757.6
13-03 15:00:00,1015.0,978.0,946.0,845.0,145.0,785.8
13-03 16:00:00,973.0,900.0,917.0,964.0,144.0,779.6
13-03 17:00:00,839.0,774.0,282.0,886.0,114.0,579.0
13-03 18:00:00,70.0,400.0,70.0,501.0,70.0,222.2
13-03 19:00:00,51.0,57.0,51.0,51.0,50.0,52.0
13-03 20:00:00,28.0,45.0,28.0,28.0,28.0,31.4
13-03 21:00:00,15.0,35.0,6.0,6.0,10.0,14.4
13-03 22:00:00,0.0,0.0,0.0,0.0,0.0,0.0
13-03 23:00:00,0.0,0.0,0.0,0.0,0.0,0.0
14-03 00:00:00,0.0,0.0,0.0,0.0,0.0,0.0
14-03 01:00:00,0.0,0.0,0.0,0.0,0.0,0.0
14-03 02:00:00,0.0,0.0,0.0,0.0,0.0,0.0
14-03 03:00:00,0.0,0.0,0.0,0.0,0.0,0.0
14-03 04:00:00,0.0,0.0,0.0,0.0,0.0,0.0
14-03 05:00:00,0.0,0.0,0.0,0.0,0.0,0.0
14-03 06:00:00,0.0,0.0,0.0,0.0,0.0,0.0
14-03 07:00:00,0.0,0.0,0.0,0.0,0.0,0.0
14-03 08:00:00,0.0,0.0,0.0,0.0,0.0,0.0
14-03 09:00:00,0.0,0.0,0.0,0.0,0.0,0.0
14-03 10:00:00,85.0,119.0,78.0,99.0,28.0,81.8
14-03 11:00:00,268.0,373.0,278.0,280.0,117.0,263.2
14-03 12:00:00,554.0,613.0,441.0,234.0,155.0,399.4
14-03 13:00:00,818.0,681.0,692.0,193.0,193.0,515.4
14-03 14:00:00,977.0,731.0,760.0,529.0,410.0,681.4
14-03 15:00:00,1070.0,805.0,663.0,858.0,514.0,782.0
14-03 16:00:00,1060.0,745.0,210.0,928.0,781.0,744.8
14-03 17:00:00,919.0,757.0,122.0,964.0,671.0,686.6
14-03 18:00:00,699.0,781.0,69.0,593.0,426.0,513.6
14-03 19:00:00,474.0,528.0,50.0,383.0,422.0,371.4
14-03 20:00:00,297.0,303.0,33.0,28.0,213.0,174.8
14-03 21:00:00,54.0,10.0,6.0,6.0,6.0,16.4
14-03 22:00:00,0.0,0.0,0.0,0.0,0.0,0.0
14-03 23:00:00,0.0,0.0,0.0,0.0,0.0,0.0
15-03 00:00:00,0.0,0.0,0.0,0.0,0.0,0.0
15-03 01:00:00,0.0,0.0,0.0,0.0,0.0,0.0
15-03 02:00:00,0.0,0.0,0.0,0.0,0.0,0.0
15-03 03:00:00,0.0,0.0,0.0,0.0,0.0,0.0
15-03 04:00:00,0.0,0.0,0.0,0.0,0.0,0.0
15-03 05:00:00,0.0,0.0,0.0,0.0,0.0,0.0
15-03 06:00:00,0.0,0.0,0.0,0.0,0.0,0.0
15-03 07:00:00,0.0,0.0,0.0,0.0,0.0,0.0
15-03 08:00:00,0.0,0.0,0.0,0.0,0.0,0.0
15-03 09:00:00,0.0,0.0,0.0,0.0,0.0,0.0
15-03 10:00:00,63.0,115.0,42.0,64.0,42.0,65.2
15-03 11:00:00,332.0,352.0,342.0,250.0,288.0,312.8
15-03 12:00:00,603.0,615.0,594.0,433.0,523.0,553.6
15-03 13:00:00,790.0,788.0,778.0,498.0,788.0,728.4
15-03 14:00:00,865.0,926.0,920.0,688.0,736.0,827.0
15-03 15:00:00,985.0,915.0,957.0,901.0,436.0,838.8
15-03 16:00:00,553.0,937.0,655.0,1024.0,520.0,737.8
15-03 17:00:00,495.0,846.0,508.0,925.0,685.0,691.8
15-03 18:00:00,347.0,739.0,127.0,787.0,473.0,494.6
15-03 19:00:00,201.0,569.0,50.0,550.0,93.0,292.6
15-03 20:00:00,64.0,63.0,28.0,282.0,28.0,93.0
15-03 21:00:00,6.0,6.0,55.0,6.0,6.0,15.8
15-03 22:00:00,0.0,0.0,0.0,0.0,0.0,0.0
15-03 23:00:00,0.0,0.0,0.0,0.0,0.0,0.0
16-03 00:00:00,0.0,0.0,0.0,0.0,0.0,0.0
16-03 01:00:00,0.0,0.0,0.0,0.0,0.0,0.0
16-03 02:00:00,0.0,0.0,0.0,0.0,0.0,0.0
16-03 03:00:00,0.0,0.0,0.0,0.0,0.0,0.0
16-03 04:00:00,0.0,0.0,0.0,0.0,0.0,0.0
16-03 05:00:00,0.0,0.0,0.0,0.0,0.0,0.0
16-03 06:00:00,0.0,0.0,0.0,0.0,0.0,0.0
16-03 07:00:00,0.0,0.0,0.0,0.0,0.0,0.0
16-03 08:00:00,0.0,0.0,0.0,0.0,0.0,0.0
16-03 09:00:00,0.0,0.0,0.0,0.0,0.0,0.0
16-03 10:00:00,62.0,114.0,18.0,21.0,37.0,50.4
16-03 11:00:00,239.0,378.0,78.0,204.0,64.0,192.6
16-03 12:00:00,365.0,612.0,87.0,509.0,104.0,335.4
16-03 13:00:00,736.0,819.0,214.0,608.0,352.0,545.8
16-03 14:00:00,943.0,926.0,365.0,617.0,216.0,613.4
16-03 15:00:00,1040.0,998.0,707.0,516.0,169.0,686.0
16-03 16:00:00,997.0,988.0,960.0,506.0,726.0,835.4
16-03 17:00:00,853.0,859.0,624.0,353.0,889.0,715.6
16-03 18:00:00,612.0,767.0,580.0,69.0,517.0,509.0
16-03 19:00:00,421.0,463.0,110.0,154.0,347.0,299.0
16-03 20:00:00,27.0,299.0,38.0,57.0,163.0,116.8
16-03 21:00:00,6.0,63.0,6.0,6.0,6.0,17.4
16-03 22:00:00,0.0,0.0,0.0,0.0,0.0,0.0
16-03 23:00:00,0.0,0.0,0.0,0.0,0.0,0.0
17-03 00:00:00,0.0,0.0,0.0,0.0,0.0,0.0
17-03 01:00:00,0.0,0.0,0.0,0.0,0.0,0.0
17-03 02:00:00,0.0,0.0,0.0,0.0,0.0,0.0
17-03 03:00:00,0.0,0.0,0.0,0.0,0.0,0.0
17-03 04:00:00,0.0,0.0,0.0,0.0,0.0,0.0
17-03 05:00:00,0.0,0.0,0.0,0.0,0.0,0.0
17-03 06:00:00,0.0,0.0,0.0,0.0,0.0,0.0
17-03 07:00:00,0.0,0.0,0.0,0.0,0.0,0.0
17-03 08:00:00,0.0,0.0,0.0,0.0,0.0,0.0
17-03 09:00:00,0.0,0.0,0.0,0.0,0.0,0.0
17-03 10:00:00,92.0,116.0,40.0,85.0,46.0,75.8
17-03 11:00:00,264.0,378.0,115.0,286.0,218.0,252.2
17-03 12:00:00,478.0,612.0,329.0,565.0,104.0,417.6
17-03 13:00:00,772.0,818.0,253.0,790.0,163.0,559.2
17-03 14:00:00,939.0,987.0,256.0,934.0,272.0,677.6
17-03 15:00:00,996.0,1064.0,199.0,990.0,475.0,744.8
17-03 16:00:00,862.0,1053.0,485.0,861.0,885.0,829.2
17-03 17:00:00,328.0,889.0,423.0,453.0,661.0,550.8
17-03 18:00:00,397.0,790.0,113.0,603.0,267.0,434.0
17-03 19:00:00,109.0,526.0,68.0,523.0,62.0,257.6
17-03 20:00:00,102.0,271.0,27.0,70.0,27.0,99.4
17-03 21:00:00,5.0,43.94,5.0,5.0,5.0,12.788
17-03 22:00:00,0.0,0.0,0.0,0.0,0.0,0.0
17-03 23:00:00,0.0,0.0,0.0,0.0,0.0,0.0
18-03 00:00:00,0.0,0.0,0.0,0.0,0.0,0.0
18-03 01:00:00,0.0,0.0,0.0,0.0,0.0,0.0
18-03 02:00:00,0.0,0.0,0.0,0.0,0.0,0.0
18-03 03:00:00,0.0,0.0,0.0,0.0,0.0,0.0
18-03 04:00:00,0.0,0.0,0.0,0.0,0.0,0.0
18-03 05:00:00,0.0,0.0,0.0,0.0,0.0,0.0
18-03 06:00:00,0.0,0.0,0.0,0.0,0.0,0.0
18-03 07:00:00,0.0,0.0,0.0,0.0,0.0,0.0
18-03 08:00:00,0.0,0.0,0.0,0.0,0.0,0.0
18-03 09:00:00,0.0,0.0,0.0,0.0,0.0,0.0
18-03 10:00:00,100.0,114.0,24.0,98.0,22.0,71.6
18-03 11:00:00,365.0,366.0,191.0,320.0,121.0,272.6
18-03 12:00:00,609.0,614.0,486.0,585.0,342.0,527.2
18-03 13:00:00,819.0,804.0,539.0,797.0,592.0,710.2
18-03 14:00:00,922.0,895.0,799.0,921.0,530.0,813.4
18-03 15:00:00,874.0,1012.0,548.0,931.0,725.0,818.0
18-03 16:00:00,994.0,964.0,920.0,958.0,707.0,908.6
18-03 17:00:00,731.0,932.0,598.0,117.0,569.0,589.4
18-03 18:00:00,79.0,732.0,136.0,502.0,88.0,307.4
18-03 19:00:00,49.0,542.0,168.0,509.0,90.0,271.6
18-03 20:00:00,217.0,184.0,139.0,278.0,27.0,169.0
18-03 21:00:00,37.51,49.4,29.58,18.0,5.0,27.898000000000003
18-03 22:00:00,0.0,0.0,0.0,0.0,0.0,0.0
18-03 23:00:00,0.0,0.0,0.0,0.0,0.0,0.0
19-03 00:00:00,0.0,0.0,0.0,0.0,0.0,0.0
19-03 01:00:00,0.0,0.0,0.0,0.0,0.0,0.0
19-03 02:00:00,0.0,0.0,0.0,0.0,0.0,0.0
19-03 03:00:00,0.0,0.0,0.0,0.0,0.0,0.0
19-03 04:00:00,0.0,0.0,0.0,0.0,0.0,0.0
19-03 05:00:00,0.0,0.0,0.0,0.0,0.0,0.0
19-03 06:00:00,0.0,0.0,0.0,0.0,0.0,0.0
19-03 07:00:00,0.0,0.0,0.0,0.0,0.0,0.0
19-03 08:00:00,0.0,0.0,0.0,0.0,0.0,0.0
19-03 09:00:00,0.0,0.0,0.0,0.0,0.0,0.0
19-03 10:00:00,84.0,21.0,11.0,123.0,24.0,52.6
19-03 11:00:00,366.0,366.0,59.0,310.0,330.0,286.2
19-03 12:00:00,607.0,326.0,529.0,542.0,504.0,501.6
19-03 13:00:00,818.0,555.0,484.0,717.0,758.0,666.4
19-03 14:00:00,962.0,833.0,476.0,853.0,842.0,793.2
19-03 15:00:00,981.0,1025.0,463.0,602.0,929.0,800.0
19-03 16:00:00,925.0,929.0,504.0,981.0,453.0,758.4
19-03 17:00:00,580.0,907.0,292.0,733.0,441.0,590.6
19-03 18:00:00,579.0,348.0,134.0,707.0,465.0,446.6
19-03 19:00:00,160.0,79.0,49.0,445.0,49.0,156.4
19-03 20:00:00,26.0,45.0,30.0,181.0,78.0,72.0
19-03 21:00:00,28.58,5.0,5.0,5.0,5.0,9.716
19-03 22:00:00,0.0,0.0,0.0,0.0,0.0,0.0
19-03 23:00:00,0.0,0.0,0.0,0.0,0.0,0.0
20-03 00:00:00,0.0,0.0,0.0,0.0,0.0,0.0
20-03 01:00:00,0.0,0.0,0.0,0.0,0.0,0.0
20-03 02:00:00,0.0,0.0,0.0,0.0,0.0,0.0
20-03 03:00:00,0.0,0.0,0.0,0.0,0.0,0.0
20-03 04:00:00,0.0,0.0,0.0,0.0,0.0,0.0
20-03 05:00:00,0.0,0.0,0.0,0.0,0.0,0.0
20-03 06:00:00,0.0,0.0,0.0,0.0,0.0,0.0
20-03 07:00:00,0.0,0.0,0.0,0.0,0.0,0.0
20-03 08:00:00,0.0,0.0,0.0,0.0,0.0,0.0
20-03 09:00:00,0.0,0.0,0.0,0.0,0.0,0.0
20-03 10:00:00,92.0,15.0,11.0,110.0,64.0,58.4
20-03 11:00:00,345.0,35.0,231.0,354.0,315.0,256.0
20-03 12:00:00,580.0,85.0,577.0,585.0,578.0,481.0
20-03 13:00:00,613.0,298.0,811.0,790.0,643.0,631.0
20-03 14:00:00,788.0,360.0,765.0,923.0,566.0,680.4
20-03 15:00:00,1011.99,458.0,873.0,1032.99,534.0,781.9959999999999
20-03 16:00:00,887.0,452.0,920.0,994.0,319.0,714.4
20-03 17:00:00,779.0,439.0,526.0,895.0,480.0,623.8
20-03 18:00:00,623.0,389.0,593.0,764.0,85.0,490.8
20-03 19:00:00,105.0,266.0,538.0,487.0,48.0,288.8
20-03 20:00:00,29.0,66.0,95.0,226.0,26.0,88.4
20-03 21:00:00,5.0,4.0,44.49,5.0,5.0,12.698
20-03 22:00:00,0.0,0.0,0.0,0.0,0.0,0.0
20-03 23:00:00,0.0,0.0,0.0,0.0,0.0,0.0
21-03 00:00:00,0.0,0.0,0.0,0.0,0.0,0.0
21-03 01:00:00,0.0,0.0,0.0,0.0,0.0,0.0
21-03 02:00:00,0.0,0.0,0.0,0.0,0.0,0.0
21-03 03:00:00,0.0,0.0,0.0,0.0,0.0,0.0
21-03 04:00:00,0.0,0.0,0.0,0.0,0.0,0.0
21-03 05:00:00,0.0,0.0,0.0,0.0,0.0,0.0
21-03 06:00:00,0.0,0.0,0.0,0.0,0.0,0.0
21-03 07:00:00,0.0,0.0,0.0,0.0,0.0,0.0
21-03 08:00:00,0.0,0.0,0.0,0.0,0.0,0.0
21-03 09:00:00,0.0,0.0,0.0,0.0,0.0,0.0
21-03 10:00:00,116.0,85.0,97.0,117.0,85.0,100.0
21-03 11:00:00,356.0,345.0,356.0,325.0,359.0,348.2
21-03 12:00:00,590.0,484.0,603.0,588.0,596.0,572.2
21-03 13:00:00,786.0,477.0,789.0,809.0,641.0,700.4
21-03 14:00:00,712.0,436.0,937.0,954.0,504.0,708.6
21-03 15:00:00,722.0,616.0,814.0,1032.99,571.0,751.198
21-03 16:00:00,764.0,644.0,956.0,809.0,533.0,741.2
21-03 17:00:00,663.0,738.0,908.0,852.0,124.0,657.0
21-03 18:00:00,229.0,749.0,732.0,762.0,79.0,510.2
21-03 19:00:00,304.0,253.0,406.0,516.0,48.0,305.4
21-03 20:00:00,58.0,25.0,266.0,258.0,26.0,126.6
21-03 21:00:00,4.0,4.0,36.92,5.0,5.0,10.984
21-03 22:00:00,0.0,0.0,0.0,0.0,0.0,0.0
21-03 23:00:00,0.0,0.0,0.0,0.0,0.0,0.0
22-03 00:00:00,0.0,0.0,0.0,0.0,0.0,0.0
22-03 01:00:00,0.0,0.0,0.0,0.0,0.0,0.0
22-03 02:00:00,0.0,0.0,0.0,0.0,0.0,0.0
22-03 03:00:00,0.0,0.0,0.0,0.0,0.0,0.0
22-03 04:00:00,0.0,0.0,0.0,0.0,0.0,0.0
22-03 05:00:00,0.0,0.0,0.0,0.0,0.0,0.0
22-03 06:00:00,0.0,0.0,0.0,0.0,0.0,0.0
22-03 07:00:00,0.0,0.0,0.0,0.0,0.0,0.0
22-03 08:00:00,0.0,0.0,0.0,0.0,0.0,0.0
22-03 09:00:00,0.0,0.0,0.0,0.0,0.0,0.0
22-03 10:00:00,85.0,56.0,120.0,107.0,19.0,77.4
22-03 11:00:00,292.0,192.0,331.0,344.0,72.0,246.2
22-03 12:00:00,415.0,232.0,595.0,585.0,388.0,443.0
22-03 13:00:00,623.0,545.0,792.0,796.0,731.0,697.4
22-03 14:00:00,761.0,612.0,989.99,945.0,423.0,746.198
22-03 15:00:00,913.0,747.0,1011.99,994.99,469.0,827.1959999999999
22-03 16:00:00,687.0,261.0,1037.99,977.0,770.0,746.598
22-03 17:00:00,541.0,247.0,814.0,874.0,551.0,605.4
22-03 18:00:00,644.0,403.0,220.0,585.0,257.0,421.8
22-03 19:00:00,455.0,267.0,264.0,486.0,177.0,329.8
22-03 20:00:00,47.0,37.0,270.0,89.0,244.0,137.4
22-03 21:00:00,6.0,28.13,4.0,14.0,38.71,18.168
22-03 22:00:00,0.0,0.0,0.0,0.0,0.0,0.0
22-03 23:00:00,0.0,0.0,0.0,0.0,0.0,0.0
23-03 00:00:00,0.0,0.0,0.0,0.0,0.0,0.0
23-03 01:00:00,0.0,0.0,0.0,0.0,0.0,0.0
23-03 02:00:00,0.0,0.0,0.0,0.0,0.0,0.0
23-03 03:00:00,0.0,0.0,0.0,0.0,0.0,0.0
23-03 04:00:00,0.0,0.0,0.0,0.0,0.0,0.0
23-03 05:00:00,0.0,0.0,0.0,0.0,0.0,0.0
23-03 06:00:00,0.0,0.0,0.0,0.0,0.0,0.0
23-03 07:00:00,0.0,0.0,0.0,0.0,0.0,0.0
23-03 08:00:00,0.0,0.0,0.0,0.0,0.0,0.0
23-03 09:00:00,0.0,0.0,0.0,0.0,0.0,0.0
23-03 10:00:00,51.0,64.0,82.0,104.0,74.0,75.0
23-03 11:00:00,74.0,110.0,372.0,336.0,354.0,249.2
23-03 12:00:00,450.0,354.0,557.0,573.0,605.0,507.8
23-03 13:00:00,678.0,537.0,817.0,795.0,730.0,711.4
23-03 14:00:00,815.0,947.99,927.0,958.99,853.0,900.396
23-03 15:00:00,909.0,955.0,554.0,942.0,1001.99,872.3979999999999
23-03 16:00:00,967.99,919.0,484.0,914.0,962.0,849.3979999999999
23-03 17:00:00,653.0,0.0,814.0,886.0,937.99,658.198
23-03 18:00:00,605.0,394.0,635.0,672.0,677.0,596.6
23-03 19:00:00,425.0,274.0,306.0,329.0,276.0,322.0
23-03 20:00:00,145.0,42.0,239.0,170.0,132.0,145.6
23-03 21:00:00,4.0,4.0,5.0,8.0,42.04,12.608
23-03 22:00:00,0.0,0.0,0.0,0.0,0.0,0.0
23-03 23:00:00,0.0,0.0,0.0,0.0,0.0,0.0
24-03 00:00:00,0.0,0.0,0.0,0.0,0.0,0.0
24-03 01:00:00,0.0,0.0,0.0,0.0,0.0,0.0
24-03 02:00:00,0.0,0.0,0.0,0.0,0.0,0.0
24-03 03:00:00,0.0,0.0,0.0,0.0,0.0,0.0
24-03 04:00:00,0.0,0.0,0.0,0.0,0.0,0.0
24-03 05:00:00,0.0,0.0,0.0,0.0,0.0,0.0
24-03 06:00:00,0.0,0.0,0.0,0.0,0.0,0.0
24-03 07:00:00,0.0,0.0,0.0,0.0,0.0,0.0
24-03 08:00:00,0.0,0.0,0.0,0.0,0.0,0.0
24-03 09:00:00,0.0,0.0,0.0,0.0,0.0,0.0
24-03 10:00:00,18.0,54.0,89.0,104.0,95.0,72.0
24-03 11:00:00,111.0,183.0,366.0,351.0,369.0,276.0
24-03 12:00:00,289.0,336.0,615.0,590.0,605.0,487.0
24-03 13:00:00,430.0,398.0,826.0,799.0,810.0,652.6
24-03 14:00:00,669.0,583.0,984.99,936.99,920.0,818.7959999999999
24-03 15:00:00,860.0,829.0,1002.99,898.0,865.0,890.9979999999999
24-03 16:00:00,773.0,1006.99,989.99,952.0,981.99,940.7940000000001
24-03 17:00:00,701.0,816.0,736.0,786.0,723.0,752.4
24-03 18:00:00,511.0,705.0,602.0,600.0,660.0,615.6
24-03 19:00:00,395.0,462.0,355.0,461.0,496.0,433.8
24-03 20:00:00,231.0,186.0,48.0,248.0,183.0,179.2
24-03 21:00:00,18.0,30.18,4.0,6.0,25.55,16.746000000000002
24-03 22:00:00,0.0,0.0,0.0,0.0,0.0,0.0
24-03 23:00:00,0.0,0.0,0.0,0.0,0.0,0.0
25-03 00:00:00,0.0,0.0,0.0,0.0,0.0,0.0
25-03 01:00:00,0.0,0.0,0.0,0.0,0.0,0.0
25-03 02:00:00,0.0,0.0,0.0,0.0,0.0,0.0
25-03 03:00:00,0.0,0.0,0.0,0.0,0.0,0.0
25-03 04:00:00,0.0,0.0,0.0,0.0,0.0,0.0
25-03 05:00:00,0.0,0.0,0.0,0.0,0.0,0.0
25-03 06:00:00,0.0,0.0,0.0,0.0,0.0,0.0
25-03 07:00:00,0.0,0.0,0.0,0.0,0.0,0.0
25-03 08:00:00,0.0,0.0,0.0,0.0,0.0,0.0
25-03 09:00:00,0.0,0.0,0.0,0.0,0.0,0.0
25-03 10:00:00,90.0,11.0,74.0,85.0,96.0,71.2
25-03 11:00:00,334.0,140.0,304.0,155.0,370.0,260.6
25-03 12:00:00,558.0,213.0,574.0,568.0,609.0,504.4
25-03 13:00:00,738.0,342.0,772.0,525.0,818.0,639.0
25-03 14:00:00,867.0,487.0,959.99,728.0,964.99,801.396
25-03 15:00:00,961.99,608.0,930.0,722.0,1053.99,855.1959999999999
25-03 16:00:00,889.0,615.0,876.0,507.0,1053.99,788.198
25-03 17:00:00,895.0,323.0,738.0,423.0,956.99,667.198
25-03 18:00:00,739.0,225.0,641.0,655.0,775.0,607.0
25-03 19:00:00,526.0,331.0,416.0,542.0,527.0,468.4
25-03 20:00:00,84.0,24.0,122.0,230.0,272.0,146.4
25-03 21:00:00,5.0,3.0,4.0,4.0,19.81,7.162000000000001
25-03 22:00:00,0.0,0.0,0.0,0.0,0.0,0.0
25-03 23:00:00,0.0,0.0,0.0,0.0,0.0,0.0
26-03 00:00:00,0.0,0.0,0.0,0.0,0.0,0.0
26-03 01:00:00,0.0,0.0,0.0,0.0,0.0,0.0
26-03 02:00:00,0.0,0.0,0.0,0.0,0.0,0.0
26-03 03:00:00,0.0,0.0,0.0,0.0,0.0,0.0
26-03 04:00:00,0.0,0.0,0.0,0.0,0.0,0.0
26-03 05:00:00,0.0,0.0,0.0,0.0,0.0,0.0
26-03 06:00:00,0.0,0.0,0.0,0.0,0.0,0.0
26-03 07:00:00,0.0,0.0,0.0,0.0,0.0,0.0
26-03 08:00:00,0.0,0.0,0.0,0.0,0.0,0.0
26-03 09:00:00,0.0,0.0,0.0,0.0,0.0,0.0
26-03 10:00:00,50.0,89.0,68.0,89.0,98.0,78.8
26-03 11:00:00,244.0,273.0,340.0,318.0,370.0,309.0
26-03 12:00:00,531.0,414.0,562.0,569.0,610.0,537.2
26-03 13:00:00,622.0,498.0,781.0,750.0,819.0,694.0
26-03 14:00:00,625.0,758.0,954.99,871.0,964.99,834.7959999999999
26-03 15:00:00,776.0,795.0,977.99,905.0,1048.99,900.5959999999999
26-03 16:00:00,760.0,748.0,943.0,898.0,1038.99,877.598
26-03 17:00:00,698.0,904.99,676.0,708.0,912.99,779.9959999999999
26-03 18:00:00,441.0,563.0,488.0,736.0,754.0,596.4
26-03 19:00:00,94.0,439.0,368.0,490.0,464.0,371.0
26-03 20:00:00,24.0,200.0,127.0,244.0,238.0,166.6
26-03 21:00:00,6.0,5.0,29.26,5.0,27.75,14.602
26-03 22:00:00,0.0,0.0,0.0,0.0,0.0,0.0
26-03 23:00:00,0.0,0.0,0.0,0.0,0.0,0.0
27-03 00:00:00,0.0,0.0,0.0,0.0,0.0,0.0
27-03 01:00:00,0.0,0.0,0.0,0.0,0.0,0.0
27-03 02:00:00,0.0,0.0,0.0,0.0,0.0,0.0
27-03 03:00:00,0.0,0.0,0.0,0.0,0.0,0.0
27-03 04:00:00,0.0,0.0,0.0,0.0,0.0,0.0
27-03 05:00:00,0.0,0.0,0.0,0.0,0.0,0.0
27-03 06:00:00,0.0,0.0,0.0,0.0,0.0,0.0
27-03 07:00:00,0.0,0.0,0.0,0.0,0.0,0.0
27-03 08:00:00,0.0,0.0,0.0,0.0,0.0,0.0
27-03 09:00:00,0.0,0.0,0.0,0.0,0.0,0.0
27-03 10:00:00,24.0,53.0,82.0,99.0,94.0,70.4
27-03 11:00:00,109.0,280.0,366.0,330.0,367.0,290.4
27-03 12:00:00,283.0,370.0,609.0,576.0,605.0,488.6
27-03 13:00:00,482.0,404.0,818.0,785.0,809.0,659.6
27-03 14:00:00,580.0,450.0,983.99,935.99,953.99,780.7940000000001
27-03 15:00:00,782.0,984.99,1040.99,913.0,1029.99,950.1940000000001
27-03 16:00:00,330.0,870.0,1041.99,758.0,955.99,791.1959999999999
27-03 17:00:00,133.0,760.0,939.99,705.0,900.99,687.7959999999999
27-03 18:00:00,83.0,175.0,695.0,633.0,645.0,446.2
27-03 19:00:00,46.0,374.0,536.0,114.0,412.0,296.4
27-03 20:00:00,24.0,94.0,288.0,24.0,220.0,130.0
27-03 21:00:00,3.0,3.0,3.0,3.0,17.0,5.8
27-03 22:00:00,0.0,0.0,0.0,0.0,0.0,0.0
27-03 23:00:00,0.0,0.0,0.0,0.0,0.0,0.0
28-03 00:00:00,0.0,0.0,0.0,0.0,0.0,0.0
28-03 01:00:00,0.0,0.0,0.0,0.0,0.0,0.0
28-03 02:00:00,0.0,0.0,0.0,0.0,0.0,0.0
28-03 03:00:00,0.0,0.0,0.0,0.0,0.0,0.0
28-03 04:00:00,0.0,0.0,0.0,0.0,0.0,0.0
28-03 05:00:00,0.0,0.0,0.0,0.0,0.0,0.0
28-03 06:00:00,0.0,0.0,0.0,0.0,0.0,0.0
28-03 07:00:00,0.0,0.0,0.0,0.0,0.0,0.0
28-03 08:00:00,0.0,0.0,0.0,0.0,0.0,0.0
28-03 09:00:00,0.0,0.0,0.0,0.0,0.0,0.0
28-03 10:00:00,20.0,69.0,90.0,105.0,31.0,63.0
28-03 11:00:00,229.0,230.0,348.0,343.0,224.0,274.8
28-03 12:00:00,382.0,465.0,598.0,588.0,581.0,522.8
28-03 13:00:00,449.0,713.0,813.0,788.0,754.0,703.4
28-03 14:00:00,551.0,728.0,972.99,872.0,716.0,767.9979999999999
28-03 15:00:00,912.0,688.0,1027.99,758.0,527.0,782.598
28-03 16:00:00,565.0,439.0,1034.99,757.0,601.0,679.3979999999999
28-03 17:00:00,543.0,245.0,907.99,192.0,415.0,460.59799999999996
28-03 18:00:00,205.0,219.0,756.0,751.0,479.0,482.0
28-03 19:00:00,440.0,45.0,530.0,60.0,329.0,280.8
28-03 20:00:00,23.0,23.0,274.0,26.0,30.0,75.2
28-03 21:00:00,3.0,3.0,4.0,3.0,3.0,3.2
28-03 22:00:00,0.0,0.0,0.0,0.0,0.0,0.0
28-03 23:00:00,0.0,0.0,0.0,0.0,0.0,0.0
29-03 00:00:00,0.0,0.0,0.0,0.0,0.0,0.0
29-03 01:00:00,0.0,0.0,0.0,0.0,0.0,0.0
29-03 02:00:00,0.0,0.0,0.0,0.0,0.0,0.0
29-03 03:00:00,0.0,0.0,0.0,0.0,0.0,0.0
29-03 04:00:00,0.0,0.0,0.0,0.0,0.0,0.0
29-03 05:00:00,0.0,0.0,0.0,0.0,0.0,0.0
29-03 06:00:00,0.0,0.0,0.0,0.0,0.0,0.0
29-03 07:00:00,0.0,0.0,0.0,0.0,0.0,0.0
29-03 08:00:00,0.0,0.0,0.0,0.0,0.0,0.0
29-03 09:00:00,0.0,0.0,0.0,0.0,0.0,0.0
29-03 10:00:00,89.0,69.0,91.0,75.0,108.0,86.4
29-03 11:00:00,341.0,195.0,359.0,223.0,274.0,278.4
29-03 12:00:00,578.0,337.0,606.0,545.0,298.0,472.8
29-03 13:00:00,767.0,647.0,813.99,758.0,490.0,695.198
29-03 14:00:00,791.0,806.0,865.0,923.99,661.0,809.3979999999999
29-03 15:00:00,891.0,1018.99,974.99,1008.99,686.0,915.994
29-03 16:00:00,757.0,967.99,945.99,939.99,862.0,894.594
29-03 17:00:00,708.0,864.99,868.99,855.99,798.0,819.1940000000001
29-03 18:00:00,434.0,690.0,662.0,703.0,566.0,611.0
29-03 19:00:00,333.0,414.0,411.0,404.0,345.0,381.4
29-03 20:00:00,143.0,132.0,198.0,234.0,179.0,177.2
29-03 21:00:00,6.0,2.0,20.35,7.0,8.0,8.67
29-03 22:00:00,0.0,0.0,0.0,0.0,0.0,0.0
29-03 23:00:00,0.0,0.0,0.0,0.0,0.0,0.0
30-03 00:00:00,0.0,0.0,0.0,0.0,0.0,0.0
30-03 01:00:00,0.0,0.0,0.0,0.0,0.0,0.0
30-03 02:00:00,0.0,0.0,0.0,0.0,0.0,0.0
30-03 03:00:00,0.0,0.0,0.0,0.0,0.0,0.0
30-03 04:00:00,0.0,0.0,0.0,0.0,0.0,0.0
30-03 05:00:00,0.0,0.0,0.0,0.0,0.0,0.0
30-03 06:00:00,0.0,0.0,0.0,0.0,0.0,0.0
30-03 07:00:00,0.0,0.0,0.0,0.0,0.0,0.0
30-03 08:00:00,0.0,0.0,0.0,0.0,0.0,0.0
30-03 09:00:00,0.0,0.0,0.0,0.0,0.0,0.0
30-03 10:00:00,90.0,102.0,88.0,103.0,91.0,94.8
30-03 11:00:00,350.0,340.0,353.0,309.0,360.0,342.4
30-03 12:00:00,582.0,476.0,597.0,570.0,598.0,564.6
30-03 13:00:00,791.99,744.0,793.99,790.99,802.99,784.792
30-03 14:00:00,860.0,915.99,914.99,942.99,940.99,914.992
30-03 15:00:00,952.99,1009.99,931.99,1001.99,1015.99,982.5899999999999
30-03 16:00:00,868.0,1003.99,988.99,1001.99,1004.99,973.592
30-03 17:00:00,862.99,873.99,884.99,716.0,914.99,850.592
30-03 18:00:00,724.0,724.0,714.0,641.0,727.0,706.0
30-03 19:00:00,499.0,451.0,145.0,365.0,502.0,392.4
30-03 20:00:00,236.0,198.0,133.0,241.0,258.0,213.2
30-03 21:00:00,9.0,3.0,26.39,3.0,10.0,10.278
30-03 22:00:00,0.0,0.0,0.0,0.0,0.0,0.0
30-03 23:00:00,0.0,0.0,0.0,0.0,0.0,0.0
31-03 00:00:00,0.0,0.0,0.0,0.0,0.0,0.0
31-03 01:00:00,0.0,0.0,0.0,0.0,0.0,0.0
31-03 02:00:00,0.0,0.0,0.0,0.0,0.0,0.0
31-03 03:00:00,0.0,0.0,0.0,0.0,0.0,0.0
31-03 04:00:00,0.0,0.0,0.0,0.0,0.0,0.0
31-03 05:00:00,0.0,0.0,0.0,0.0,0.0,0.0
31-03 06:00:00,0.0,0.0,0.0,0.0,0.0,0.0
31-03 07:00:00,0.0,0.0,0.0,0.0,0.0,0.0
31-03 08:00:00,0.0,0.0,0.0,0.0,0.0,0.0
31-03 09:00:00,0.0,0.0,0.0,0.0,0.0,0.0
31-03 10:00:00,93.0,104.0,78.0,88.0,92.0,91.0
31-03 11:00:00,355.0,350.0,295.0,334.0,360.0,338.8
31-03 12:00:00,600.0,586.0,589.0,574.0,600.0,589.8
31-03 13:00:00,797.99,788.99,792.99,760.0,802.99,788.592
31-03 14:00:00,919.99,967.99,944.99,935.99,929.99,939.79
31-03 15:00:00,1013.99,975.99,940.99,936.99,981.99,969.99
31-03 16:00:00,976.99,990.99,970.99,877.0,838.0,930.7940000000001
31-03 17:00:00,823.0,894.99,891.99,873.99,828.0,862.394
31-03 18:00:00,678.0,698.0,581.0,697.0,671.0,665.0
31-03 19:00:00,500.0,498.0,377.0,490.0,480.0,469.0
31-03 20:00:00,217.0,247.0,209.0,248.0,231.0,230.4
31-03 21:00:00,5.0,13.82,5.0,2.0,2.0,5.564
31-03 22:00:00,0.0,0.0,0.0,0.0,0.0,0.0
31-03 23:00:00,0.0,0.0,0.0,0.0,0.0,0.0
01-04 00:00:00,0.0,0.0,0.0,0.0,0.0,0.0
01-04 01:00:00,0.0,0.0,0.0,0.0,0.0,0.0
01-04 02:00:00,0.0,0.0,0.0,0.0,0.0,0.0
01-04 03:00:00,0.0,0.0,0.0,0.0,0.0,0.0
01-04 04:00:00,0.0,0.0,0.0,0.0,0.0,0.0
01-04 05:00:00,0.0,0.0,0.0,0.0,0.0,0.0
01-04 06:00:00,0.0,0.0,0.0,0.0,0.0,0.0
01-04 07:00:00,0.0,0.0,0.0,0.0,0.0,0.0
01-04 08:00:00,0.0,0.0,0.0,0.0,0.0,0.0
01-04 09:00:00,0.0,0.0,0.0,0.0,0.0,0.0
01-04 10:00:00,114.0,116.0,62.0,50.0,92.0,86.8
01-04 11:00:00,351.0,354.0,357.0,187.0,360.0,321.8
01-04 12:00:00,588.0,597.0,599.0,490.0,598.0,574.4
01-04 13:00:00,785.99,791.99,786.99,772.99,793.99,786.39
01-04 14:00:00,616.0,936.99,945.99,920.99,929.99,869.992
01-04 15:00:00,509.0,993.99,993.99,1013.99,997.99,901.792
01-04 16:00:00,943.99,944.99,971.99,960.99,893.99,943.1899999999999
01-04 17:00:00,821.99,872.99,751.0,862.99,842.99,830.392
01-04 18:00:00,443.0,691.0,704.0,641.0,726.99,641.198
01-04 19:00:00,57.0,462.0,404.0,245.0,101.0,253.8
01-04 20:00:00,109.0,212.0,133.0,182.0,31.0,133.4
01-04 21:00:00,2.0,5.0,2.0,2.0,2.0,2.6
01-04 22:00:00,0.0,0.0,0.0,0.0,0.0,0.0
01-04 23:00:00,0.0,0.0,0.0,0.0,0.0,0.0
02-04 00:00:00,0.0,0.0,0.0,0.0,0.0,0.0
02-04 01:00:00,0.0,0.0,0.0,0.0,0.0,0.0
02-04 02:00:00,0.0,0.0,0.0,0.0,0.0,0.0
02-04 03:00:00,0.0,0.0,0.0,0.0,0.0,0.0
02-04 04:00:00,0.0,0.0,0.0,0.0,0.0,0.0
02-04 05:00:00,0.0,0.0,0.0,0.0,0.0,0.0
02-04 06:00:00,0.0,0.0,0.0,0.0,0.0,0.0
02-04 07:00:00,0.0,0.0,0.0,0.0,0.0,0.0
02-04 08:00:00,0.0,0.0,0.0,0.0,0.0,0.0
02-04 09:00:00,0.0,0.0,0.0,0.0,0.0,0.0
02-04 10:00:00,115.0,112.0,78.0,106.0,35.0,89.2
02-04 11:00:00,341.0,305.0,344.0,350.0,43.0,276.6
02-04 12:00:00,576.0,582.0,575.0,587.0,128.0,489.6
02-04 13:00:00,778.99,786.99,708.0,784.99,103.0,632.394
02-04 14:00:00,901.99,915.99,725.0,928.99,489.0,792.1940000000001
02-04 15:00:00,872.0,959.99,844.0,1001.99,784.0,892.396
02-04 16:00:00,940.99,958.99,943.99,989.99,958.99,958.5899999999999
02-04 17:00:00,428.0,869.99,690.0,802.0,789.0,715.798
02-04 18:00:00,341.0,667.0,665.0,444.0,442.0,511.8
02-04 19:00:00,309.0,498.0,483.0,80.0,232.0,320.4
02-04 20:00:00,73.0,160.0,134.0,23.0,22.0,82.4
02-04 21:00:00,3.0,2.0,2.0,2.0,2.0,2.2
02-04 22:00:00,0.0,0.0,0.0,0.0,0.0,0.0
02-04 23:00:00,0.0,0.0,0.0,0.0,0.0,0.0
03-04 00:00:00,0.0,0.0,0.0,0.0,0.0,0.0
03-04 01:00:00,0.0,0.0,0.0,0.0,0.0,0.0
03-04 02:00:00,0.0,0.0,0.0,0.0,0.0,0.0
03-04 03:00:00,0.0,0.0,0.0,0.0,0.0,0.0
03-04 04:00:00,0.0,0.0,0.0,0.0,0.0,0.0
03-04 05:00:00,0.0,0.0,0.0,0.0,0.0,0.0
03-04 06:00:00,0.0,0.0,0.0,0.0,0.0,0.0
03-04 07:00:00,0.0,0.0,0.0,0.0,0.0,0.0
03-04 08:00:00,0.0,0.0,0.0,0.0,0.0,0.0
03-04 09:00:00,0.0,0.0,0.0,0.0,0.0,0.0
03-04 10:00:00,73.0,106.0,65.0,106.0,10.0,72.0
03-04 11:00:00,346.0,344.0,334.0,347.0,129.0,300.0
03-04 12:00:00,585.0,584.0,468.0,582.0,336.0,511.0
03-04 13:00:00,764.99,755.99,745.99,780.99,418.0,693.192
03-04 14:00:00,834.99,819.0,804.0,924.99,470.0,770.5959999999999
03-04 15:00:00,905.99,942.99,897.99,963.99,617.0,865.592
03-04 16:00:00,841.0,640.0,848.0,936.99,948.99,842.9959999999999
03-04 17:00:00,741.0,817.99,725.0,742.0,850.99,775.396
03-04 18:00:00,152.0,646.0,621.0,652.0,565.0,527.2
03-04 19:00:00,381.0,481.0,44.0,489.0,451.0,369.2
03-04 20:00:00,120.0,39.0,22.0,214.0,230.0,125.0
03-04 21:00:00,2.0,2.0,2.0,2.0,9.0,3.4
03-04 22:00:00,0.0,0.0,0.0,0.0,0.0,0.0
03-04 23:00:00,0.0,0.0,0.0,0.0,0.0,0.0
04-04 00:00:00,0.0,0.0,0.0,0.0,0.0,0.0
04-04 01:00:00,0.0,0.0,0.0,0.0,0.0,0.0
04-04 02:00:00,0.0,0.0,0.0,0.0,0.0,0.0
04-04 03:00:00,0.0,0.0,0.0,0.0,0.0,0.0
04-04 04:00:00,0.0,0.0,0.0,0.0,0.0,0.0
04-04 05:00:00,0.0,0.0,0.0,0.0,0.0,0.0
04-04 06:00:00,0.0,0.0,0.0,0.0,0.0,0.0
04-04 07:00:00,0.0,0.0,0.0,0.0,0.0,0.0
04-04 08:00:00,0.0,0.0,0.0,0.0,0.0,0.0
04-04 09:00:00,0.0,0.0,0.0,0.0,0.0,0.0
04-04 10:00:00,75.0,65.0,32.0,114.0,90.0,75.2
04-04 11:00:00,282.0,219.0,230.0,366.0,357.0,290.8
04-04 12:00:00,539.0,592.0,556.0,606.0,597.0,578.0
04-04 13:00:00,739.99,770.99,760.99,798.99,788.99,771.99
04-04 14:00:00,848.99,749.0,875.99,949.99,907.99,866.392
04-04 15:00:00,870.99,584.0,776.0,1017.99,886.99,827.1939999999998
04-04 16:00:00,811.0,123.0,722.0,1004.99,766.0,685.3979999999999
04-04 17:00:00,821.99,859.99,766.0,877.99,861.99,837.592
04-04 18:00:00,640.0,504.0,622.0,697.99,677.0,628.198
04-04 19:00:00,477.0,485.0,250.0,499.0,483.0,438.8
04-04 20:00:00,172.0,234.0,22.0,254.0,227.0,181.8
04-04 21:00:00,3.0,3.0,11.8,2.0,8.0,5.5600000000000005
04-04 22:00:00,0.0,0.0,0.0,0.0,0.0,0.0
04-04 23:00:00,0.0,0.0,0.0,0.0,0.0,0.0
05-04 00:00:00,0.0,0.0,0.0,0.0,0.0,0.0
05-04 01:00:00,0.0,0.0,0.0,0.0,0.0,0.0
05-04 02:00:00,0.0,0.0,0.0,0.0,0.0,0.0
05-04 03:00:00,0.0,0.0,0.0,0.0,0.0,0.0
05-04 04:00:00,0.0,0.0,0.0,0.0,0.0,0.0
05-04 05:00:00,0.0,0.0,0.0,0.0,0.0,0.0
05-04 06:00:00,0.0,0.0,0.0,0.0,0.0,0.0
05-04 07:00:00,0.0,0.0,0.0,0.0,0.0,0.0
05-04 08:00:00,0.0,0.0,0.0,0.0,0.0,0.0
05-04 09:00:00,0.0,0.0,0.0,0.0,0.0,0.0
05-04 10:00:00,26.0,107.0,79.0,109.0,106.0,85.4
05-04 11:00:00,105.0,349.0,345.0,347.0,358.0,300.8
05-04 12:00:00,426.0,573.0,585.0,585.0,596.0,553.0
05-04 13:00:00,245.0,757.99,765.99,784.99,758.99,662.592
05-04 14:00:00,248.0,882.99,862.99,942.99,813.0,749.994
05-04 15:00:00,830.0,934.99,881.99,1009.99,564.0,844.1940000000001
05-04 16:00:00,872.99,912.99,812.0,1001.99,362.0,792.394
05-04 17:00:00,734.0,820.99,661.0,902.99,517.0,727.1959999999999
05-04 18:00:00,630.0,705.99,62.0,702.99,679.0,555.996
05-04 19:00:00,413.0,306.0,43.0,485.0,491.0,347.6
05-04 20:00:00,175.0,21.0,21.0,257.0,234.0,141.6
05-04 21:00:00,1.0,1.0,1.0,2.0,5.0,2.0
05-04 22:00:00,0.0,0.0,0.0,0.0,0.0,0.0
05-04 23:00:00,0.0,0.0,0.0,0.0,0.0,0.0
06-04 00:00:00,0.0,0.0,0.0,0.0,0.0,0.0
06-04 01:00:00,0.0,0.0,0.0,0.0,0.0,0.0
06-04 02:00:00,0.0,0.0,0.0,0.0,0.0,0.0
06-04 03:00:00,0.0,0.0,0.0,0.0,0.0,0.0
06-04 04:00:00,0.0,0.0,0.0,0.0,0.0,0.0
06-04 05:00:00,0.0,0.0,0.0,0.0,0.0,0.0
06-04 06:00:00,0.0,0.0,0.0,0.0,0.0,0.0
06-04 07:00:00,0.0,0.0,0.0,0.0,0.0,0.0
06-04 08:00:00,0.0,0.0,0.0,0.0,0.0,0.0
06-04 09:00:00,0.0,0.0,0.0,0.0,0.0,0.0
06-04 10:00:00,30.0,10.0,80.0,66.0,62.0,49.6
06-04 11:00:00,166.0,256.0,220.0,207.0,268.0,223.4
06-04 12:00:00,171.0,575.0,492.0,480.0,563.0,456.2
06-04 13:00:00,396.0,752.99,620.0,711.0,773.99,650.7959999999999
06-04 14:00:00,310.0,558.0,877.99,764.0,866.99,675.396
06-04 15:00:00,577.0,772.0,827.0,939.99,923.99,807.9959999999999
06-04 16:00:00,509.0,795.0,783.0,892.99,887.99,773.5959999999999
06-04 17:00:00,367.0,827.99,556.0,867.99,632.0,650.196
06-04 18:00:00,406.0,565.0,313.0,695.99,466.0,489.198
06-04 19:00:00,390.0,42.0,381.0,429.0,47.0,257.8
06-04 20:00:00,24.0,34.0,21.0,243.0,21.0,68.6
06-04 21:00:00,1.0,2.0,1.0,1.0,1.0,1.2
06-04 22:00:00,0.0,0.0,0.0,0.0,0.0,0.0
06-04 23:00:00,0.0,0.0,0.0,0.0,0.0,0.0
07-04 00:00:00,0.0,0.0,0.0,0.0,0.0,0.0
07-04 01:00:00,0.0,0.0,0.0,0.0,0.0,0.0
07-04 02:00:00,0.0,0.0,0.0,0.0,0.0,0.0
07-04 03:00:00,0.0,0.0,0.0,0.0,0.0,0.0
07-04 04:00:00,0.0,0.0,0.0,0.0,0.0,0.0
07-04 05:00:00,0.0,0.0,0.0,0.0,0.0,0.0
07-04 06:00:00,0.0,0.0,0.0,0.0,0.0,0.0
07-04 07:00:00,0.0,0.0,0.0,0.0,0.0,0.0
07-04 08:00:00,0.0,0.0,0.0,0.0,0.0,0.0
07-04 09:00:00,0.0,0.0,0.0,0.0,0.0,0.0
07-04 10:00:00,65.0,79.0,65.0,104.0,57.0,74.0
07-04 11:00:00,213.0,338.0,329.0,343.0,116.0,267.8
07-04 12:00:00,489.0,410.0,501.0,577.0,175.0,430.4
07-04 13:00:00,735.99,480.0,393.0,770.99,354.0,546.796
07-04 14:00:00,812.99,621.0,706.0,915.99,767.0,764.5959999999999
07-04 15:00:00,840.99,944.99,839.99,975.99,442.0,808.792
07-04 16:00:00,867.99,188.0,761.0,862.99,666.0,669.196
07-04 17:00:00,435.0,355.0,567.0,823.99,747.0,585.598
07-04 18:00:00,61.0,201.0,297.0,510.0,105.0,234.8
07-04 19:00:00,46.0,45.0,124.0,389.0,249.0,170.6
07-04 20:00:00,26.0,20.0,21.0,52.0,21.0,28.0
07-04 21:00:00,2.0,1.0,1.0,1.0,1.0,1.2
07-04 22:00:00,0.0,0.0,0.0,0.0,0.0,0.0
07-04 23:00:00,0.0,0.0,0.0,0.0,0.0,0.0
08-04 00:00:00,0.0,0.0,0.0,0.0,0.0,0.0
08-04 01:00:00,0.0,0.0,0.0,0.0,0.0,0.0
08-04 02:00:00,0.0,0.0,0.0,0.0,0.0,0.0
08-04 03:00:00,0.0,0.0,0.0,0.0,0.0,0.0
08-04 04:00:00,0.0,0.0,0.0,0.0,0.0,0.0
08-04 05:00:00,0.0,0.0,0.0,0.0,0.0,0.0
08-04 06:00:00,0.0,0.0,0.0,0.0,0.0,0.0
08-04 07:00:00,0.0,0.0,0.0,0.0,0.0,0.0
08-04 08:00:00,0.0,0.0,0.0,0.0,0.0,0.0
08-04 09:00:00,0.0,0.0,0.0,0.0,0.0,0.0
08-04 10:00:00,9.0,89.0,33.0,71.0,37.0,47.8
08-04 11:00:00,111.0,60.0,168.0,320.0,231.0,178.0
08-04 12:00:00,223.0,182.0,260.0,552.0,421.0,327.6
08-04 13:00:00,425.0,184.0,381.0,717.99,599.0,461.39799999999997
08-04 14:00:00,580.0,583.0,710.0,848.99,669.0,678.198
08-04 15:00:00,725.0,795.0,514.0,834.99,267.0,627.198
08-04 16:00:00,820.99,859.99,634.0,341.0,430.0,617.196
08-04 17:00:00,476.0,784.99,501.0,229.0,254.0,448.99799999999993
08-04 18:00:00,363.0,575.0,356.0,170.0,632.0,419.2
08-04 19:00:00,366.0,365.0,56.0,168.0,264.0,243.8
08-04 20:00:00,114.0,20.0,28.0,21.0,20.0,40.6
08-04 21:00:00,2.0,1.0,1.0,1.0,1.0,1.2
08-04 22:00:00,0.0,0.0,0.0,0.0,0.0,0.0
08-04 23:00:00,0.0,0.0,0.0,0.0,0.0,0.0
09-04 00:00:00,0.0,0.0,0.0,0.0,0.0,0.0
09-04 01:00:00,0.0,0.0,0.0,0.0,0.0,0.0
09-04 02:00:00,0.0,0.0,0.0,0.0,0.0,0.0
09-04 03:00:00,0.0,0.0,0.0,0.0,0.0,0.0
09-04 04:00:00,0.0,0.0,0.0,0.0,0.0,0.0
09-04 05:00:00,0.0,0.0,0.0,0.0,0.0,0.0
09-04 06:00:00,0.0,0.0,0.0,0.0,0.0,0.0
09-04 07:00:00,0.0,0.0,0.0,0.0,0.0,0.0
09-04 08:00:00,0.0,0.0,0.0,0.0,0.0,0.0
09-04 09:00:00,0.0,0.0,0.0,0.0,0.0,0.0
09-04 10:00:00,9.0,101.0,47.0,23.0,76.0,51.2
09-04 11:00:00,210.0,338.0,317.0,175.0,332.0,274.4
09-04 12:00:00,310.0,573.0,570.0,571.0,491.0,503.0
09-04 13:00:00,382.0,753.99,757.99,747.99,618.0,651.994
09-04 14:00:00,635.0,861.99,915.99,833.99,819.99,813.392
09-04 15:00:00,773.0,883.99,969.99,857.99,795.0,855.994
09-04 16:00:00,662.0,850.99,944.99,580.0,717.0,750.996
09-04 17:00:00,637.0,759.99,829.99,814.99,828.99,774.192
09-04 18:00:00,421.0,637.0,628.0,682.99,582.0,590.198
09-04 19:00:00,55.0,445.0,402.0,47.0,239.0,237.6
09-04 20:00:00,20.0,182.0,167.0,62.0,190.0,124.2
09-04 21:00:00,1.0,0.0,1.0,1.0,1.0,0.8
09-04 22:00:00,0.0,0.0,0.0,0.0,0.0,0.0
09-04 23:00:00,0.0,0.0,0.0,0.0,0.0,0.0
10-04 00:00:00,0.0,0.0,0.0,0.0,0.0,0.0
10-04 01:00:00,0.0,0.0,0.0,0.0,0.0,0.0
10-04 02:00:00,0.0,0.0,0.0,0.0,0.0,0.0
10-04 03:00:00,0.0,0.0,0.0,0.0,0.0,0.0
10-04 04:00:00,0.0,0.0,0.0,0.0,0.0,0.0
10-04 05:00:00,0.0,0.0,0.0,0.0,0.0,0.0
10-04 06:00:00,0.0,0.0,0.0,0.0,0.0,0.0
10-04 07:00:00,0.0,0.0,0.0,0.0,0.0,0.0
10-04 08:00:00,0.0,0.0,0.0,0.0,0.0,0.0
10-04 09:00:00,0.0,0.0,0.0,0.0,0.0,0.0
10-04 10:00:00,103.0,109.0,104.0,74.0,37.0,85.4
10-04 11:00:00,343.0,359.0,358.0,283.0,192.0,307.0
10-04 12:00:00,505.0,585.99,600.99,514.0,403.0,521.796
10-04 13:00:00,745.99,778.99,788.99,728.99,506.0,709.792
10-04 14:00:00,827.99,914.99,935.99,901.99,678.0,851.792
10-04 15:00:00,671.0,988.99,984.99,870.99,833.99,869.992
10-04 16:00:00,710.0,957.99,948.99,709.0,645.0,794.196
10-04 17:00:00,500.0,854.99,861.99,367.0,553.0,627.396
10-04 18:00:00,489.0,674.99,680.99,111.0,60.0,403.196
10-04 19:00:00,240.0,463.0,465.0,41.0,48.0,251.4
10-04 20:00:00,33.0,178.0,225.0,20.0,20.0,95.2
10-04 21:00:00,0.0,0.0,0.0,0.0,0.0,0.0
10-04 22:00:00,0.0,0.0,0.0,0.0,0.0,0.0
10-04 23:00:00,0.0,0.0,0.0,0.0,0.0,0.0
11-04 00:00:00,0.0,0.0,0.0,0.0,0.0,0.0
11-04 01:00:00,0.0,0.0,0.0,0.0,0.0,0.0
11-04 02:00:00,0.0,0.0,0.0,0.0,0.0,0.0
11-04 03:00:00,0.0,0.0,0.0,0.0,0.0,0.0
11-04 04:00:00,0.0,0.0,0.0,0.0,0.0,0.0
11-04 05:00:00,0.0,0.0,0.0,0.0,0.0,0.0
11-04 06:00:00,0.0,0.0,0.0,0.0,0.0,0.0
11-04 07:00:00,0.0,0.0,0.0,0.0,0.0,0.0
11-04 08:00:00,0.0,0.0,0.0,0.0,0.0,0.0
11-04 09:00:00,0.0,0.0,0.0,0.0,0.0,0.0
11-04 10:00:00,18.0,101.0,104.0,48.0,82.0,70.6
11-04 11:00:00,72.0,339.0,356.0,94.0,325.0,237.2
11-04 12:00:00,95.0,567.99,597.99,363.0,466.0,417.996
11-04 13:00:00,253.0,766.99,780.99,739.99,735.99,655.392
11-04 14:00:00,320.0,905.99,931.99,889.99,875.99,784.792
11-04 15:00:00,452.0,978.99,923.99,941.99,916.99,842.792
11-04 16:00:00,589.0,947.99,922.99,896.99,840.99,839.592
11-04 17:00:00,634.0,826.99,837.99,732.0,682.0,742.596
11-04 18:00:00,599.0,540.0,583.0,635.99,532.0,577.9979999999999
11-04 19:00:00,322.0,258.0,347.0,436.0,172.0,307.0
11-04 20:00:00,59.0,43.0,175.0,218.0,19.0,102.8
11-04 21:00:00,0.0,0.0,0.0,0.0,0.0,0.0
11-04 22:00:00,0.0,0.0,0.0,0.0,0.0,0.0
11-04 23:00:00,0.0,0.0,0.0,0.0,0.0,0.0
12-04 00:00:00,0.0,0.0,0.0,0.0,0.0,0.0
12-04 01:00:00,0.0,0.0,0.0,0.0,0.0,0.0
12-04 02:00:00,0.0,0.0,0.0,0.0,0.0,0.0
12-04 03:00:00,0.0,0.0,0.0,0.0,0.0,0.0
12-04 04:00:00,0.0,0.0,0.0,0.0,0.0,0.0
12-04 05:00:00,0.0,0.0,0.0,0.0,0.0,0.0
12-04 06:00:00,0.0,0.0,0.0,0.0,0.0,0.0
12-04 07:00:00,0.0,0.0,0.0,0.0,0.0,0.0
12-04 08:00:00,0.0,0.0,0.0,0.0,0.0,0.0
12-04 09:00:00,0.0,0.0,0.0,0.0,0.0,0.0
12-04 10:00:00,105.0,56.0,35.0,60.0,80.0,67.2
12-04 11:00:00,324.0,333.0,253.0,44.0,347.0,260.2
12-04 12:00:00,511.0,522.0,567.99,312.0,571.99,496.996
12-04 13:00:00,766.99,689.99,762.99,745.99,622.0,717.592
12-04 14:00:00,733.0,855.99,900.99,677.0,714.0,776.196
12-04 15:00:00,587.0,896.99,916.99,855.99,687.0,788.7940000000001
12-04 16:00:00,645.0,753.0,864.99,887.99,729.0,775.9959999999999
12-04 17:00:00,557.0,597.0,667.0,631.0,830.99,656.598
12-04 18:00:00,650.99,501.0,600.0,613.0,203.0,513.598
12-04 19:00:00,41.0,432.0,323.0,154.0,40.0,198.0
12-04 20:00:00,19.0,60.0,222.0,97.0,19.0,83.4
12-04 21:00:00,0.0,0.0,0.0,0.0,0.0,0.0
12-04 22:00:00,0.0,0.0,0.0,0.0,0.0,0.0
12-04 23:00:00,0.0,0.0,0.0,0.0,0.0,0.0
13-04 00:00:00,0.0,0.0,0.0,0.0,0.0,0.0
13-04 01:00:00,0.0,0.0,0.0,0.0,0.0,0.0
13-04 02:00:00,0.0,0.0,0.0,0.0,0.0,0.0
13-04 03:00:00,0.0,0.0,0.0,0.0,0.0,0.0
13-04 04:00:00,0.0,0.0,0.0,0.0,0.0,0.0
13-04 05:00:00,0.0,0.0,0.0,0.0,0.0,0.0
13-04 06:00:00,0.0,0.0,0.0,0.0,0.0,0.0
13-04 07:00:00,0.0,0.0,0.0,0.0,0.0,0.0
13-04 08:00:00,0.0,0.0,0.0,0.0,0.0,0.0
13-04 09:00:00,0.0,0.0,0.0,0.0,0.0,0.0
13-04 10:00:00,55.0,52.0,104.0,100.0,36.0,69.4
13-04 11:00:00,300.0,263.0,336.0,351.0,279.0,305.8
13-04 12:00:00,502.0,571.99,588.99,584.99,571.99,563.992
13-04 13:00:00,665.0,743.99,769.99,752.99,757.99,737.992
13-04 14:00:00,768.99,447.0,899.99,880.99,876.99,774.792
13-04 15:00:00,574.0,519.0,962.99,782.0,907.99,749.1959999999999
13-04 16:00:00,790.99,706.0,935.99,868.99,394.0,739.1940000000001
13-04 17:00:00,389.0,741.99,815.99,768.99,191.0,581.394
13-04 18:00:00,461.0,351.0,615.0,547.0,666.99,528.198
13-04 19:00:00,40.0,437.0,438.0,244.0,40.0,239.8
13-04 20:00:00,37.0,165.0,173.0,19.0,49.0,88.6
13-04 21:00:00,0.0,0.0,0.0,0.0,0.0,0.0
13-04 22:00:00,0.0,0.0,0.0,0.0,0.0,0.0
13-04 23:00:00,0.0,0.0,0.0,0.0,0.0,0.0
14-04 00:00:00,0.0,0.0,0.0,0.0,0.0,0.0
14-04 01:00:00,0.0,0.0,0.0,0.0,0.0,0.0
14-04 02:00:00,0.0,0.0,0.0,0.0,0.0,0.0
14-04 03:00:00,0.0,0.0,0.0,0.0,0.0,0.0
14-04 04:00:00,0.0,0.0,0.0,0.0,0.0,0.0
14-04 05:00:00,0.0,0.0,0.0,0.0,0.0,0.0
14-04 06:00:00,0.0,0.0,0.0,0.0,0.0,0.0
14-04 07:00:00,0.0,0.0,0.0,0.0,0.0,0.0
14-04 08:00:00,0.0,0.0,0.0,0.0,0.0,0.0
14-04 09:00:00,0.0,0.0,0.0,0.0,0.0,0.0
14-04 10:00:00,46.0,55.0,76.0,64.0,78.0,63.8
14-04 11:00:00,159.0,331.0,344.0,309.0,247.0,278.0
14-04 12:00:00,284.0,530.0,578.99,542.0,555.99,498.196
14-04 13:00:00,680.99,194.0,764.99,679.99,506.0,565.1940000000001
14-04 14:00:00,764.99,185.0,860.99,881.99,570.0,652.594
14-04 15:00:00,897.99,337.0,914.99,952.99,744.0,769.394
14-04 16:00:00,872.99,124.0,897.99,930.99,522.0,669.594
14-04 17:00:00,691.0,202.0,867.99,714.0,146.0,524.198
14-04 18:00:00,537.0,95.0,437.0,556.0,91.0,343.2
14-04 19:00:00,447.0,65.0,454.0,303.0,44.0,262.6
14-04 20:00:00,22.0,18.0,19.0,58.0,22.0,27.8
14-04 21:00:00,0.0,0.0,0.0,0.0,0.0,0.0
14-04 22:00:00,0.0,0.0,0.0,0.0,0.0,0.0
14-04 23:00:00,0.0,0.0,0.0,0.0,0.0,0.0
15-04 00:00:00,0.0,0.0,0.0,0.0,0.0,0.0
15-04 01:00:00,0.0,0.0,0.0,0.0,0.0,0.0
15-04 02:00:00,0.0,0.0,0.0,0.0,0.0,0.0
15-04 03:00:00,0.0,0.0,0.0,0.0,0.0,0.0
15-04 04:00:00,0.0,0.0,0.0,0.0,0.0,0.0
15-04 05:00:00,0.0,0.0,0.0,0.0,0.0,0.0
15-04 06:00:00,0.0,0.0,0.0,0.0,0.0,0.0
15-04 07:00:00,0.0,0.0,0.0,0.0,0.0,0.0
15-04 08:00:00,0.0,0.0,0.0,0.0,0.0,0.0
15-04 09:00:00,0.0,0.0,0.0,0.0,0.0,0.0
15-04 10:00:00,9.0,44.0,98.0,35.0,60.0,49.2
15-04 11:00:00,30.0,166.0,344.0,317.0,271.0,225.6
15-04 12:00:00,271.0,206.0,584.99,535.0,555.99,430.596
15-04 13:00:00,430.0,397.0,760.99,688.99,748.99,605.1940000000001
15-04 14:00:00,529.0,662.0,888.99,666.0,874.99,724.1959999999999
15-04 15:00:00,827.99,555.0,934.99,827.99,915.99,812.392
15-04 16:00:00,827.99,505.0,928.99,850.99,819.99,786.592
15-04 17:00:00,743.99,153.0,812.99,731.99,600.0,608.394
15-04 18:00:00,652.99,58.0,662.99,573.0,584.0,506.196
15-04 19:00:00,78.0,39.0,439.0,262.0,385.0,240.6
15-04 20:00:00,125.0,72.0,145.0,29.0,197.0,113.6
15-04 21:00:00,0.0,0.0,0.0,0.0,0.0,0.0
15-04 22:00:00,0.0,0.0,0.0,0.0,0.0,0.0
15-04 23:00:00,0.0,0.0,0.0,0.0,0.0,0.0
16-04 00:00:00,0.0,0.0,0.0,0.0,0.0,0.0
16-04 01:00:00,0.0,0.0,0.0,0.0,0.0,0.0
16-04 02:00:00,0.0,0.0,0.0,0.0,0.0,0.0
16-04 03:00:00,0.0,0.0,0.0,0.0,0.0,0.0
16-04 04:00:00,0.0,0.0,0.0,0.0,0.0,0.0
16-04 05:00:00,0.0,0.0,0.0,0.0,0.0,0.0
16-04 06:00:00,0.0,0.0,0.0,0.0,0.0,0.0
16-04 07:00:00,0.0,0.0,0.0,0.0,0.0,0.0
16-04 08:00:00,0.0,0.0,0.0,0.0,0.0,0.0
16-04 09:00:00,0.0,0.0,0.0,0.0,0.0,0.0
16-04 10:00:00,22.0,31.0,95.0,98.0,85.0,66.2
16-04 11:00:00,193.0,161.0,335.0,337.0,233.0,251.8
16-04 12:00:00,447.0,213.0,572.99,571.99,521.0,465.196
16-04 13:00:00,690.99,405.0,741.99,755.99,726.99,664.192
16-04 14:00:00,828.99,442.0,886.99,887.99,859.99,781.192
16-04 15:00:00,880.99,616.0,905.99,958.99,933.99,859.192
16-04 16:00:00,747.0,542.0,871.99,961.99,891.99,802.9939999999999
16-04 17:00:00,688.0,492.0,745.99,859.99,784.99,714.1940000000001
16-04 18:00:00,94.0,337.0,594.0,670.99,623.99,463.996
16-04 19:00:00,39.0,39.0,423.0,402.0,401.0,260.8
16-04 20:00:00,18.0,21.0,194.0,158.0,208.0,119.8
16-04 21:00:00,0.0,0.0,0.0,0.0,0.0,0.0
16-04 22:00:00,0.0,0.0,0.0,0.0,0.0,0.0
16-04 23:00:00,0.0,0.0,0.0,0.0,0.0,0.0
17-04 00:00:00,0.0,0.0,0.0,0.0,0.0,0.0
17-04 01:00:00,0.0,0.0,0.0,0.0,0.0,0.0
17-04 02:00:00,0.0,0.0,0.0,0.0,0.0,0.0
17-04 03:00:00,0.0,0.0,0.0,0.0,0.0,0.0
17-04 04:00:00,0.0,0.0,0.0,0.0,0.0,0.0
17-04 05:00:00,0.0,0.0,0.0,0.0,0.0,0.0
17-04 06:00:00,0.0,0.0,0.0,0.0,0.0,0.0
17-04 07:00:00,0.0,0.0,0.0,0.0,0.0,0.0
17-04 08:00:00,0.0,0.0,0.0,0.0,0.0,0.0
17-04 09:00:00,0.0,0.0,0.0,0.0,0.0,0.0
17-04 10:00:00,58.0,50.0,9.0,87.0,96.0,60.0
17-04 11:00:00,206.0,185.0,96.0,339.0,342.0,233.6
17-04 12:00:00,532.99,376.0,106.0,580.99,572.99,433.79400000000004
17-04 13:00:00,709.99,505.0,139.0,737.99,752.99,568.994
17-04 14:00:00,844.99,528.0,303.0,898.99,879.99,690.994
17-04 15:00:00,916.99,711.0,322.0,848.99,909.99,741.7940000000001
17-04 16:00:00,604.0,571.0,863.99,952.99,882.99,774.994
17-04 17:00:00,498.0,423.0,818.99,851.99,810.99,680.594
17-04 18:00:00,547.0,73.0,650.99,611.99,623.99,501.39400000000006
17-04 19:00:00,338.0,54.0,431.0,378.0,430.0,326.2
17-04 20:00:00,73.0,33.0,185.0,88.0,30.0,81.8
17-04 21:00:00,0.0,0.0,0.0,0.0,0.0,0.0
17-04 22:00:00,0.0,0.0,0.0,0.0,0.0,0.0
17-04 23:00:00,0.0,0.0,0.0,0.0,0.0,0.0
18-04 00:00:00,0.0,0.0,0.0,0.0,0.0,0.0
18-04 01:00:00,0.0,0.0,0.0,0.0,0.0,0.0
18-04 02:00:00,0.0,0.0,0.0,0.0,0.0,0.0
18-04 03:00:00,0.0,0.0,0.0,0.0,0.0,0.0
18-04 04:00:00,0.0,0.0,0.0,0.0,0.0,0.0
18-04 05:00:00,0.0,0.0,0.0,0.0,0.0,0.0
18-04 06:00:00,0.0,0.0,0.0,0.0,0.0,0.0
18-04 07:00:00,0.0,0.0,0.0,0.0,0.0,0.0
18-04 08:00:00,0.0,0.0,0.0,0.0,0.0,0.0
18-04 09:00:00,0.0,0.0,0.0,0.0,0.0,0.0
18-04 10:00:00,96.0,63.0,59.0,94.0,76.0,77.6
18-04 11:00:00,333.0,152.0,311.0,336.0,343.0,295.0
18-04 12:00:00,564.99,113.0,124.0,567.99,557.99,385.594
18-04 13:00:00,748.99,170.0,733.99,738.99,729.99,624.392
18-04 14:00:00,860.99,320.0,715.0,784.99,612.0,658.596
18-04 15:00:00,914.99,466.0,645.0,857.99,707.0,718.196
18-04 16:00:00,926.99,312.0,336.0,883.99,713.0,634.396
18-04 17:00:00,779.99,257.0,595.0,769.99,283.0,536.996
18-04 18:00:00,534.0,92.0,153.0,638.99,343.0,352.198
18-04 19:00:00,334.0,38.0,39.0,430.0,334.0,235.0
18-04 20:00:00,101.0,17.0,18.0,192.0,103.0,86.2
18-04 21:00:00,0.0,0.0,0.0,0.0,0.0,0.0
18-04 22:00:00,0.0,0.0,0.0,0.0,0.0,0.0
18-04 23:00:00,0.0,0.0,0.0,0.0,0.0,0.0
19-04 00:00:00,0.0,0.0,0.0,0.0,0.0,0.0
19-04 01:00:00,0.0,0.0,0.0,0.0,0.0,0.0
19-04 02:00:00,0.0,0.0,0.0,0.0,0.0,0.0
19-04 03:00:00,0.0,0.0,0.0,0.0,0.0,0.0
19-04 04:00:00,0.0,0.0,0.0,0.0,0.0,0.0
19-04 05:00:00,0.0,0.0,0.0,0.0,0.0,0.0
19-04 06:00:00,0.0,0.0,0.0,0.0,0.0,0.0
19-04 07:00:00,0.0,0.0,0.0,0.0,0.0,0.0
19-04 08:00:00,0.0,0.0,0.0,0.0,0.0,0.0
19-04 09:00:00,0.0,0.0,0.0,0.0,0.0,0.0
19-04 10:00:00,94.0,8.0,56.0,99.0,17.0,54.8
19-04 11:00:00,330.0,148.0,227.0,346.0,30.0,216.2
19-04 12:00:00,553.99,157.0,562.99,567.99,128.0,393.994
19-04 13:00:00,737.99,498.0,729.99,755.99,130.0,570.394
19-04 14:00:00,871.99,534.0,780.99,848.99,428.0,692.7940000000001
19-04 15:00:00,871.99,795.99,644.0,863.99,553.0,745.7940000000001
19-04 16:00:00,877.99,708.0,424.0,654.0,640.0,660.798
19-04 17:00:00,805.99,562.0,709.99,575.0,584.0,647.396
19-04 18:00:00,617.99,63.0,305.0,503.0,120.0,321.798
19-04 19:00:00,341.0,40.0,286.0,286.0,38.0,198.2
19-04 20:00:00,101.0,17.0,91.0,32.0,17.0,51.6
19-04 21:00:00,0.0,0.0,0.0,0.0,0.0,0.0
19-04 22:00:00,0.0,0.0,0.0,0.0,0.0,0.0
19-04 23:00:00,0.0,0.0,0.0,0.0,0.0,0.0
20-04 00:00:00,0.0,0.0,0.0,0.0,0.0,0.0
20-04 01:00:00,0.0,0.0,0.0,0.0,0.0,0.0
20-04 02:00:00,0.0,0.0,0.0,0.0,0.0,0.0
20-04 03:00:00,0.0,0.0,0.0,0.0,0.0,0.0
20-04 04:00:00,0.0,0.0,0.0,0.0,0.0,0.0
20-04 05:00:00,0.0,0.0,0.0,0.0,0.0,0.0
20-04 06:00:00,0.0,0.0,0.0,0.0,0.0,0.0
20-04 07:00:00,0.0,0.0,0.0,0.0,0.0,0.0
20-04 08:00:00,0.0,0.0,0.0,0.0,0.0,0.0
20-04 09:00:00,0.0,0.0,0.0,0.0,0.0,0.0
20-04 10:00:00,96.0,55.0,79.0,96.0,16.0,68.4
20-04 11:00:00,331.0,75.0,311.0,339.0,85.0,228.2
20-04 12:00:00,569.99,370.0,507.0,569.99,128.0,428.996
20-04 13:00:00,745.99,366.0,712.99,757.99,315.0,579.594
20-04 14:00:00,875.99,454.0,887.99,884.99,509.0,722.394
20-04 15:00:00,929.99,783.99,941.99,943.99,848.99,889.79
20-04 16:00:00,939.99,656.0,894.99,930.99,486.0,781.594
20-04 17:00:00,826.99,402.0,585.0,834.99,231.0,575.996
20-04 18:00:00,648.99,56.0,533.0,662.99,191.0,418.396
20-04 19:00:00,435.99,37.0,294.0,443.99,67.0,255.596
20-04 20:00:00,159.0,21.0,170.0,188.0,17.0,111.0
20-04 21:00:00,0.0,0.0,0.0,0.0,0.0,0.0
20-04 22:00:00,0.0,0.0,0.0,0.0,0.0,0.0
20-04 23:00:00,0.0,0.0,0.0,0.0,0.0,0.0
21-04 00:00:00,0.0,0.0,0.0,0.0,0.0,0.0
21-04 01:00:00,0.0,0.0,0.0,0.0,0.0,0.0
21-04 02:00:00,0.0,0.0,0.0,0.0,0.0,0.0
21-04 03:00:00,0.0,0.0,0.0,0.0,0.0,0.0
21-04 04:00:00,0.0,0.0,0.0,0.0,0.0,0.0
21-04 05:00:00,0.0,0.0,0.0,0.0,0.0,0.0
21-04 06:00:00,0.0,0.0,0.0,0.0,0.0,0.0
21-04 07:00:00,0.0,0.0,0.0,0.0,0.0,0.0
21-04 08:00:00,0.0,0.0,0.0,0.0,0.0,0.0
21-04 09:00:00,0.0,0.0,0.0,0.0,0.0,0.0
21-04 10:00:00,96.0,60.0,99.0,103.0,66.0,84.8
21-04 11:00:00,334.0,322.0,341.0,351.99,329.0,335.598
21-04 12:00:00,554.99,560.99,571.99,588.99,559.99,567.39
21-04 13:00:00,746.99,719.99,751.99,765.99,742.99,745.5899999999999
21-04 14:00:00,872.99,689.0,896.99,869.99,857.99,837.392
21-04 15:00:00,925.99,541.0,950.99,948.99,925.99,858.592
21-04 16:00:00,931.99,500.0,931.99,919.99,892.99,835.392
21-04 17:00:00,817.99,489.0,826.99,793.99,688.99,723.392
21-04 18:00:00,647.99,415.0,659.99,636.99,353.0,542.594
21-04 19:00:00,409.0,56.0,443.99,321.0,200.0,285.998
21-04 20:00:00,135.0,25.0,188.0,158.0,177.0,136.6
21-04 21:00:00,0.0,0.0,0.0,0.0,0.0,0.0
21-04 22:00:00,0.0,0.0,0.0,0.0,0.0,0.0
21-04 23:00:00,0.0,0.0,0.0,0.0,0.0,0.0
22-04 00:00:00,0.0,0.0,0.0,0.0,0.0,0.0
22-04 01:00:00,0.0,0.0,0.0,0.0,0.0,0.0
22-04 02:00:00,0.0,0.0,0.0,0.0,0.0,0.0
22-04 03:00:00,0.0,0.0,0.0,0.0,0.0,0.0
22-04 04:00:00,0.0,0.0,0.0,0.0,0.0,0.0
22-04 05:00:00,0.0,0.0,0.0,0.0,0.0,0.0
22-04 06:00:00,0.0,0.0,0.0,0.0,0.0,0.0
22-04 07:00:00,0.0,0.0,0.0,0.0,0.0,0.0
22-04 08:00:00,0.0,0.0,0.0,0.0,0.0,0.0
22-04 09:00:00,0.0,0.0,0.0,0.0,0.0,0.0
22-04 10:00:00,86.0,95.0,100.0,95.0,96.0,94.4
22-04 11:00:00,298.0,312.0,339.0,337.0,299.0,317.0
22-04 12:00:00,533.99,276.0,572.99,567.99,519.99,494.192
22-04 13:00:00,719.99,282.0,752.99,754.99,720.99,646.192
22-04 14:00:00,849.99,460.0,897.99,875.99,803.99,777.592
22-04 15:00:00,849.99,687.0,951.99,929.99,829.99,849.792
22-04 16:00:00,873.99,633.0,932.99,905.99,785.99,826.392
22-04 17:00:00,782.99,687.99,827.99,820.99,711.99,766.39
22-04 18:00:00,622.99,514.0,659.99,588.99,476.0,572.394
22-04 19:00:00,358.0,347.0,438.99,411.0,282.0,367.398
22-04 20:00:00,37.0,91.0,180.0,178.0,16.0,100.4
22-04 21:00:00,0.0,0.0,0.0,0.0,0.0,0.0
22-04 22:00:00,0.0,0.0,0.0,0.0,0.0,0.0
22-04 23:00:00,0.0,0.0,0.0,0.0,0.0,0.0
23-04 00:00:00,0.0,0.0,0.0,0.0,0.0,0.0
23-04 01:00:00,0.0,0.0,0.0,0.0,0.0,0.0
23-04 02:00:00,0.0,0.0,0.0,0.0,0.0,0.0
23-04 03:00:00,0.0,0.0,0.0,0.0,0.0,0.0
23-04 04:00:00,0.0,0.0,0.0,0.0,0.0,0.0
23-04 05:00:00,0.0,0.0,0.0,0.0,0.0,0.0
23-04 06:00:00,0.0,0.0,0.0,0.0,0.0,0.0
23-04 07:00:00,0.0,0.0,0.0,0.0,0.0,0.0
23-04 08:00:00,0.0,0.0,0.0,0.0,0.0,0.0
23-04 09:00:00,0.0,0.0,0.0,0.0,0.0,0.0
23-04 10:00:00,28.0,36.0,79.0,102.0,56.0,60.2
23-04 11:00:00,115.0,171.0,356.99,348.99,159.0,230.196
23-04 12:00:00,473.0,308.0,579.99,579.99,517.99,491.79400000000004
23-04 13:00:00,449.0,441.0,748.99,763.99,700.99,620.7940000000001
23-04 14:00:00,270.0,581.0,892.99,881.99,814.99,688.1940000000001
23-04 15:00:00,668.0,621.0,946.99,905.99,838.99,796.1939999999998
23-04 16:00:00,194.0,801.99,917.99,906.99,762.99,716.792
23-04 17:00:00,126.0,768.99,822.99,798.99,698.99,643.192
23-04 18:00:00,56.0,464.0,654.99,635.99,536.0,469.396
23-04 19:00:00,41.0,336.0,436.99,370.0,368.0,310.398
23-04 20:00:00,16.0,156.0,185.0,194.0,177.0,145.6
23-04 21:00:00,0.0,0.0,0.0,0.0,0.0,0.0
23-04 22:00:00,0.0,0.0,0.0,0.0,0.0,0.0
23-04 23:00:00,0.0,0.0,0.0,0.0,0.0,0.0
24-04 00:00:00,0.0,0.0,0.0,0.0,0.0,0.0
24-04 01:00:00,0.0,0.0,0.0,0.0,0.0,0.0
24-04 02:00:00,0.0,0.0,0.0,0.0,0.0,0.0
24-04 03:00:00,0.0,0.0,0.0,0.0,0.0,0.0
24-04 04:00:00,0.0,0.0,0.0,0.0,0.0,0.0
24-04 05:00:00,0.0,0.0,0.0,0.0,0.0,0.0
24-04 06:00:00,0.0,0.0,0.0,0.0,0.0,0.0
24-04 07:00:00,0.0,0.0,0.0,0.0,0.0,0.0
24-04 08:00:00,0.0,0.0,0.0,0.0,0.0,0.0
24-04 09:00:00,0.0,0.0,0.0,0.0,0.0,0.0
24-04 10:00:00,42.0,87.0,94.0,74.0,44.0,68.2
24-04 11:00:00,144.0,321.0,329.0,318.0,110.0,244.4
24-04 12:00:00,172.0,539.99,564.99,532.99,460.0,453.994
24-04 13:00:00,280.0,682.99,742.99,725.99,668.99,620.192
24-04 14:00:00,495.0,668.0,876.99,838.99,493.0,674.396
24-04 15:00:00,763.99,713.0,924.99,894.99,583.0,775.994
24-04 16:00:00,869.99,600.0,904.99,784.99,699.0,771.7940000000001
24-04 17:00:00,696.99,585.0,801.99,738.99,614.0,687.394
24-04 18:00:00,609.99,502.0,593.99,569.99,394.0,533.994
24-04 19:00:00,394.0,254.0,425.99,224.0,102.0,279.998
24-04 20:00:00,171.0,40.0,184.0,176.0,32.0,120.6
24-04 21:00:00,0.0,0.0,0.0,0.0,0.0,0.0
24-04 22:00:00,0.0,0.0,0.0,0.0,0.0,0.0
24-04 23:00:00,0.0,0.0,0.0,0.0,0.0,0.0
25-04 00:00:00,0.0,0.0,0.0,0.0,0.0,0.0
25-04 01:00:00,0.0,0.0,0.0,0.0,0.0,0.0
25-04 02:00:00,0.0,0.0,0.0,0.0,0.0,0.0
25-04 03:00:00,0.0,0.0,0.0,0.0,0.0,0.0
25-04 04:00:00,0.0,0.0,0.0,0.0,0.0,0.0
25-04 05:00:00,0.0,0.0,0.0,0.0,0.0,0.0
25-04 06:00:00,0.0,0.0,0.0,0.0,0.0,0.0
25-04 07:00:00,0.0,0.0,0.0,0.0,0.0,0.0
25-04 08:00:00,0.0,0.0,0.0,0.0,0.0,0.0
25-04 09:00:00,0.0,0.0,0.0,0.0,0.0,0.0
25-04 10:00:00,87.0,87.0,91.0,93.0,84.0,88.4
25-04 11:00:00,323.0,323.0,218.0,338.99,323.0,305.198
25-04 12:00:00,544.99,535.99,570.99,571.99,551.99,555.1899999999999
25-04 13:00:00,726.99,722.99,724.99,746.99,727.99,729.99
25-04 14:00:00,848.99,844.99,859.99,862.99,850.99,853.5899999999999
25-04 15:00:00,900.99,886.99,755.99,910.99,897.99,870.5899999999999
25-04 16:00:00,900.99,881.99,468.0,816.99,835.99,780.792
25-04 17:00:00,762.99,770.99,360.0,730.99,628.0,650.594
25-04 18:00:00,624.99,562.99,561.99,614.99,377.0,548.392
25-04 19:00:00,394.99,337.0,305.0,417.99,234.0,337.796
25-04 20:00:00,140.0,114.0,31.0,177.0,22.0,96.8
25-04 21:00:00,0.0,0.0,0.0,0.0,0.0,0.0
25-04 22:00:00,0.0,0.0,0.0,0.0,0.0,0.0
25-04 23:00:00,0.0,0.0,0.0,0.0,0.0,0.0
26-04 00:00:00,0.0,0.0,0.0,0.0,0.0,0.0
26-04 01:00:00,0.0,0.0,0.0,0.0,0.0,0.0
26-04 02:00:00,0.0,0.0,0.0,0.0,0.0,0.0
26-04 03:00:00,0.0,0.0,0.0,0.0,0.0,0.0
26-04 04:00:00,0.0,0.0,0.0,0.0,0.0,0.0
26-04 05:00:00,0.0,0.0,0.0,0.0,0.0,0.0
26-04 06:00:00,0.0,0.0,0.0,0.0,0.0,0.0
26-04 07:00:00,0.0,0.0,0.0,0.0,0.0,0.0
26-04 08:00:00,0.0,0.0,0.0,0.0,0.0,0.0
26-04 09:00:00,0.0,0.0,0.0,0.0,0.0,0.0
26-04 10:00:00,90.0,91.0,81.0,87.0,75.0,84.8
26-04 11:00:00,325.0,338.99,292.0,324.0,325.99,321.196
26-04 12:00:00,551.99,558.99,506.99,552.99,550.99,544.39
26-04 13:00:00,730.99,714.99,693.99,728.99,722.99,718.39
26-04 14:00:00,853.99,771.99,794.99,850.99,839.99,822.39
26-04 15:00:00,910.99,837.99,503.0,906.99,844.99,800.792
26-04 16:00:00,843.99,725.99,841.99,836.99,829.99,815.79
26-04 17:00:00,718.99,690.99,736.99,749.99,753.99,730.1899999999999
26-04 18:00:00,620.99,547.99,586.99,647.99,583.99,597.5899999999999
26-04 19:00:00,411.99,364.0,376.0,370.0,316.0,367.598
26-04 20:00:00,79.0,149.0,53.0,167.0,117.0,113.0
26-04 21:00:00,0.0,0.0,0.0,0.0,0.0,0.0
26-04 22:00:00,0.0,0.0,0.0,0.0,0.0,0.0
26-04 23:00:00,0.0,0.0,0.0,0.0,0.0,0.0
27-04 00:00:00,0.0,0.0,0.0,0.0,0.0,0.0
27-04 01:00:00,0.0,0.0,0.0,0.0,0.0,0.0
27-04 02:00:00,0.0,0.0,0.0,0.0,0.0,0.0
27-04 03:00:00,0.0,0.0,0.0,0.0,0.0,0.0
27-04 04:00:00,0.0,0.0,0.0,0.0,0.0,0.0
27-04 05:00:00,0.0,0.0,0.0,0.0,0.0,0.0
27-04 06:00:00,0.0,0.0,0.0,0.0,0.0,0.0
27-04 07:00:00,0.0,0.0,0.0,0.0,0.0,0.0
27-04 08:00:00,0.0,0.0,0.0,0.0,0.0,0.0
27-04 09:00:00,0.0,0.0,0.0,0.0,0.0,0.0
27-04 10:00:00,87.0,87.0,27.0,0.0,81.0,56.4
27-04 11:00:00,316.0,322.0,122.0,329.99,200.0,257.998
27-04 12:00:00,533.99,539.99,404.0,559.99,544.99,516.592
27-04 13:00:00,723.99,738.99,698.99,733.99,718.99,722.99
27-04 14:00:00,845.99,856.99,834.99,847.99,835.99,844.39
27-04 15:00:00,770.99,873.99,860.99,851.99,757.99,823.1899999999999
27-04 16:00:00,838.99,864.99,811.99,741.99,803.99,812.39
27-04 17:00:00,705.99,793.99,684.99,736.99,548.0,693.992
27-04 18:00:00,589.99,614.99,535.99,512.0,558.99,562.392
27-04 19:00:00,324.0,417.99,375.0,395.99,390.99,380.794
27-04 20:00:00,81.0,145.0,149.0,167.0,91.0,126.6
27-04 21:00:00,0.0,0.0,0.0,0.0,0.0,0.0
27-04 22:00:00,0.0,0.0,0.0,0.0,0.0,0.0
27-04 23:00:00,0.0,0.0,0.0,0.0,0.0,0.0
28-04 00:00:00,0.0,0.0,0.0,0.0,0.0,0.0
28-04 01:00:00,0.0,0.0,0.0,0.0,0.0,0.0
28-04 02:00:00,0.0,0.0,0.0,0.0,0.0,0.0
28-04 03:00:00,0.0,0.0,0.0,0.0,0.0,0.0
28-04 04:00:00,0.0,0.0,0.0,0.0,0.0,0.0
28-04 05:00:00,0.0,0.0,0.0,0.0,0.0,0.0
28-04 06:00:00,0.0,0.0,0.0,0.0,0.0,0.0
28-04 07:00:00,0.0,0.0,0.0,0.0,0.0,0.0
28-04 08:00:00,0.0,0.0,0.0,0.0,0.0,0.0
28-04 09:00:00,0.0,0.0,0.0,0.0,0.0,0.0
28-04 10:00:00,85.0,86.0,87.0,91.0,84.0,86.6
28-04 11:00:00,318.0,324.99,319.0,331.99,319.99,322.794
28-04 12:00:00,537.99,544.99,542.99,553.99,538.99,543.79
28-04 13:00:00,713.99,733.99,719.99,730.99,692.99,718.39
28-04 14:00:00,681.0,861.99,844.99,848.99,745.99,796.592
28-04 15:00:00,828.99,922.99,871.99,856.99,781.99,852.5899999999999
28-04 16:00:00,878.99,897.99,780.99,801.99,698.0,811.592
28-04 17:00:00,703.99,792.99,724.99,658.99,713.99,718.99
28-04 18:00:00,556.99,623.99,557.99,590.99,588.99,583.79
28-04 19:00:00,295.0,420.99,382.99,410.99,352.0,372.394
28-04 20:00:00,137.0,145.0,153.0,169.0,133.0,147.4
28-04 21:00:00,0.0,0.0,0.0,0.0,0.0,0.0
28-04 22:00:00,0.0,0.0,0.0,0.0,0.0,0.0
28-04 23:00:00,0.0,0.0,0.0,0.0,0.0,0.0
29-04 00:00:00,0.0,0.0,0.0,0.0,0.0,0.0
29-04 01:00:00,0.0,0.0,0.0,0.0,0.0,0.0
29-04 02:00:00,0.0,0.0,0.0,0.0,0.0,0.0
29-04 03:00:00,0.0,0.0,0.0,0.0,0.0,0.0
29-04 04:00:00,0.0,0.0,0.0,0.0,0.0,0.0
29-04 05:00:00,0.0,0.0,0.0,0.0,0.0,0.0
29-04 06:00:00,0.0,0.0,0.0,0.0,0.0,0.0
29-04 07:00:00,0.0,0.0,0.0,0.0,0.0,0.0
29-04 08:00:00,0.0,0.0,0.0,0.0,0.0,0.0
29-04 09:00:00,0.0,0.0,0.0,0.0,0.0,0.0
29-04 10:00:00,88.0,89.0,52.0,90.0,69.0,77.6
29-04 11:00:00,326.99,329.99,298.0,322.99,318.99,319.392
29-04 12:00:00,544.99,556.99,531.99,551.99,542.99,545.79
29-04 13:00:00,723.99,741.99,717.99,726.99,716.99,725.5899999999999
29-04 14:00:00,845.99,655.0,785.99,848.99,800.99,787.392
29-04 15:00:00,830.99,788.99,749.99,899.99,758.99,805.79
29-04 16:00:00,852.99,720.99,818.99,874.99,839.99,821.5899999999999
29-04 17:00:00,752.99,704.99,714.99,746.99,744.99,732.99
29-04 18:00:00,519.0,573.99,558.99,620.99,489.0,552.394
29-04 19:00:00,266.0,344.0,269.0,396.99,234.0,301.998
29-04 20:00:00,136.0,84.0,146.0,163.0,76.0,121.0
29-04 21:00:00,0.0,0.0,0.0,0.0,0.0,0.0
29-04 22:00:00,0.0,0.0,0.0,0.0,0.0,0.0
29-04 23:00:00,0.0,0.0,0.0,0.0,0.0,0.0
30-04 00:00:00,0.0,0.0,0.0,0.0,0.0,0.0
30-04 01:00:00,0.0,0.0,0.0,0.0,0.0,0.0
30-04 02:00:00,0.0,0.0,0.0,0.0,0.0,0.0
30-04 03:00:00,0.0,0.0,0.0,0.0,0.0,0.0
30-04 04:00:00,0.0,0.0,0.0,0.0,0.0,0.0
30-04 05:00:00,0.0,0.0,0.0,0.0,0.0,0.0
30-04 06:00:00,0.0,0.0,0.0,0.0,0.0,0.0
30-04 07:00:00,0.0,0.0,0.0,0.0,0.0,0.0
30-04 08:00:00,0.0,0.0,0.0,0.0,0.0,0.0
30-04 09:00:00,0.0,0.0,0.0,0.0,0.0,0.0
30-04 10:00:00,77.0,85.0,9.0,91.0,84.0,69.2
30-04 11:00:00,310.0,322.99,325.99,330.99,318.99,321.79200000000003
30-04 12:00:00,525.99,534.99,530.99,553.99,540.99,537.39
30-04 13:00:00,710.99,728.99,566.0,729.99,717.99,690.792
30-04 14:00:00,812.99,845.99,627.0,843.99,846.99,795.392
30-04 15:00:00,779.99,905.99,678.0,898.99,849.99,822.592
30-04 16:00:00,818.99,861.99,310.0,873.99,853.99,743.792
30-04 17:00:00,703.99,746.99,151.0,791.99,591.0,596.994
30-04 18:00:00,572.99,561.99,70.0,625.99,266.0,419.39400000000006
30-04 19:00:00,357.0,360.0,35.0,407.99,328.0,297.598
30-04 20:00:00,117.0,119.0,15.0,156.0,39.0,89.2
30-04 21:00:00,0.0,0.0,0.0,0.0,0.0,0.0
30-04 22:00:00,0.0,0.0,0.0,0.0,0.0,0.0
30-04 23:00:00,0.0,0.0,0.0,0.0,0.0,0.0
01-05 00:00:00,0.0,0.0,0.0,0.0,0.0,0.0
01-05 01:00:00,0.0,0.0,0.0,0.0,0.0,0.0
01-05 02:00:00,0.0,0.0,0.0,0.0,0.0,0.0
01-05 03:00:00,0.0,0.0,0.0,0.0,0.0,0.0
01-05 04:00:00,0.0,0.0,0.0,0.0,0.0,0.0
01-05 05:00:00,0.0,0.0,0.0,0.0,0.0,0.0
01-05 06:00:00,0.0,0.0,0.0,0.0,0.0,0.0
01-05 07:00:00,0.0,0.0,0.0,0.0,0.0,0.0
01-05 08:00:00,0.0,0.0,0.0,0.0,0.0,0.0
01-05 09:00:00,0.0,0.0,0.0,0.0,0.0,0.0
01-05 10:00:00,83.0,70.0,29.0,89.0,86.0,71.4
01-05 11:00:00,306.99,225.0,99.0,325.99,319.99,255.394
01-05 12:00:00,518.99,508.99,249.0,543.99,542.99,472.79200000000003
01-05 13:00:00,663.99,727.99,482.0,720.99,723.99,663.792
01-05 14:00:00,753.99,773.99,508.0,841.99,849.99,745.592
01-05 15:00:00,776.99,880.99,417.0,811.99,879.99,753.392
01-05 16:00:00,776.99,869.99,322.0,797.99,792.99,711.992
01-05 17:00:00,707.99,771.99,236.0,764.99,735.99,643.392
01-05 18:00:00,414.0,612.99,190.0,613.99,561.99,478.59400000000005
01-05 19:00:00,348.0,397.99,227.0,401.99,383.99,351.794
01-05 20:00:00,62.0,166.0,14.0,131.0,161.0,106.8
01-05 21:00:00,0.0,0.0,0.0,0.0,0.0,0.0
01-05 22:00:00,0.0,0.0,0.0,0.0,0.0,0.0
01-05 23:00:00,0.0,0.0,0.0,0.0,0.0,0.0
02-05 00:00:00,0.0,0.0,0.0,0.0,0.0,0.0
02-05 01:00:00,0.0,0.0,0.0,0.0,0.0,0.0
02-05 02:00:00,0.0,0.0,0.0,0.0,0.0,0.0
02-05 03:00:00,0.0,0.0,0.0,0.0,0.0,0.0
02-05 04:00:00,0.0,0.0,0.0,0.0,0.0,0.0
02-05 05:00:00,0.0,0.0,0.0,0.0,0.0,0.0
02-05 06:00:00,0.0,0.0,0.0,0.0,0.0,0.0
02-05 07:00:00,0.0,0.0,0.0,0.0,0.0,0.0
02-05 08:00:00,0.0,0.0,0.0,0.0,0.0,0.0
02-05 09:00:00,0.0,0.0,0.0,0.0,0.0,0.0
02-05 10:00:00,86.0,87.0,72.0,89.0,88.0,84.4
02-05 11:00:00,310.99,326.99,323.99,327.99,325.99,323.19
02-05 12:00:00,501.99,538.99,534.99,545.99,552.99,534.99
02-05 13:00:00,696.99,729.99,706.99,723.99,735.99,718.79
02-05 14:00:00,810.99,850.99,829.99,827.99,863.99,836.79
02-05 15:00:00,747.99,906.99,874.99,732.99,928.99,838.39
02-05 16:00:00,549.0,875.99,805.99,779.99,898.99,781.992
02-05 17:00:00,89.0,776.99,697.99,691.99,796.99,610.592
02-05 18:00:00,53.0,612.99,540.99,554.99,612.99,474.992
02-05 19:00:00,34.0,376.99,362.0,284.0,394.99,290.396
02-05 20:00:00,14.0,152.0,143.0,92.0,157.0,111.6
02-05 21:00:00,0.0,0.0,0.0,0.0,0.0,0.0
02-05 22:00:00,0.0,0.0,0.0,0.0,0.0,0.0
02-05 23:00:00,0.0,0.0,0.0,0.0,0.0,0.0
03-05 00:00:00,0.0,0.0,0.0,0.0,0.0,0.0
03-05 01:00:00,0.0,0.0,0.0,0.0,0.0,0.0
03-05 02:00:00,0.0,0.0,0.0,0.0,0.0,0.0
03-05 03:00:00,0.0,0.0,0.0,0.0,0.0,0.0
03-05 04:00:00,0.0,0.0,0.0,0.0,0.0,0.0
03-05 05:00:00,0.0,0.0,0.0,0.0,0.0,0.0
03-05 06:00:00,0.0,0.0,0.0,0.0,0.0,0.0
03-05 07:00:00,0.0,0.0,0.0,0.0,0.0,0.0
03-05 08:00:00,0.0,0.0,0.0,0.0,0.0,0.0
03-05 09:00:00,0.0,0.0,0.0,0.0,0.0,0.0
03-05 10:00:00,22.0,86.0,83.0,14.0,86.0,58.2
03-05 11:00:00,162.0,321.99,310.99,177.0,325.99,259.594
03-05 12:00:00,85.0,529.99,529.99,484.99,545.99,435.192
03-05 13:00:00,270.0,725.99,713.99,709.99,730.99,630.192
03-05 14:00:00,444.0,851.99,837.99,742.99,852.99,745.992
03-05 15:00:00,514.0,906.99,897.99,773.99,878.99,794.392
03-05 16:00:00,751.99,876.99,876.99,825.99,848.99,836.1899999999999
03-05 17:00:00,676.99,780.99,776.99,700.99,729.99,733.1899999999999
03-05 18:00:00,543.99,615.99,612.99,509.0,590.99,574.592
03-05 19:00:00,214.0,403.99,399.99,130.0,396.99,308.994
03-05 20:00:00,57.0,164.0,153.0,22.0,160.0,111.2
03-05 21:00:00,0.0,0.0,0.0,0.0,0.0,0.0
03-05 22:00:00,0.0,0.0,0.0,0.0,0.0,0.0
03-05 23:00:00,0.0,0.0,0.0,0.0,0.0,0.0
04-05 00:00:00,0.0,0.0,0.0,0.0,0.0,0.0
04-05 01:00:00,0.0,0.0,0.0,0.0,0.0,0.0
04-05 02:00:00,0.0,0.0,0.0,0.0,0.0,0.0
04-05 03:00:00,0.0,0.0,0.0,0.0,0.0,0.0
04-05 04:00:00,0.0,0.0,0.0,0.0,0.0,0.0
04-05 05:00:00,0.0,0.0,0.0,0.0,0.0,0.0
04-05 06:00:00,0.0,0.0,0.0,0.0,0.0,0.0
04-05 07:00:00,0.0,0.0,0.0,0.0,0.0,0.0
04-05 08:00:00,0.0,0.0,0.0,0.0,0.0,0.0
04-05 09:00:00,0.0,0.0,0.0,0.0,0.0,0.0
04-05 10:00:00,22.0,91.0,84.0,84.0,83.0,72.8
04-05 11:00:00,109.0,324.99,309.99,308.99,316.99,273.992
04-05 12:00:00,91.0,544.99,539.99,532.99,536.99,449.192
04-05 13:00:00,300.0,727.99,714.99,701.99,720.99,633.192
04-05 14:00:00,521.0,821.99,843.99,811.99,832.99,766.392
04-05 15:00:00,709.99,859.99,902.99,605.0,886.99,792.992
04-05 16:00:00,789.99,849.99,881.99,682.99,797.99,800.5899999999999
04-05 17:00:00,516.0,773.99,781.99,397.0,643.99,622.594
04-05 18:00:00,532.99,605.99,612.99,267.0,590.99,521.992
04-05 19:00:00,386.99,396.99,399.99,121.0,384.99,337.992
04-05 20:00:00,93.0,153.0,151.0,14.0,142.0,110.6
04-05 21:00:00,0.0,0.0,0.0,0.0,0.0,0.0
04-05 22:00:00,0.0,0.0,0.0,0.0,0.0,0.0
04-05 23:00:00,0.0,0.0,0.0,0.0,0.0,0.0
05-05 00:00:00,0.0,0.0,0.0,0.0,0.0,0.0
05-05 01:00:00,0.0,0.0,0.0,0.0,0.0,0.0
05-05 02:00:00,0.0,0.0,0.0,0.0,0.0,0.0
05-05 03:00:00,0.0,0.0,0.0,0.0,0.0,0.0
05-05 04:00:00,0.0,0.0,0.0,0.0,0.0,0.0
05-05 05:00:00,0.0,0.0,0.0,0.0,0.0,0.0
05-05 06:00:00,0.0,0.0,0.0,0.0,0.0,0.0
05-05 07:00:00,0.0,0.0,0.0,0.0,0.0,0.0
05-05 08:00:00,0.0,0.0,0.0,0.0,0.0,0.0
05-05 09:00:00,0.0,0.0,0.0,0.0,0.0,0.0
05-05 10:00:00,79.0,82.0,78.0,28.0,81.0,69.6
05-05 11:00:00,302.99,307.99,312.99,138.0,309.99,274.392
05-05 12:00:00,510.99,520.99,536.99,116.0,529.99,442.992
05-05 13:00:00,687.99,710.99,726.99,433.0,707.99,653.392
05-05 14:00:00,804.99,834.99,820.99,736.99,826.99,804.99
05-05 15:00:00,829.99,889.99,758.99,740.99,885.99,821.1899999999999
05-05 16:00:00,605.0,858.99,781.99,784.99,827.99,771.792
05-05 17:00:00,699.99,739.99,568.0,715.99,693.99,683.592
05-05 18:00:00,403.0,574.99,526.99,404.0,500.0,481.796
05-05 19:00:00,258.0,369.99,389.99,262.0,333.0,322.596
05-05 20:00:00,50.0,161.0,136.0,81.0,143.0,114.2
05-05 21:00:00,0.0,0.0,0.0,0.0,0.0,0.0
05-05 22:00:00,0.0,0.0,0.0,0.0,0.0,0.0
05-05 23:00:00,0.0,0.0,0.0,0.0,0.0,0.0
06-05 00:00:00,0.0,0.0,0.0,0.0,0.0,0.0
06-05 01:00:00,0.0,0.0,0.0,0.0,0.0,0.0
06-05 02:00:00,0.0,0.0,0.0,0.0,0.0,0.0
06-05 03:00:00,0.0,0.0,0.0,0.0,0.0,0.0
06-05 04:00:00,0.0,0.0,0.0,0.0,0.0,0.0
06-05 05:00:00,0.0,0.0,0.0,0.0,0.0,0.0
06-05 06:00:00,0.0,0.0,0.0,0.0,0.0,0.0
06-05 07:00:00,0.0,0.0,0.0,0.0,0.0,0.0
06-05 08:00:00,0.0,0.0,0.0,0.0,0.0,0.0
06-05 09:00:00,0.0,0.0,0.0,0.0,0.0,0.0
06-05 10:00:00,77.0,83.0,79.0,81.0,77.0,79.4
06-05 11:00:00,298.99,220.0,306.99,314.99,300.99,288.392
06-05 12:00:00,500.99,351.0,527.99,534.99,527.99,488.592
06-05 13:00:00,685.99,264.0,708.99,706.99,700.99,613.392
06-05 14:00:00,801.99,726.99,809.99,817.99,823.99,796.1899999999999
06-05 15:00:00,849.99,533.0,793.99,861.99,890.99,785.992
06-05 16:00:00,816.99,647.0,810.99,827.99,851.99,790.992
06-05 17:00:00,604.99,204.0,709.99,650.99,705.99,575.192
06-05 18:00:00,481.0,123.0,586.99,553.99,539.99,456.994
06-05 19:00:00,384.99,147.0,384.99,294.0,298.0,301.796
06-05 20:00:00,118.0,13.0,136.0,55.0,133.0,91.0
06-05 21:00:00,0.0,0.0,0.0,0.0,0.0,0.0
06-05 22:00:00,0.0,0.0,0.0,0.0,0.0,0.0
06-05 23:00:00,0.0,0.0,0.0,0.0,0.0,0.0
07-05 00:00:00,0.0,0.0,0.0,0.0,0.0,0.0
07-05 01:00:00,0.0,0.0,0.0,0.0,0.0,0.0
07-05 02:00:00,0.0,0.0,0.0,0.0,0.0,0.0
07-05 03:00:00,0.0,0.0,0.0,0.0,0.0,0.0
07-05 04:00:00,0.0,0.0,0.0,0.0,0.0,0.0
07-05 05:00:00,0.0,0.0,0.0,0.0,0.0,0.0
07-05 06:00:00,0.0,0.0,0.0,0.0,0.0,0.0
07-05 07:00:00,0.0,0.0,0.0,0.0,0.0,0.0
07-05 08:00:00,0.0,0.0,0.0,0.0,0.0,0.0
07-05 09:00:00,0.0,0.0,0.0,0.0,0.0,0.0
07-05 10:00:00,64.0,24.0,81.0,83.0,66.0,63.6
07-05 11:00:00,270.0,199.0,308.99,308.99,314.99,280.394
07-05 12:00:00,501.99,282.0,530.99,515.99,525.99,471.392
07-05 13:00:00,665.99,162.0,709.99,686.99,705.99,586.192
07-05 14:00:00,782.99,459.0,829.99,798.99,824.99,739.192
07-05 15:00:00,795.99,630.0,878.99,744.99,892.99,788.592
07-05 16:00:00,776.99,391.0,857.99,709.99,857.99,718.792
07-05 17:00:00,695.99,349.0,737.99,566.0,742.99,618.394
07-05 18:00:00,551.99,55.0,570.99,484.0,599.99,452.39400000000006
07-05 19:00:00,316.0,33.0,394.99,221.0,330.0,258.998
07-05 20:00:00,139.0,13.0,51.0,13.0,98.0,62.8
07-05 21:00:00,0.0,0.0,0.0,0.0,0.0,0.0
07-05 22:00:00,0.0,0.0,0.0,0.0,0.0,0.0
07-05 23:00:00,0.0,0.0,0.0,0.0,0.0,0.0
08-05 00:00:00,0.0,0.0,0.0,0.0,0.0,0.0
08-05 01:00:00,0.0,0.0,0.0,0.0,0.0,0.0
08-05 02:00:00,0.0,0.0,0.0,0.0,0.0,0.0
08-05 03:00:00,0.0,0.0,0.0,0.0,0.0,0.0
08-05 04:00:00,0.0,0.0,0.0,0.0,0.0,0.0
08-05 05:00:00,0.0,0.0,0.0,0.0,0.0,0.0
08-05 06:00:00,0.0,0.0,0.0,0.0,0.0,0.0
08-05 07:00:00,0.0,0.0,0.0,0.0,0.0,0.0
08-05 08:00:00,0.0,0.0,0.0,0.0,0.0,0.0
08-05 09:00:00,0.0,0.0,0.0,0.0,0.0,0.0
08-05 10:00:00,78.0,26.0,76.0,34.0,79.0,58.6
08-05 11:00:00,307.99,202.0,298.99,220.0,305.99,266.994
08-05 12:00:00,520.99,259.0,503.99,510.99,522.99,463.592
08-05 13:00:00,694.99,458.0,674.99,592.99,699.99,624.192
08-05 14:00:00,803.99,548.0,810.99,651.99,817.99,726.592
08-05 15:00:00,837.99,699.99,624.0,721.99,875.99,751.992
08-05 16:00:00,770.99,739.99,833.99,513.0,858.99,743.392
08-05 17:00:00,692.99,607.99,724.99,633.99,755.99,683.1899999999999
08-05 18:00:00,559.99,429.0,572.99,302.0,596.99,492.1940000000001
08-05 19:00:00,330.0,293.0,362.99,183.0,376.99,309.196
08-05 20:00:00,122.0,98.0,120.0,20.0,138.0,99.6
08-05 21:00:00,0.0,0.0,0.0,0.0,0.0,0.0
08-05 22:00:00,0.0,0.0,0.0,0.0,0.0,0.0
08-05 23:00:00,0.0,0.0,0.0,0.0,0.0,0.0
09-05 00:00:00,0.0,0.0,0.0,0.0,0.0,0.0
09-05 01:00:00,0.0,0.0,0.0,0.0,0.0,0.0
09-05 02:00:00,0.0,0.0,0.0,0.0,0.0,0.0
09-05 03:00:00,0.0,0.0,0.0,0.0,0.0,0.0
09-05 04:00:00,0.0,0.0,0.0,0.0,0.0,0.0
09-05 05:00:00,0.0,0.0,0.0,0.0,0.0,0.0
09-05 06:00:00,0.0,0.0,0.0,0.0,0.0,0.0
09-05 07:00:00,0.0,0.0,0.0,0.0,0.0,0.0
09-05 08:00:00,0.0,0.0,0.0,0.0,0.0,0.0
09-05 09:00:00,0.0,0.0,0.0,0.0,0.0,0.0
09-05 10:00:00,12.0,34.0,73.0,74.0,61.0,50.8
09-05 11:00:00,69.0,288.99,296.99,296.99,293.99,249.192
09-05 12:00:00,473.99,501.99,513.99,514.99,505.99,502.18999999999994
09-05 13:00:00,680.99,700.99,691.99,685.99,659.99,683.99
09-05 14:00:00,796.99,827.99,817.99,797.99,629.0,773.992
09-05 15:00:00,760.99,872.99,865.99,805.99,856.99,832.5899999999999
09-05 16:00:00,796.99,850.99,840.99,797.99,787.99,814.99
09-05 17:00:00,644.99,752.99,692.99,679.99,688.99,691.99
09-05 18:00:00,590.99,590.99,545.99,544.99,376.0,529.792
09-05 19:00:00,187.0,367.99,327.0,333.0,221.0,287.198
09-05 20:00:00,28.0,148.0,122.0,140.0,27.0,93.0
09-05 21:00:00,0.0,0.0,0.0,0.0,0.0,0.0
09-05 22:00:00,0.0,0.0,0.0,0.0,0.0,0.0
09-05 23:00:00,0.0,0.0,0.0,0.0,0.0,0.0
10-05 00:00:00,0.0,0.0,0.0,0.0,0.0,0.0
10-05 01:00:00,0.0,0.0,0.0,0.0,0.0,0.0
10-05 02:00:00,0.0,0.0,0.0,0.0,0.0,0.0
10-05 03:00:00,0.0,0.0,0.0,0.0,0.0,0.0
10-05 04:00:00,0.0,0.0,0.0,0.0,0.0,0.0
10-05 05:00:00,0.0,0.0,0.0,0.0,0.0,0.0
10-05 06:00:00,0.0,0.0,0.0,0.0,0.0,0.0
10-05 07:00:00,0.0,0.0,0.0,0.0,0.0,0.0
10-05 08:00:00,0.0,0.0,0.0,0.0,0.0,0.0
10-05 09:00:00,0.0,0.0,0.0,0.0,0.0,0.0
10-05 10:00:00,77.0,77.0,74.0,53.0,82.0,72.6
10-05 11:00:00,297.99,302.99,300.99,239.0,285.0,285.194
10-05 12:00:00,512.99,524.99,509.99,528.99,511.99,517.79
10-05 13:00:00,680.99,701.99,704.99,499.0,696.99,656.792
10-05 14:00:00,796.99,824.99,815.99,797.99,791.99,805.5899999999999
10-05 15:00:00,834.99,877.99,863.99,609.0,785.99,794.392
10-05 16:00:00,800.99,847.99,846.99,652.0,813.99,792.392
10-05 17:00:00,699.99,748.99,740.99,659.99,711.99,712.39
10-05 18:00:00,550.99,584.99,580.99,561.99,567.99,569.39
10-05 19:00:00,301.0,374.99,339.0,354.99,371.99,348.394
10-05 20:00:00,13.0,128.0,111.0,116.0,98.0,93.2
10-05 21:00:00,0.0,0.0,0.0,0.0,0.0,0.0
10-05 22:00:00,0.0,0.0,0.0,0.0,0.0,0.0
10-05 23:00:00,0.0,0.0,0.0,0.0,0.0,0.0
11-05 00:00:00,0.0,0.0,0.0,0.0,0.0,0.0
11-05 01:00:00,0.0,0.0,0.0,0.0,0.0,0.0
11-05 02:00:00,0.0,0.0,0.0,0.0,0.0,0.0
11-05 03:00:00,0.0,0.0,0.0,0.0,0.0,0.0
11-05 04:00:00,0.0,0.0,0.0,0.0,0.0,0.0
11-05 05:00:00,0.0,0.0,0.0,0.0,0.0,0.0
11-05 06:00:00,0.0,0.0,0.0,0.0,0.0,0.0
11-05 07:00:00,0.0,0.0,0.0,0.0,0.0,0.0
11-05 08:00:00,0.0,0.0,0.0,0.0,0.0,0.0
11-05 09:00:00,0.0,0.0,0.0,0.0,0.0,0.0
11-05 10:00:00,71.0,74.0,75.0,71.0,67.0,71.6
11-05 11:00:00,282.99,299.99,295.99,302.99,297.99,295.99
11-05 12:00:00,507.99,517.99,508.99,442.99,503.99,496.39
11-05 13:00:00,579.99,693.99,700.99,660.99,668.99,660.99
11-05 14:00:00,714.99,815.99,818.99,761.99,786.99,779.79
11-05 15:00:00,649.0,863.99,862.99,753.99,838.99,793.792
11-05 16:00:00,692.99,801.99,841.99,625.0,831.99,758.792
11-05 17:00:00,164.0,624.99,714.99,592.99,654.99,550.392
11-05 18:00:00,432.0,513.99,527.99,468.0,506.99,489.79400000000004
11-05 19:00:00,262.0,356.99,321.0,85.0,316.0,268.198
11-05 20:00:00,116.0,148.0,107.0,33.0,16.0,84.0
11-05 21:00:00,0.0,0.0,0.0,0.0,0.0,0.0
11-05 22:00:00,0.0,0.0,0.0,0.0,0.0,0.0
11-05 23:00:00,0.0,0.0,0.0,0.0,0.0,0.0
12-05 00:00:00,0.0,0.0,0.0,0.0,0.0,0.0
12-05 01:00:00,0.0,0.0,0.0,0.0,0.0,0.0
12-05 02:00:00,0.0,0.0,0.0,0.0,0.0,0.0
12-05 03:00:00,0.0,0.0,0.0,0.0,0.0,0.0
12-05 04:00:00,0.0,0.0,0.0,0.0,0.0,0.0
12-05 05:00:00,0.0,0.0,0.0,0.0,0.0,0.0
12-05 06:00:00,0.0,0.0,0.0,0.0,0.0,0.0
12-05 07:00:00,0.0,0.0,0.0,0.0,0.0,0.0
12-05 08:00:00,0.0,0.0,0.0,0.0,0.0,0.0
12-05 09:00:00,0.0,0.0,0.0,0.0,0.0,0.0
12-05 10:00:00,67.0,74.0,58.0,65.0,63.0,65.4
12-05 11:00:00,288.99,309.99,283.99,257.0,292.99,286.592
12-05 12:00:00,492.99,537.99,517.99,447.99,502.99,499.98999999999995
12-05 13:00:00,669.99,705.99,708.99,682.99,670.99,687.79
12-05 14:00:00,784.99,773.99,801.99,630.99,785.99,755.5899999999999
12-05 15:00:00,835.99,826.99,818.99,768.99,836.99,817.5899999999999
12-05 16:00:00,828.99,834.99,763.99,753.99,802.99,796.99
12-05 17:00:00,727.99,716.99,711.99,591.99,589.99,667.79
12-05 18:00:00,553.99,498.99,540.99,375.0,286.0,450.994
12-05 19:00:00,345.99,372.99,372.99,233.0,206.0,306.194
12-05 20:00:00,131.0,131.0,94.0,61.0,109.0,105.2
12-05 21:00:00,0.0,0.0,0.0,0.0,0.0,0.0
12-05 22:00:00,0.0,0.0,0.0,0.0,0.0,0.0
12-05 23:00:00,0.0,0.0,0.0,0.0,0.0,0.0
13-05 00:00:00,0.0,0.0,0.0,0.0,0.0,0.0
13-05 01:00:00,0.0,0.0,0.0,0.0,0.0,0.0
13-05 02:00:00,0.0,0.0,0.0,0.0,0.0,0.0
13-05 03:00:00,0.0,0.0,0.0,0.0,0.0,0.0
13-05 04:00:00,0.0,0.0,0.0,0.0,0.0,0.0
13-05 05:00:00,0.0,0.0,0.0,0.0,0.0,0.0
13-05 06:00:00,0.0,0.0,0.0,0.0,0.0,0.0
13-05 07:00:00,0.0,0.0,0.0,0.0,0.0,0.0
13-05 08:00:00,0.0,0.0,0.0,0.0,0.0,0.0
13-05 09:00:00,0.0,0.0,0.0,0.0,0.0,0.0
13-05 10:00:00,63.0,66.0,73.0,62.0,69.0,66.6
13-05 11:00:00,285.99,222.0,284.99,276.99,302.99,274.592
13-05 12:00:00,505.99,437.99,502.99,500.99,516.99,492.98999999999995
13-05 13:00:00,689.99,665.99,692.99,664.99,687.99,680.39
13-05 14:00:00,790.99,766.99,801.99,774.99,813.99,789.79
13-05 15:00:00,855.99,795.99,853.99,541.0,866.99,782.792
13-05 16:00:00,838.99,763.99,832.99,604.0,849.99,777.992
13-05 17:00:00,736.99,685.99,719.99,341.0,762.99,649.392
13-05 18:00:00,572.99,553.99,569.99,473.99,591.99,552.5899999999999
13-05 19:00:00,346.99,324.0,369.99,299.0,361.99,340.394
13-05 20:00:00,104.0,142.0,128.0,33.0,125.0,106.4
13-05 21:00:00,0.0,0.0,0.0,0.0,0.0,0.0
13-05 22:00:00,0.0,0.0,0.0,0.0,0.0,0.0
13-05 23:00:00,0.0,0.0,0.0,0.0,0.0,0.0
14-05 00:00:00,0.0,0.0,0.0,0.0,0.0,0.0
14-05 01:00:00,0.0,0.0,0.0,0.0,0.0,0.0
14-05 02:00:00,0.0,0.0,0.0,0.0,0.0,0.0
14-05 03:00:00,0.0,0.0,0.0,0.0,0.0,0.0
14-05 04:00:00,0.0,0.0,0.0,0.0,0.0,0.0
14-05 05:00:00,0.0,0.0,0.0,0.0,0.0,0.0
14-05 06:00:00,0.0,0.0,0.0,0.0,0.0,0.0
14-05 07:00:00,0.0,0.0,0.0,0.0,0.0,0.0
14-05 08:00:00,0.0,0.0,0.0,0.0,0.0,0.0
14-05 09:00:00,0.0,0.0,0.0,0.0,0.0,0.0
14-05 10:00:00,67.0,6.0,71.0,13.0,69.0,45.2
14-05 11:00:00,285.99,270.99,293.99,46.0,297.99,238.99200000000002
14-05 12:00:00,503.99,352.0,510.99,379.0,514.99,452.1940000000001
14-05 13:00:00,665.99,621.99,692.99,327.0,690.99,599.792
14-05 14:00:00,779.99,772.99,806.99,641.99,816.99,763.79
14-05 15:00:00,757.99,796.99,849.99,766.99,869.99,808.39
14-05 16:00:00,768.99,441.0,755.99,726.99,852.99,709.192
14-05 17:00:00,666.99,238.0,516.0,655.99,749.99,565.394
14-05 18:00:00,529.99,171.0,427.0,468.99,586.99,436.79400000000004
14-05 19:00:00,296.0,46.0,323.0,308.0,365.99,267.798
14-05 20:00:00,124.0,12.0,65.0,23.0,121.0,69.0
14-05 21:00:00,0.0,0.0,0.0,0.0,0.0,0.0
14-05 22:00:00,0.0,0.0,0.0,0.0,0.0,0.0
14-05 23:00:00,0.0,0.0,0.0,0.0,0.0,0.0
15-05 00:00:00,0.0,0.0,0.0,0.0,0.0,0.0
15-05 01:00:00,0.0,0.0,0.0,0.0,0.0,0.0
15-05 02:00:00,0.0,0.0,0.0,0.0,0.0,0.0
15-05 03:00:00,0.0,0.0,0.0,0.0,0.0,0.0
15-05 04:00:00,0.0,0.0,0.0,0.0,0.0,0.0
15-05 05:00:00,0.0,0.0,0.0,0.0,0.0,0.0
15-05 06:00:00,0.0,0.0,0.0,0.0,0.0,0.0
15-05 07:00:00,0.0,0.0,0.0,0.0,0.0,0.0
15-05 08:00:00,0.0,0.0,0.0,0.0,0.0,0.0
15-05 09:00:00,0.0,0.0,0.0,0.0,0.0,0.0
15-05 10:00:00,22.0,20.0,69.0,6.0,67.0,36.8
15-05 11:00:00,96.0,277.99,286.99,261.0,296.99,243.794
15-05 12:00:00,245.0,480.99,493.99,494.99,509.99,444.992
15-05 13:00:00,323.0,594.99,681.99,661.99,687.99,589.992
15-05 14:00:00,610.0,628.99,789.99,762.99,809.99,720.392
15-05 15:00:00,817.99,629.0,813.99,731.99,861.99,770.992
15-05 16:00:00,801.99,622.0,704.99,650.99,845.99,725.192
15-05 17:00:00,711.99,152.0,595.99,655.99,742.99,571.792
15-05 18:00:00,539.99,256.0,483.99,110.0,580.99,394.194
15-05 19:00:00,333.99,229.0,287.0,187.0,363.99,280.196
15-05 20:00:00,111.0,73.0,27.0,12.0,120.0,68.6
15-05 21:00:00,0.0,0.0,0.0,0.0,0.0,0.0
15-05 22:00:00,0.0,0.0,0.0,0.0,0.0,0.0
15-05 23:00:00,0.0,0.0,0.0,0.0,0.0,0.0
16-05 00:00:00,0.0,0.0,0.0,0.0,0.0,0.0
16-05 01:00:00,0.0,0.0,0.0,0.0,0.0,0.0
16-05 02:00:00,0.0,0.0,0.0,0.0,0.0,0.0
16-05 03:00:00,0.0,0.0,0.0,0.0,0.0,0.0
16-05 04:00:00,0.0,0.0,0.0,0.0,0.0,0.0
16-05 05:00:00,0.0,0.0,0.0,0.0,0.0,0.0
16-05 06:00:00,0.0,0.0,0.0,0.0,0.0,0.0
16-05 07:00:00,0.0,0.0,0.0,0.0,0.0,0.0
16-05 08:00:00,0.0,0.0,0.0,0.0,0.0,0.0
16-05 09:00:00,0.0,0.0,0.0,0.0,0.0,0.0
16-05 10:00:00,6.0,32.0,60.0,59.0,65.0,44.4
16-05 11:00:00,71.0,255.0,261.0,206.0,292.99,217.198
16-05 12:00:00,274.0,314.0,472.99,311.0,511.99,376.796
16-05 13:00:00,238.0,640.99,671.99,477.0,683.99,542.394
16-05 14:00:00,262.0,600.0,732.99,587.0,803.99,597.1959999999999
16-05 15:00:00,175.0,699.99,793.99,605.0,861.99,627.1940000000001
16-05 16:00:00,528.0,510.0,790.99,701.99,844.99,675.1940000000001
16-05 17:00:00,381.0,436.0,679.99,354.0,737.99,517.796
16-05 18:00:00,125.0,545.99,538.99,440.0,582.99,446.59400000000005
16-05 19:00:00,157.0,342.99,124.0,287.0,358.99,253.996
16-05 20:00:00,43.0,67.0,100.0,48.0,100.0,71.6
16-05 21:00:00,0.0,0.0,0.0,0.0,0.0,0.0
16-05 22:00:00,0.0,0.0,0.0,0.0,0.0,0.0
16-05 23:00:00,0.0,0.0,0.0,0.0,0.0,0.0
17-05 00:00:00,0.0,0.0,0.0,0.0,0.0,0.0
17-05 01:00:00,0.0,0.0,0.0,0.0,0.0,0.0
17-05 02:00:00,0.0,0.0,0.0,0.0,0.0,0.0
17-05 03:00:00,0.0,0.0,0.0,0.0,0.0,0.0
17-05 04:00:00,0.0,0.0,0.0,0.0,0.0,0.0
17-05 05:00:00,0.0,0.0,0.0,0.0,0.0,0.0
17-05 06:00:00,0.0,0.0,0.0,0.0,0.0,0.0
17-05 07:00:00,0.0,0.0,0.0,0.0,0.0,0.0
17-05 08:00:00,0.0,0.0,0.0,0.0,0.0,0.0
17-05 09:00:00,0.0,0.0,0.0,0.0,0.0,0.0
17-05 10:00:00,39.0,67.0,70.0,21.0,65.0,52.4
17-05 11:00:00,53.0,290.99,269.99,100.0,294.99,201.794
17-05 12:00:00,107.0,508.99,467.99,152.0,506.99,348.594
17-05 13:00:00,465.0,673.99,597.99,191.0,680.99,521.7940000000001
17-05 14:00:00,770.99,747.99,590.0,356.0,801.99,653.394
17-05 15:00:00,825.99,784.99,642.0,659.99,853.99,753.392
17-05 16:00:00,809.99,680.99,732.99,793.99,837.99,771.1899999999999
17-05 17:00:00,632.99,663.99,676.99,719.99,727.99,684.39
17-05 18:00:00,518.99,552.99,374.0,530.99,574.99,510.392
17-05 19:00:00,364.99,351.99,248.0,300.0,355.99,324.194
17-05 20:00:00,12.0,128.0,35.0,90.0,119.0,76.8
17-05 21:00:00,0.0,0.0,0.0,0.0,0.0,0.0
17-05 22:00:00,0.0,0.0,0.0,0.0,0.0,0.0
17-05 23:00:00,0.0,0.0,0.0,0.0,0.0,0.0
18-05 00:00:00,0.0,0.0,0.0,0.0,0.0,0.0
18-05 01:00:00,0.0,0.0,0.0,0.0,0.0,0.0
18-05 02:00:00,0.0,0.0,0.0,0.0,0.0,0.0
18-05 03:00:00,0.0,0.0,0.0,0.0,0.0,0.0
18-05 04:00:00,0.0,0.0,0.0,0.0,0.0,0.0
18-05 05:00:00,0.0,0.0,0.0,0.0,0.0,0.0
18-05 06:00:00,0.0,0.0,0.0,0.0,0.0,0.0
18-05 07:00:00,0.0,0.0,0.0,0.0,0.0,0.0
18-05 08:00:00,0.0,0.0,0.0,0.0,0.0,0.0
18-05 09:00:00,0.0,0.0,0.0,0.0,0.0,0.0
18-05 10:00:00,65.0,64.0,42.0,39.0,63.0,54.6
18-05 11:00:00,283.99,278.99,200.0,263.0,286.99,262.594
18-05 12:00:00,493.99,495.99,306.0,466.99,500.99,452.79200000000003
18-05 13:00:00,667.99,689.99,562.99,641.99,677.99,648.1899999999999
18-05 14:00:00,782.99,782.99,692.99,759.99,793.99,762.5899999999999
18-05 15:00:00,760.99,834.99,655.99,812.99,849.99,782.99
18-05 16:00:00,782.99,766.99,762.99,792.99,833.99,787.99
18-05 17:00:00,650.99,686.99,554.0,670.99,731.99,658.992
18-05 18:00:00,495.99,533.99,545.99,514.99,574.99,533.1899999999999
18-05 19:00:00,317.99,321.99,309.0,332.99,350.99,326.592
18-05 20:00:00,120.0,98.0,93.0,126.0,117.0,110.8
18-05 21:00:00,0.0,0.0,0.0,0.0,0.0,0.0
18-05 22:00:00,0.0,0.0,0.0,0.0,0.0,0.0
18-05 23:00:00,0.0,0.0,0.0,0.0,0.0,0.0
19-05 00:00:00,0.0,0.0,0.0,0.0,0.0,0.0
19-05 01:00:00,0.0,0.0,0.0,0.0,0.0,0.0
19-05 02:00:00,0.0,0.0,0.0,0.0,0.0,0.0
19-05 03:00:00,0.0,0.0,0.0,0.0,0.0,0.0
19-05 04:00:00,0.0,0.0,0.0,0.0,0.0,0.0
19-05 05:00:00,0.0,0.0,0.0,0.0,0.0,0.0
19-05 06:00:00,0.0,0.0,0.0,0.0,0.0,0.0
19-05 07:00:00,0.0,0.0,0.0,0.0,0.0,0.0
19-05 08:00:00,0.0,0.0,0.0,0.0,0.0,0.0
19-05 09:00:00,0.0,0.0,0.0,0.0,0.0,0.0
19-05 10:00:00,64.0,60.0,71.0,71.0,62.0,65.6
19-05 11:00:00,286.99,289.99,277.99,294.99,291.99,288.39
19-05 12:00:00,506.99,492.99,502.99,508.99,505.99,503.59
19-05 13:00:00,678.99,660.99,694.99,674.99,683.99,678.79
19-05 14:00:00,790.99,775.99,792.99,808.99,800.99,793.99
19-05 15:00:00,847.99,718.99,840.99,856.99,857.99,824.5899999999999
19-05 16:00:00,834.99,634.99,824.99,840.99,840.99,795.39
19-05 17:00:00,740.99,570.99,727.99,758.99,738.99,707.5899999999999
19-05 18:00:00,565.99,248.0,564.99,518.99,580.99,495.79200000000003
19-05 19:00:00,352.99,76.0,347.99,285.0,364.99,285.394
19-05 20:00:00,140.0,12.0,114.0,89.0,126.0,96.2
19-05 21:00:00,0.0,0.0,0.0,0.0,0.0,0.0
19-05 22:00:00,0.0,0.0,0.0,0.0,0.0,0.0
19-05 23:00:00,0.0,0.0,0.0,0.0,0.0,0.0
20-05 00:00:00,0.0,0.0,0.0,0.0,0.0,0.0
20-05 01:00:00,0.0,0.0,0.0,0.0,0.0,0.0
20-05 02:00:00,0.0,0.0,0.0,0.0,0.0,0.0
20-05 03:00:00,0.0,0.0,0.0,0.0,0.0,0.0
20-05 04:00:00,0.0,0.0,0.0,0.0,0.0,0.0
20-05 05:00:00,0.0,0.0,0.0,0.0,0.0,0.0
20-05 06:00:00,0.0,0.0,0.0,0.0,0.0,0.0
20-05 07:00:00,0.0,0.0,0.0,0.0,0.0,0.0
20-05 08:00:00,0.0,0.0,0.0,0.0,0.0,0.0
20-05 09:00:00,0.0,0.0,0.0,0.0,0.0,0.0
20-05 10:00:00,54.74,12.0,43.08,53.29,53.99,43.42
20-05 11:00:00,282.99,266.99,272.99,285.99,288.99,279.59000000000003
20-05 12:00:00,492.99,327.0,488.99,499.99,503.99,462.592
20-05 13:00:00,667.99,335.0,676.99,632.99,674.99,597.592
20-05 14:00:00,787.99,657.99,780.99,727.99,794.99,749.99
20-05 15:00:00,843.99,748.99,822.99,843.99,851.99,822.39
20-05 16:00:00,745.99,697.99,779.99,804.99,839.99,773.79
20-05 17:00:00,650.99,635.99,651.99,710.99,733.99,676.79
20-05 18:00:00,521.99,353.0,552.99,587.99,575.99,518.392
20-05 19:00:00,333.99,76.0,332.99,360.99,361.99,293.192
20-05 20:00:00,119.0,13.0,103.0,122.0,128.0,97.0
20-05 21:00:00,0.0,0.0,0.0,0.0,0.0,0.0
20-05 22:00:00,0.0,0.0,0.0,0.0,0.0,0.0
20-05 23:00:00,0.0,0.0,0.0,0.0,0.0,0.0
21-05 00:00:00,0.0,0.0,0.0,0.0,0.0,0.0
21-05 01:00:00,0.0,0.0,0.0,0.0,0.0,0.0
21-05 02:00:00,0.0,0.0,0.0,0.0,0.0,0.0
21-05 03:00:00,0.0,0.0,0.0,0.0,0.0,0.0
21-05 04:00:00,0.0,0.0,0.0,0.0,0.0,0.0
21-05 05:00:00,0.0,0.0,0.0,0.0,0.0,0.0
21-05 06:00:00,0.0,0.0,0.0,0.0,0.0,0.0
21-05 07:00:00,0.0,0.0,0.0,0.0,0.0,0.0
21-05 08:00:00,0.0,0.0,0.0,0.0,0.0,0.0
21-05 09:00:00,0.0,0.0,0.0,0.0,0.0,0.0
21-05 10:00:00,54.72,49.99,52.29,62.69,54.62,54.862
21-05 11:00:00,274.99,280.99,285.99,285.99,279.99,281.59000000000003
21-05 12:00:00,490.99,491.99,498.99,498.99,485.99,493.39
21-05 13:00:00,655.99,653.99,676.99,678.99,676.99,668.5899999999999
21-05 14:00:00,760.99,771.99,784.99,794.99,788.99,780.39
21-05 15:00:00,713.99,822.99,836.99,865.99,840.99,816.1899999999999
21-05 16:00:00,724.99,793.99,807.99,844.99,828.99,800.1899999999999
21-05 17:00:00,690.99,695.99,700.99,757.99,723.99,713.99
21-05 18:00:00,537.99,499.99,549.99,579.99,564.99,546.5899999999999
21-05 19:00:00,326.99,310.99,344.99,373.99,351.99,341.79
21-05 20:00:00,116.0,98.0,120.0,118.0,107.0,111.8
21-05 21:00:00,0.0,0.0,0.0,0.0,0.0,0.0
21-05 22:00:00,0.0,0.0,0.0,0.0,0.0,0.0
21-05 23:00:00,0.0,0.0,0.0,0.0,0.0,0.0
22-05 00:00:00,0.0,0.0,0.0,0.0,0.0,0.0
22-05 01:00:00,0.0,0.0,0.0,0.0,0.0,0.0
22-05 02:00:00,0.0,0.0,0.0,0.0,0.0,0.0
22-05 03:00:00,0.0,0.0,0.0,0.0,0.0,0.0
22-05 04:00:00,0.0,0.0,0.0,0.0,0.0,0.0
22-05 05:00:00,0.0,0.0,0.0,0.0,0.0,0.0
22-05 06:00:00,0.0,0.0,0.0,0.0,0.0,0.0
22-05 07:00:00,0.0,0.0,0.0,0.0,0.0,0.0
22-05 08:00:00,0.0,0.0,0.0,0.0,0.0,0.0
22-05 09:00:00,0.0,0.0,0.0,0.0,0.0,0.0
22-05 10:00:00,50.66,46.91,52.21,51.49,44.27,49.108000000000004
22-05 11:00:00,276.99,281.99,264.99,288.99,268.99,276.39
22-05 12:00:00,486.99,493.99,474.99,501.99,489.99,489.59
22-05 13:00:00,656.99,653.99,686.99,672.99,663.99,666.99
22-05 14:00:00,771.99,772.99,773.99,792.99,769.99,776.39
22-05 15:00:00,672.99,801.99,802.99,854.99,834.99,793.5899999999999
22-05 16:00:00,722.99,769.99,782.99,837.99,694.99,761.79
22-05 17:00:00,648.99,642.99,556.0,743.99,624.99,643.392
22-05 18:00:00,526.99,502.99,183.0,571.99,460.99,449.192
22-05 19:00:00,333.99,311.99,253.0,369.99,249.0,303.594
22-05 20:00:00,114.0,104.0,29.0,130.0,69.0,89.2
22-05 21:00:00,0.0,0.0,0.0,0.0,0.0,0.0
22-05 22:00:00,0.0,0.0,0.0,0.0,0.0,0.0
22-05 23:00:00,0.0,0.0,0.0,0.0,0.0,0.0
23-05 00:00:00,0.0,0.0,0.0,0.0,0.0,0.0
23-05 01:00:00,0.0,0.0,0.0,0.0,0.0,0.0
23-05 02:00:00,0.0,0.0,0.0,0.0,0.0,0.0
23-05 03:00:00,0.0,0.0,0.0,0.0,0.0,0.0
23-05 04:00:00,0.0,0.0,0.0,0.0,0.0,0.0
23-05 05:00:00,0.0,0.0,0.0,0.0,0.0,0.0
23-05 06:00:00,0.0,0.0,0.0,0.0,0.0,0.0
23-05 07:00:00,0.0,0.0,0.0,0.0,0.0,0.0
23-05 08:00:00,0.0,0.0,0.0,0.0,0.0,0.0
23-05 09:00:00,0.0,0.0,0.0,0.0,0.0,0.0
23-05 10:00:00,49.04,9.0,43.81,51.32,50.56,40.745999999999995
23-05 11:00:00,272.99,249.99,131.0,287.99,276.99,243.792
23-05 12:00:00,481.99,311.0,239.0,504.99,485.99,404.594
23-05 13:00:00,654.99,418.0,585.99,673.99,656.99,597.992
23-05 14:00:00,768.99,709.99,721.99,790.99,748.99,748.1899999999999
23-05 15:00:00,792.99,357.0,693.99,847.99,765.99,691.592
23-05 16:00:00,768.99,256.0,700.99,813.99,721.99,652.392
23-05 17:00:00,712.99,136.0,401.0,697.99,691.99,527.994
23-05 18:00:00,555.99,232.0,147.0,553.99,475.99,392.994
23-05 19:00:00,342.99,171.0,97.0,353.99,331.99,259.394
23-05 20:00:00,108.0,11.0,11.0,115.0,132.0,75.4
23-05 21:00:00,0.0,0.0,0.0,0.0,0.0,0.0
23-05 22:00:00,0.0,0.0,0.0,0.0,0.0,0.0
23-05 23:00:00,0.0,0.0,0.0,0.0,0.0,0.0
24-05 00:00:00,0.0,0.0,0.0,0.0,0.0,0.0
24-05 01:00:00,0.0,0.0,0.0,0.0,0.0,0.0
24-05 02:00:00,0.0,0.0,0.0,0.0,0.0,0.0
24-05 03:00:00,0.0,0.0,0.0,0.0,0.0,0.0
24-05 04:00:00,0.0,0.0,0.0,0.0,0.0,0.0
24-05 05:00:00,0.0,0.0,0.0,0.0,0.0,0.0
24-05 06:00:00,0.0,0.0,0.0,0.0,0.0,0.0
24-05 07:00:00,0.0,0.0,0.0,0.0,0.0,0.0
24-05 08:00:00,0.0,0.0,0.0,0.0,0.0,0.0
24-05 09:00:00,0.0,0.0,0.0,0.0,0.0,0.0
24-05 10:00:00,52.93,32.06,13.0,46.67,47.49,38.43000000000001
24-05 11:00:00,254.99,24.0,74.0,276.99,271.99,180.394
24-05 12:00:00,491.99,60.0,154.0,484.99,482.99,334.794
24-05 13:00:00,609.99,179.0,236.0,647.99,649.99,464.59400000000005
24-05 14:00:00,0.0,372.0,717.99,765.99,770.99,525.394
24-05 15:00:00,781.99,354.0,772.99,821.99,827.99,711.792
24-05 16:00:00,399.0,359.0,783.99,692.99,802.99,607.594
24-05 17:00:00,674.99,168.0,708.99,679.99,655.99,577.592
24-05 18:00:00,540.99,103.0,542.99,481.99,539.99,441.79200000000003
24-05 19:00:00,281.0,48.0,340.99,326.99,322.99,263.994
24-05 20:00:00,112.0,11.0,43.0,109.0,97.0,74.4
24-05 21:00:00,0.0,0.0,0.0,0.0,0.0,0.0
24-05 22:00:00,0.0,0.0,0.0,0.0,0.0,0.0
24-05 23:00:00,0.0,0.0,0.0,0.0,0.0,0.0
25-05 00:00:00,0.0,0.0,0.0,0.0,0.0,0.0
25-05 01:00:00,0.0,0.0,0.0,0.0,0.0,0.0
25-05 02:00:00,0.0,0.0,0.0,0.0,0.0,0.0
25-05 03:00:00,0.0,0.0,0.0,0.0,0.0,0.0
25-05 04:00:00,0.0,0.0,0.0,0.0,0.0,0.0
25-05 05:00:00,0.0,0.0,0.0,0.0,0.0,0.0
25-05 06:00:00,0.0,0.0,0.0,0.0,0.0,0.0
25-05 07:00:00,0.0,0.0,0.0,0.0,0.0,0.0
25-05 08:00:00,0.0,0.0,0.0,0.0,0.0,0.0
25-05 09:00:00,0.0,0.0,0.0,0.0,0.0,0.0
25-05 10:00:00,9.0,13.0,48.03,48.8,45.83,32.932
25-05 11:00:00,58.0,126.0,261.99,277.99,267.99,198.394
25-05 12:00:00,100.0,161.0,470.99,484.99,472.99,337.994
25-05 13:00:00,281.0,436.0,641.99,655.99,640.99,531.1940000000001
25-05 14:00:00,229.0,629.99,750.99,766.99,756.99,626.792
25-05 15:00:00,500.0,797.99,810.99,822.99,799.99,746.392
25-05 16:00:00,754.99,355.0,773.99,802.99,668.99,671.192
25-05 17:00:00,698.99,295.0,688.99,715.99,658.99,611.592
25-05 18:00:00,534.99,466.99,521.99,542.99,512.99,515.99
25-05 19:00:00,314.99,301.99,323.99,349.99,296.0,317.392
25-05 20:00:00,104.0,11.0,113.0,116.0,121.0,93.0
25-05 21:00:00,0.0,0.0,0.0,0.0,0.0,0.0
25-05 22:00:00,0.0,0.0,0.0,0.0,0.0,0.0
25-05 23:00:00,0.0,0.0,0.0,0.0,0.0,0.0
26-05 00:00:00,0.0,0.0,0.0,0.0,0.0,0.0
26-05 01:00:00,0.0,0.0,0.0,0.0,0.0,0.0
26-05 02:00:00,0.0,0.0,0.0,0.0,0.0,0.0
26-05 03:00:00,0.0,0.0,0.0,0.0,0.0,0.0
26-05 04:00:00,0.0,0.0,0.0,0.0,0.0,0.0
26-05 05:00:00,0.0,0.0,0.0,0.0,0.0,0.0
26-05 06:00:00,0.0,0.0,0.0,0.0,0.0,0.0
26-05 07:00:00,0.0,0.0,0.0,0.0,0.0,0.0
26-05 08:00:00,0.0,0.0,0.0,0.0,0.0,0.0
26-05 09:00:00,0.0,0.0,0.0,0.0,0.0,0.0
26-05 10:00:00,45.63,53.03,49.6,46.5,44.16,47.784
26-05 11:00:00,261.99,247.0,264.99,268.99,266.99,261.992
26-05 12:00:00,474.99,475.99,484.99,476.99,476.99,477.98999999999995
26-05 13:00:00,637.99,654.99,651.99,659.99,641.99,649.39
26-05 14:00:00,753.99,773.99,757.99,770.99,758.99,763.1899999999999
26-05 15:00:00,809.99,830.99,796.99,788.99,814.99,808.39
26-05 16:00:00,797.99,806.99,732.99,780.99,785.99,780.99
26-05 17:00:00,699.99,711.99,658.99,700.99,692.99,692.99
26-05 18:00:00,523.99,554.99,514.99,514.99,530.99,527.99
26-05 19:00:00,323.99,353.99,312.99,340.99,324.99,331.39
26-05 20:00:00,103.0,125.0,111.0,117.0,97.0,110.6
26-05 21:00:00,0.0,0.0,0.0,0.0,0.0,0.0
26-05 22:00:00,0.0,0.0,0.0,0.0,0.0,0.0
26-05 23:00:00,0.0,0.0,0.0,0.0,0.0,0.0
27-05 00:00:00,0.0,0.0,0.0,0.0,0.0,0.0
27-05 01:00:00,0.0,0.0,0.0,0.0,0.0,0.0
27-05 02:00:00,0.0,0.0,0.0,0.0,0.0,0.0
27-05 03:00:00,0.0,0.0,0.0,0.0,0.0,0.0
27-05 04:00:00,0.0,0.0,0.0,0.0,0.0,0.0
27-05 05:00:00,0.0,0.0,0.0,0.0,0.0,0.0
27-05 06:00:00,0.0,0.0,0.0,0.0,0.0,0.0
27-05 07:00:00,0.0,0.0,0.0,0.0,0.0,0.0
27-05 08:00:00,0.0,0.0,0.0,0.0,0.0,0.0
27-05 09:00:00,0.0,0.0,0.0,0.0,0.0,0.0
27-05 10:00:00,45.51,44.91,45.51,38.37,45.54,43.967999999999996
27-05 11:00:00,269.99,286.99,252.99,247.99,264.99,264.59000000000003
27-05 12:00:00,481.99,499.99,464.99,472.99,470.99,478.18999999999994
27-05 13:00:00,642.99,676.99,631.99,579.99,638.99,634.1899999999999
27-05 14:00:00,756.99,794.99,744.99,757.99,751.99,761.39
27-05 15:00:00,812.99,848.99,703.99,646.99,701.99,742.99
27-05 16:00:00,796.99,823.99,686.99,681.99,689.99,735.99
27-05 17:00:00,683.99,726.99,566.99,529.0,582.99,617.992
27-05 18:00:00,534.99,567.99,448.99,521.99,406.0,495.992
27-05 19:00:00,319.99,360.99,278.0,275.0,292.0,305.196
27-05 20:00:00,104.0,130.0,117.0,20.0,113.0,96.8
27-05 21:00:00,0.0,0.0,0.0,0.0,0.0,0.0
27-05 22:00:00,0.0,0.0,0.0,0.0,0.0,0.0
27-05 23:00:00,0.0,0.0,0.0,0.0,0.0,0.0
28-05 00:00:00,0.0,0.0,0.0,0.0,0.0,0.0
28-05 01:00:00,0.0,0.0,0.0,0.0,0.0,0.0
28-05 02:00:00,0.0,0.0,0.0,0.0,0.0,0.0
28-05 03:00:00,0.0,0.0,0.0,0.0,0.0,0.0
28-05 04:00:00,0.0,0.0,0.0,0.0,0.0,0.0
28-05 05:00:00,0.0,0.0,0.0,0.0,0.0,0.0
28-05 06:00:00,0.0,0.0,0.0,0.0,0.0,0.0
28-05 07:00:00,0.0,0.0,0.0,0.0,0.0,0.0
28-05 08:00:00,0.0,0.0,0.0,0.0,0.0,0.0
28-05 09:00:00,0.0,0.0,0.0,0.0,0.0,0.0
28-05 10:00:00,41.75,45.45,41.66,50.26,40.25,43.874
28-05 11:00:00,257.99,285.99,241.0,265.99,256.99,261.592
28-05 12:00:00,463.99,498.99,453.99,455.99,430.99,460.78999999999996
28-05 13:00:00,633.99,664.99,630.99,513.0,624.99,613.592
28-05 14:00:00,746.99,785.99,711.99,725.99,720.99,738.39
28-05 15:00:00,792.99,839.99,743.99,822.99,611.0,762.192
28-05 16:00:00,743.99,814.99,713.99,748.99,738.99,752.1899999999999
28-05 17:00:00,649.99,723.99,583.99,688.99,664.99,662.39
28-05 18:00:00,474.99,564.99,453.99,521.99,548.99,512.99
28-05 19:00:00,306.99,358.99,238.0,245.0,308.99,291.594
28-05 20:00:00,53.0,130.0,54.0,117.0,124.0,95.6
28-05 21:00:00,0.0,0.0,0.0,0.0,0.0,0.0
28-05 22:00:00,0.0,0.0,0.0,0.0,0.0,0.0
28-05 23:00:00,0.0,0.0,0.0,0.0,0.0,0.0
29-05 00:00:00,0.0,0.0,0.0,0.0,0.0,0.0
29-05 01:00:00,0.0,0.0,0.0,0.0,0.0,0.0
29-05 02:00:00,0.0,0.0,0.0,0.0,0.0,0.0
29-05 03:00:00,0.0,0.0,0.0,0.0,0.0,0.0
29-05 04:00:00,0.0,0.0,0.0,0.0,0.0,0.0
29-05 05:00:00,0.0,0.0,0.0,0.0,0.0,0.0
29-05 06:00:00,0.0,0.0,0.0,0.0,0.0,0.0
29-05 07:00:00,0.0,0.0,0.0,0.0,0.0,0.0
29-05 08:00:00,0.0,0.0,0.0,0.0,0.0,0.0
29-05 09:00:00,0.0,0.0,0.0,0.0,0.0,0.0
29-05 10:00:00,38.7,42.43,47.75,42.34,40.74,42.392
29-05 11:00:00,244.99,274.99,143.0,264.99,251.99,235.99200000000002
29-05 12:00:00,460.99,487.99,436.99,474.99,466.99,465.59
29-05 13:00:00,623.99,653.99,378.0,640.99,631.99,585.792
29-05 14:00:00,742.99,777.99,633.99,758.99,743.99,731.5899999999999
29-05 15:00:00,789.99,830.99,685.99,810.99,790.99,781.79
29-05 16:00:00,778.99,806.99,617.99,799.99,767.99,754.39
29-05 17:00:00,689.99,715.99,625.99,701.99,672.99,681.39
29-05 18:00:00,516.99,558.99,491.99,545.99,519.99,526.79
29-05 19:00:00,321.99,350.99,304.99,339.99,295.0,322.592
29-05 20:00:00,81.0,125.0,94.0,118.0,101.0,103.8
29-05 21:00:00,0.0,0.0,0.0,0.0,0.0,0.0
29-05 22:00:00,0.0,0.0,0.0,0.0,0.0,0.0
29-05 23:00:00,0.0,0.0,0.0,0.0,0.0,0.0
30-05 00:00:00,0.0,0.0,0.0,0.0,0.0,0.0
30-05 01:00:00,0.0,0.0,0.0,0.0,0.0,0.0
30-05 02:00:00,0.0,0.0,0.0,0.0,0.0,0.0
30-05 03:00:00,0.0,0.0,0.0,0.0,0.0,0.0
30-05 04:00:00,0.0,0.0,0.0,0.0,0.0,0.0
30-05 05:00:00,0.0,0.0,0.0,0.0,0.0,0.0
30-05 06:00:00,0.0,0.0,0.0,0.0,0.0,0.0
30-05 07:00:00,0.0,0.0,0.0,0.0,0.0,0.0
30-05 08:00:00,0.0,0.0,0.0,0.0,0.0,0.0
30-05 09:00:00,0.0,0.0,0.0,0.0,0.0,0.0
30-05 10:00:00,42.9,40.87,46.85,47.73,17.0,39.07
30-05 11:00:00,262.99,259.99,242.99,267.99,222.0,251.192
30-05 12:00:00,468.99,487.99,460.99,468.99,459.99,469.39
30-05 13:00:00,637.99,658.99,630.99,647.99,619.99,639.1899999999999
30-05 14:00:00,751.99,779.99,735.99,766.99,730.99,753.1899999999999
30-05 15:00:00,803.99,832.99,749.99,814.99,744.99,789.39
30-05 16:00:00,792.99,804.99,671.99,799.99,762.99,766.5899999999999
30-05 17:00:00,702.99,713.99,581.99,704.99,653.99,671.5899999999999
30-05 18:00:00,543.99,550.99,517.99,551.99,507.99,534.5899999999999
30-05 19:00:00,229.0,349.99,239.0,343.99,285.0,289.396
30-05 20:00:00,89.0,120.0,109.0,124.0,57.0,99.8
30-05 21:00:00,0.0,0.0,0.0,0.0,0.0,0.0
30-05 22:00:00,0.0,0.0,0.0,0.0,0.0,0.0
30-05 23:00:00,0.0,0.0,0.0,0.0,0.0,0.0
31-05 00:00:00,0.0,0.0,0.0,0.0,0.0,0.0
31-05 01:00:00,0.0,0.0,0.0,0.0,0.0,0.0
31-05 02:00:00,0.0,0.0,0.0,0.0,0.0,0.0
31-05 03:00:00,0.0,0.0,0.0,0.0,0.0,0.0
31-05 04:00:00,0.0,0.0,0.0,0.0,0.0,0.0
31-05 05:00:00,0.0,0.0,0.0,0.0,0.0,0.0
31-05 06:00:00,0.0,0.0,0.0,0.0,0.0,0.0
31-05 07:00:00,0.0,0.0,0.0,0.0,0.0,0.0
31-05 08:00:00,0.0,0.0,0.0,0.0,0.0,0.0
31-05 09:00:00,0.0,0.0,0.0,0.0,0.0,0.0
31-05 10:00:00,22.8,39.09,46.02,41.29,10.0,31.839999999999996
31-05 11:00:00,238.0,261.99,239.99,263.99,146.0,229.994
31-05 12:00:00,456.99,475.99,443.99,469.99,291.0,427.592
31-05 13:00:00,625.99,639.99,604.99,635.99,107.0,522.792
31-05 14:00:00,745.99,762.99,659.99,753.99,616.99,707.99
31-05 15:00:00,539.0,819.99,788.99,796.99,400.0,668.994
31-05 16:00:00,479.0,791.99,570.0,732.99,360.0,586.796
31-05 17:00:00,628.99,694.99,478.0,566.99,325.0,538.7940000000001
31-05 18:00:00,257.0,526.99,469.99,527.99,388.0,433.994
31-05 19:00:00,98.0,326.99,257.0,233.0,164.0,215.798
31-05 20:00:00,18.0,109.0,99.0,47.0,11.0,56.8
31-05 21:00:00,0.0,0.0,0.0,0.0,0.0,0.0
31-05 22:00:00,0.0,0.0,0.0,0.0,0.0,0.0
31-05 23:00:00,0.0,0.0,0.0,0.0,0.0,0.0
01-06 00:00:00,0.0,0.0,0.0,0.0,0.0,0.0
01-06 01:00:00,0.0,0.0,0.0,0.0,0.0,0.0
01-06 02:00:00,0.0,0.0,0.0,0.0,0.0,0.0
01-06 03:00:00,0.0,0.0,0.0,0.0,0.0,0.0
01-06 04:00:00,0.0,0.0,0.0,0.0,0.0,0.0
01-06 05:00:00,0.0,0.0,0.0,0.0,0.0,0.0
01-06 06:00:00,0.0,0.0,0.0,0.0,0.0,0.0
01-06 07:00:00,0.0,0.0,0.0,0.0,0.0,0.0
01-06 08:00:00,0.0,0.0,0.0,0.0,0.0,0.0
01-06 09:00:00,0.0,0.0,0.0,0.0,0.0,0.0
01-06 10:00:00,45.29,38.93,35.88,35.42,39.62,39.028
01-06 11:00:00,267.99,256.99,252.99,265.99,253.99,259.59000000000003
01-06 12:00:00,474.99,471.99,465.99,474.99,462.99,470.18999999999994
01-06 13:00:00,648.99,648.99,624.99,641.99,624.99,637.99
01-06 14:00:00,756.99,764.99,732.99,759.99,739.99,750.99
01-06 15:00:00,609.0,817.99,787.99,811.99,786.99,762.792
01-06 16:00:00,760.99,793.99,593.99,796.99,747.99,738.79
01-06 17:00:00,553.99,697.99,628.99,703.99,677.99,652.5899999999999
01-06 18:00:00,379.0,537.99,377.0,548.99,515.99,471.79400000000004
01-06 19:00:00,250.0,342.99,114.0,339.99,280.0,265.396
01-06 20:00:00,82.0,122.0,116.0,101.0,64.0,97.0
01-06 21:00:00,0.0,0.0,0.0,0.0,0.0,0.0
01-06 22:00:00,0.0,0.0,0.0,0.0,0.0,0.0
01-06 23:00:00,0.0,0.0,0.0,0.0,0.0,0.0
02-06 00:00:00,0.0,0.0,0.0,0.0,0.0,0.0
02-06 01:00:00,0.0,0.0,0.0,0.0,0.0,0.0
02-06 02:00:00,0.0,0.0,0.0,0.0,0.0,0.0
02-06 03:00:00,0.0,0.0,0.0,0.0,0.0,0.0
02-06 04:00:00,0.0,0.0,0.0,0.0,0.0,0.0
02-06 05:00:00,0.0,0.0,0.0,0.0,0.0,0.0
02-06 06:00:00,0.0,0.0,0.0,0.0,0.0,0.0
02-06 07:00:00,0.0,0.0,0.0,0.0,0.0,0.0
02-06 08:00:00,0.0,0.0,0.0,0.0,0.0,0.0
02-06 09:00:00,0.0,0.0,0.0,0.0,0.0,0.0
02-06 10:00:00,16.0,45.43,38.72,38.1,41.05,35.86
02-06 11:00:00,236.99,273.99,259.99,261.99,261.99,258.99
02-06 12:00:00,471.99,482.99,399.99,471.99,468.99,459.18999999999994
02-06 13:00:00,639.99,650.99,630.99,634.99,627.99,636.99
02-06 14:00:00,750.99,762.99,573.0,756.99,751.99,719.192
02-06 15:00:00,789.99,811.99,799.99,804.99,804.99,802.39
02-06 16:00:00,519.0,792.99,747.99,789.99,781.99,726.392
02-06 17:00:00,493.0,695.99,674.99,697.99,674.99,647.392
02-06 18:00:00,512.99,530.99,528.99,543.99,486.99,520.79
02-06 19:00:00,290.0,328.99,326.99,338.99,318.99,320.79200000000003
02-06 20:00:00,54.0,106.0,120.0,118.0,95.0,98.6
02-06 21:00:00,0.0,0.0,0.0,0.0,0.0,0.0
02-06 22:00:00,0.0,0.0,0.0,0.0,0.0,0.0
02-06 23:00:00,0.0,0.0,0.0,0.0,0.0,0.0
03-06 00:00:00,0.0,0.0,0.0,0.0,0.0,0.0
03-06 01:00:00,0.0,0.0,0.0,0.0,0.0,0.0
03-06 02:00:00,0.0,0.0,0.0,0.0,0.0,0.0
03-06 03:00:00,0.0,0.0,0.0,0.0,0.0,0.0
03-06 04:00:00,0.0,0.0,0.0,0.0,0.0,0.0
03-06 05:00:00,0.0,0.0,0.0,0.0,0.0,0.0
03-06 06:00:00,0.0,0.0,0.0,0.0,0.0,0.0
03-06 07:00:00,0.0,0.0,0.0,0.0,0.0,0.0
03-06 08:00:00,0.0,0.0,0.0,0.0,0.0,0.0
03-06 09:00:00,0.0,0.0,0.0,0.0,0.0,0.0
03-06 10:00:00,32.02,36.34,41.79,32.94,39.47,36.512
03-06 11:00:00,244.99,253.99,236.99,251.99,262.99,250.19
03-06 12:00:00,464.99,443.99,479.99,462.99,467.99,463.98999999999995
03-06 13:00:00,627.99,593.99,615.99,633.99,636.99,621.79
03-06 14:00:00,563.0,734.99,733.99,754.99,754.99,708.392
03-06 15:00:00,717.99,782.99,793.99,803.99,806.99,781.1899999999999
03-06 16:00:00,689.99,704.99,745.99,788.99,784.99,742.99
03-06 17:00:00,510.0,610.99,654.99,685.99,696.99,631.792
03-06 18:00:00,290.0,464.99,499.99,537.99,542.99,467.192
03-06 19:00:00,60.0,322.99,255.0,326.99,342.99,261.594
03-06 20:00:00,16.0,20.0,92.0,101.0,107.0,67.2
03-06 21:00:00,0.0,0.0,0.0,0.0,0.0,0.0
03-06 22:00:00,0.0,0.0,0.0,0.0,0.0,0.0
03-06 23:00:00,0.0,0.0,0.0,0.0,0.0,0.0
04-06 00:00:00,0.0,0.0,0.0,0.0,0.0,0.0
04-06 01:00:00,0.0,0.0,0.0,0.0,0.0,0.0
04-06 02:00:00,0.0,0.0,0.0,0.0,0.0,0.0
04-06 03:00:00,0.0,0.0,0.0,0.0,0.0,0.0
04-06 04:00:00,0.0,0.0,0.0,0.0,0.0,0.0
04-06 05:00:00,0.0,0.0,0.0,0.0,0.0,0.0
04-06 06:00:00,0.0,0.0,0.0,0.0,0.0,0.0
04-06 07:00:00,0.0,0.0,0.0,0.0,0.0,0.0
04-06 08:00:00,0.0,0.0,0.0,0.0,0.0,0.0
04-06 09:00:00,0.0,0.0,0.0,0.0,0.0,0.0
04-06 10:00:00,18.0,40.21,39.3,34.09,39.31,34.182
04-06 11:00:00,247.99,235.99,259.99,257.99,258.99,252.19
04-06 12:00:00,383.99,455.99,477.99,461.99,465.99,449.18999999999994
04-06 13:00:00,632.99,629.99,641.99,626.99,630.99,632.5899999999999
04-06 14:00:00,602.99,752.99,756.99,743.99,752.99,721.99
04-06 15:00:00,686.99,779.99,808.99,795.99,804.99,775.39
04-06 16:00:00,687.99,624.99,786.99,773.99,786.99,732.1899999999999
04-06 17:00:00,651.99,620.99,709.99,678.99,694.99,671.39
04-06 18:00:00,486.99,479.99,541.99,517.99,535.99,512.5899999999999
04-06 19:00:00,237.0,283.0,337.99,326.99,298.99,296.794
04-06 20:00:00,92.0,107.0,124.99,95.0,73.0,98.398
04-06 21:00:00,0.0,0.0,0.0,0.0,0.0,0.0
04-06 22:00:00,0.0,0.0,0.0,0.0,0.0,0.0
04-06 23:00:00,0.0,0.0,0.0,0.0,0.0,0.0
05-06 00:00:00,0.0,0.0,0.0,0.0,0.0,0.0
05-06 01:00:00,0.0,0.0,0.0,0.0,0.0,0.0
05-06 02:00:00,0.0,0.0,0.0,0.0,0.0,0.0
05-06 03:00:00,0.0,0.0,0.0,0.0,0.0,0.0
05-06 04:00:00,0.0,0.0,0.0,0.0,0.0,0.0
05-06 05:00:00,0.0,0.0,0.0,0.0,0.0,0.0
05-06 06:00:00,0.0,0.0,0.0,0.0,0.0,0.0
05-06 07:00:00,0.0,0.0,0.0,0.0,0.0,0.0
05-06 08:00:00,0.0,0.0,0.0,0.0,0.0,0.0
05-06 09:00:00,0.0,0.0,0.0,0.0,0.0,0.0
05-06 10:00:00,44.31,37.65,28.77,34.04,39.22,36.798
05-06 11:00:00,260.99,247.99,236.99,256.99,259.99,252.59
05-06 12:00:00,472.99,449.99,466.99,459.99,464.99,462.98999999999995
05-06 13:00:00,648.99,615.99,611.99,624.99,630.99,626.5899999999999
05-06 14:00:00,764.99,727.99,734.99,741.99,752.99,744.5899999999999
05-06 15:00:00,813.99,657.99,799.99,789.99,804.99,773.39
05-06 16:00:00,795.99,573.0,789.99,745.99,786.99,738.392
05-06 17:00:00,706.99,616.99,701.99,641.99,691.99,671.99
05-06 18:00:00,545.99,452.99,381.0,472.99,536.99,477.992
05-06 19:00:00,338.99,264.0,293.0,329.99,332.99,311.794
05-06 20:00:00,117.0,74.0,60.0,114.0,99.0,92.8
05-06 21:00:00,0.0,0.0,0.0,0.0,0.0,0.0
05-06 22:00:00,0.0,0.0,0.0,0.0,0.0,0.0
05-06 23:00:00,0.0,0.0,0.0,0.0,0.0,0.0
06-06 00:00:00,0.0,0.0,0.0,0.0,0.0,0.0
06-06 01:00:00,0.0,0.0,0.0,0.0,0.0,0.0
06-06 02:00:00,0.0,0.0,0.0,0.0,0.0,0.0
06-06 03:00:00,0.0,0.0,0.0,0.0,0.0,0.0
06-06 04:00:00,0.0,0.0,0.0,0.0,0.0,0.0
06-06 05:00:00,0.0,0.0,0.0,0.0,0.0,0.0
06-06 06:00:00,0.0,0.0,0.0,0.0,0.0,0.0
06-06 07:00:00,0.0,0.0,0.0,0.0,0.0,0.0
06-06 08:00:00,0.0,0.0,0.0,0.0,0.0,0.0
06-06 09:00:00,0.0,0.0,0.0,0.0,0.0,0.0
06-06 10:00:00,42.71,39.3,34.62,33.87,42.71,38.642
06-06 11:00:00,254.99,256.99,222.0,254.99,258.99,249.592
06-06 12:00:00,455.99,451.99,449.99,460.99,461.99,456.18999999999994
06-06 13:00:00,639.99,619.99,600.99,629.99,626.99,623.5899999999999
06-06 14:00:00,750.99,736.99,734.99,751.99,747.99,744.5899999999999
06-06 15:00:00,803.99,784.99,760.99,799.99,791.99,788.39
06-06 16:00:00,781.99,718.99,604.99,777.99,704.99,717.79
06-06 17:00:00,678.99,592.99,299.0,668.99,640.99,576.192
06-06 18:00:00,496.99,501.99,429.99,510.99,513.99,490.78999999999996
06-06 19:00:00,268.0,314.99,88.0,339.99,314.99,265.194
06-06 20:00:00,110.0,108.0,14.0,126.99,111.0,93.998
06-06 21:00:00,0.0,0.0,0.0,0.0,0.0,0.0
06-06 22:00:00,0.0,0.0,0.0,0.0,0.0,0.0
06-06 23:00:00,0.0,0.0,0.0,0.0,0.0,0.0
07-06 00:00:00,0.0,0.0,0.0,0.0,0.0,0.0
07-06 01:00:00,0.0,0.0,0.0,0.0,0.0,0.0
07-06 02:00:00,0.0,0.0,0.0,0.0,0.0,0.0
07-06 03:00:00,0.0,0.0,0.0,0.0,0.0,0.0
07-06 04:00:00,0.0,0.0,0.0,0.0,0.0,0.0
07-06 05:00:00,0.0,0.0,0.0,0.0,0.0,0.0
07-06 06:00:00,0.0,0.0,0.0,0.0,0.0,0.0
07-06 07:00:00,0.0,0.0,0.0,0.0,0.0,0.0
07-06 08:00:00,0.0,0.0,0.0,0.0,0.0,0.0
07-06 09:00:00,0.0,0.0,0.0,0.0,0.0,0.0
07-06 10:00:00,41.66,35.14,36.71,35.18,34.47,36.632
07-06 11:00:00,256.99,245.99,251.99,258.99,253.99,253.59
07-06 12:00:00,459.99,445.99,462.99,461.99,461.99,458.59
07-06 13:00:00,632.99,618.99,622.99,624.99,623.99,624.79
07-06 14:00:00,738.99,731.99,739.99,745.99,753.99,742.1899999999999
07-06 15:00:00,799.99,775.99,791.99,794.99,798.99,792.39
07-06 16:00:00,344.0,722.99,766.99,776.99,739.99,670.192
07-06 17:00:00,314.0,640.99,687.99,682.99,678.99,600.992
07-06 18:00:00,178.0,501.99,521.99,511.99,381.0,418.994
07-06 19:00:00,344.99,287.0,289.99,244.0,301.99,293.594
07-06 20:00:00,11.0,66.0,90.0,86.0,63.0,63.2
07-06 21:00:00,0.0,0.0,0.0,0.0,0.0,0.0
07-06 22:00:00,0.0,0.0,0.0,0.0,0.0,0.0
07-06 23:00:00,0.0,0.0,0.0,0.0,0.0,0.0
08-06 00:00:00,0.0,0.0,0.0,0.0,0.0,0.0
08-06 01:00:00,0.0,0.0,0.0,0.0,0.0,0.0
08-06 02:00:00,0.0,0.0,0.0,0.0,0.0,0.0
08-06 03:00:00,0.0,0.0,0.0,0.0,0.0,0.0
08-06 04:00:00,0.0,0.0,0.0,0.0,0.0,0.0
08-06 05:00:00,0.0,0.0,0.0,0.0,0.0,0.0
08-06 06:00:00,0.0,0.0,0.0,0.0,0.0,0.0
08-06 07:00:00,0.0,0.0,0.0,0.0,0.0,0.0
08-06 08:00:00,0.0,0.0,0.0,0.0,0.0,0.0
08-06 09:00:00,0.0,0.0,0.0,0.0,0.0,0.0
08-06 10:00:00,36.63,34.29,32.8,34.34,30.75,33.762
08-06 11:00:00,257.99,250.99,244.99,253.99,251.99,251.99
08-06 12:00:00,452.99,444.99,454.99,453.99,468.99,455.18999999999994
08-06 13:00:00,630.99,623.99,613.99,618.99,620.99,621.79
08-06 14:00:00,737.99,737.99,729.99,735.99,741.99,736.79
08-06 15:00:00,794.99,790.99,785.99,775.99,790.99,787.79
08-06 16:00:00,751.99,777.99,752.99,729.99,764.99,755.5899999999999
08-06 17:00:00,652.99,686.99,632.99,651.99,650.99,655.1899999999999
08-06 18:00:00,446.99,532.99,438.99,470.99,512.99,480.59
08-06 19:00:00,271.0,335.99,310.99,319.99,318.99,311.392
08-06 20:00:00,97.0,110.0,94.0,123.99,118.0,108.598
08-06 21:00:00,0.0,0.0,0.0,0.0,0.0,0.0
08-06 22:00:00,0.0,0.0,0.0,0.0,0.0,0.0
08-06 23:00:00,0.0,0.0,0.0,0.0,0.0,0.0
09-06 00:00:00,0.0,0.0,0.0,0.0,0.0,0.0
09-06 01:00:00,0.0,0.0,0.0,0.0,0.0,0.0
09-06 02:00:00,0.0,0.0,0.0,0.0,0.0,0.0
09-06 03:00:00,0.0,0.0,0.0,0.0,0.0,0.0
09-06 04:00:00,0.0,0.0,0.0,0.0,0.0,0.0
09-06 05:00:00,0.0,0.0,0.0,0.0,0.0,0.0
09-06 06:00:00,0.0,0.0,0.0,0.0,0.0,0.0
09-06 07:00:00,0.0,0.0,0.0,0.0,0.0,0.0
09-06 08:00:00,0.0,0.0,0.0,0.0,0.0,0.0
09-06 09:00:00,0.0,0.0,0.0,0.0,0.0,0.0
09-06 10:00:00,39.14,35.81,26.78,29.67,37.43,33.766000000000005
09-06 11:00:00,258.99,217.0,254.99,245.99,248.99,245.192
09-06 12:00:00,459.99,447.99,460.99,449.99,455.99,454.98999999999995
09-06 13:00:00,632.99,624.99,619.99,610.99,623.99,622.5899999999999
09-06 14:00:00,744.99,742.99,720.99,718.99,741.99,733.99
09-06 15:00:00,798.99,787.99,736.99,770.99,790.99,777.1899999999999
09-06 16:00:00,743.99,775.99,739.99,714.99,696.99,734.39
09-06 17:00:00,629.99,688.99,678.99,603.99,672.99,654.99
09-06 18:00:00,409.0,534.99,452.99,440.99,516.99,470.992
09-06 19:00:00,236.0,320.99,319.99,178.0,345.99,280.194
09-06 20:00:00,99.0,104.0,112.0,98.0,122.99,107.19800000000001
09-06 21:00:00,0.0,0.0,0.0,0.0,0.0,0.0
09-06 22:00:00,0.0,0.0,0.0,0.0,0.0,0.0
09-06 23:00:00,0.0,0.0,0.0,0.0,0.0,0.0
10-06 00:00:00,0.0,0.0,0.0,0.0,0.0,0.0
10-06 01:00:00,0.0,0.0,0.0,0.0,0.0,0.0
10-06 02:00:00,0.0,0.0,0.0,0.0,0.0,0.0
10-06 03:00:00,0.0,0.0,0.0,0.0,0.0,0.0
10-06 04:00:00,0.0,0.0,0.0,0.0,0.0,0.0
10-06 05:00:00,0.0,0.0,0.0,0.0,0.0,0.0
10-06 06:00:00,0.0,0.0,0.0,0.0,0.0,0.0
10-06 07:00:00,0.0,0.0,0.0,0.0,0.0,0.0
10-06 08:00:00,0.0,0.0,0.0,0.0,0.0,0.0
10-06 09:00:00,0.0,0.0,0.0,0.0,0.0,0.0
10-06 10:00:00,36.54,28.11,29.63,31.84,33.38,31.9
10-06 11:00:00,259.99,217.0,242.99,218.0,248.99,237.394
10-06 12:00:00,446.99,397.99,446.99,258.0,453.99,400.79200000000003
10-06 13:00:00,619.99,604.99,606.99,524.99,619.99,595.39
10-06 14:00:00,733.99,685.99,726.99,442.0,705.99,658.992
10-06 15:00:00,772.99,735.99,783.99,508.0,707.99,701.792
10-06 16:00:00,748.99,751.99,758.99,742.99,716.99,743.99
10-06 17:00:00,552.99,671.99,659.99,495.0,664.99,608.992
10-06 18:00:00,263.0,505.99,489.99,137.0,524.99,384.194
10-06 19:00:00,191.0,315.99,319.99,210.0,347.99,276.994
10-06 20:00:00,68.0,40.0,72.0,12.0,123.99,63.198
10-06 21:00:00,0.0,0.0,0.0,0.0,0.0,0.0
10-06 22:00:00,0.0,0.0,0.0,0.0,0.0,0.0
10-06 23:00:00,0.0,0.0,0.0,0.0,0.0,0.0
11-06 00:00:00,0.0,0.0,0.0,0.0,0.0,0.0
11-06 01:00:00,0.0,0.0,0.0,0.0,0.0,0.0
11-06 02:00:00,0.0,0.0,0.0,0.0,0.0,0.0
11-06 03:00:00,0.0,0.0,0.0,0.0,0.0,0.0
11-06 04:00:00,0.0,0.0,0.0,0.0,0.0,0.0
11-06 05:00:00,0.0,0.0,0.0,0.0,0.0,0.0
11-06 06:00:00,0.0,0.0,0.0,0.0,0.0,0.0
11-06 07:00:00,0.0,0.0,0.0,0.0,0.0,0.0
11-06 08:00:00,0.0,0.0,0.0,0.0,0.0,0.0
11-06 09:00:00,0.0,0.0,0.0,0.0,0.0,0.0
11-06 10:00:00,36.62,11.0,14.0,4.0,30.93,19.310000000000002
11-06 11:00:00,249.99,229.99,153.0,46.0,246.99,185.19400000000002
11-06 12:00:00,450.99,432.99,68.0,108.0,449.99,301.994
11-06 13:00:00,622.99,627.99,111.0,291.0,610.99,452.79400000000004
11-06 14:00:00,737.99,739.99,125.0,453.0,731.99,557.594
11-06 15:00:00,790.99,543.0,366.0,568.0,776.99,608.9959999999999
11-06 16:00:00,761.99,704.99,449.0,704.99,588.99,641.992
11-06 17:00:00,658.99,664.99,383.0,522.99,444.0,534.7940000000001
11-06 18:00:00,531.99,530.99,323.0,503.99,469.99,471.992
11-06 19:00:00,333.99,338.99,29.0,339.99,330.99,274.592
11-06 20:00:00,117.0,114.0,11.0,11.0,63.0,63.2
11-06 21:00:00,0.0,0.0,0.0,0.0,0.0,0.0
11-06 22:00:00,0.0,0.0,0.0,0.0,0.0,0.0
11-06 23:00:00,0.0,0.0,0.0,0.0,0.0,0.0
12-06 00:00:00,0.0,0.0,0.0,0.0,0.0,0.0
12-06 01:00:00,0.0,0.0,0.0,0.0,0.0,0.0
12-06 02:00:00,0.0,0.0,0.0,0.0,0.0,0.0
12-06 03:00:00,0.0,0.0,0.0,0.0,0.0,0.0
12-06 04:00:00,0.0,0.0,0.0,0.0,0.0,0.0
12-06 05:00:00,0.0,0.0,0.0,0.0,0.0,0.0
12-06 06:00:00,0.0,0.0,0.0,0.0,0.0,0.0
12-06 07:00:00,0.0,0.0,0.0,0.0,0.0,0.0
12-06 08:00:00,0.0,0.0,0.0,0.0,0.0,0.0
12-06 09:00:00,0.0,0.0,0.0,0.0,0.0,0.0
12-06 10:00:00,35.65,29.33,29.33,14.0,33.19,28.3
12-06 11:00:00,235.99,246.99,70.0,108.0,72.0,146.596
12-06 12:00:00,440.99,443.99,223.0,170.0,425.99,340.794
12-06 13:00:00,619.99,619.99,464.0,151.0,606.99,492.39400000000006
12-06 14:00:00,737.99,730.99,718.99,141.0,722.99,610.392
12-06 15:00:00,770.99,788.99,775.99,410.0,775.99,704.392
12-06 16:00:00,710.99,771.99,759.99,550.0,688.99,696.392
12-06 17:00:00,667.99,690.99,653.99,561.99,594.99,633.99
12-06 18:00:00,515.99,533.99,471.99,382.0,517.99,484.392
12-06 19:00:00,234.0,335.99,286.99,191.0,336.99,276.994
12-06 20:00:00,121.0,104.0,84.0,11.0,115.0,87.0
12-06 21:00:00,0.0,0.0,0.0,0.0,0.0,0.0
12-06 22:00:00,0.0,0.0,0.0,0.0,0.0,0.0
12-06 23:00:00,0.0,0.0,0.0,0.0,0.0,0.0
13-06 00:00:00,0.0,0.0,0.0,0.0,0.0,0.0
13-06 01:00:00,0.0,0.0,0.0,0.0,0.0,0.0
13-06 02:00:00,0.0,0.0,0.0,0.0,0.0,0.0
13-06 03:00:00,0.0,0.0,0.0,0.0,0.0,0.0
13-06 04:00:00,0.0,0.0,0.0,0.0,0.0,0.0
13-06 05:00:00,0.0,0.0,0.0,0.0,0.0,0.0
13-06 06:00:00,0.0,0.0,0.0,0.0,0.0,0.0
13-06 07:00:00,0.0,0.0,0.0,0.0,0.0,0.0
13-06 08:00:00,0.0,0.0,0.0,0.0,0.0,0.0
13-06 09:00:00,0.0,0.0,0.0,0.0,0.0,0.0
13-06 10:00:00,33.13,15.83,34.01,31.54,4.0,23.701999999999998
13-06 11:00:00,243.99,151.0,206.0,241.99,122.0,192.996
13-06 12:00:00,445.99,440.99,446.99,442.99,261.0,407.592
13-06 13:00:00,616.99,629.99,608.99,605.99,388.0,569.992
13-06 14:00:00,726.99,738.99,679.99,624.99,361.0,626.392
13-06 15:00:00,783.99,788.99,774.99,662.99,685.99,739.39
13-06 16:00:00,742.99,656.99,703.99,614.99,745.99,692.99
13-06 17:00:00,682.99,630.99,652.99,598.99,607.99,634.79
13-06 18:00:00,472.99,437.99,515.99,504.99,251.0,436.592
13-06 19:00:00,315.99,266.0,300.99,127.0,46.0,211.196
13-06 20:00:00,121.0,104.0,76.0,11.0,11.0,64.6
13-06 21:00:00,0.0,0.0,0.0,0.0,0.0,0.0
13-06 22:00:00,0.0,0.0,0.0,0.0,0.0,0.0
13-06 23:00:00,0.0,0.0,0.0,0.0,0.0,0.0
14-06 00:00:00,0.0,0.0,0.0,0.0,0.0,0.0
14-06 01:00:00,0.0,0.0,0.0,0.0,0.0,0.0
14-06 02:00:00,0.0,0.0,0.0,0.0,0.0,0.0
14-06 03:00:00,0.0,0.0,0.0,0.0,0.0,0.0
14-06 04:00:00,0.0,0.0,0.0,0.0,0.0,0.0
14-06 05:00:00,0.0,0.0,0.0,0.0,0.0,0.0
14-06 06:00:00,0.0,0.0,0.0,0.0,0.0,0.0
14-06 07:00:00,0.0,0.0,0.0,0.0,0.0,0.0
14-06 08:00:00,0.0,0.0,0.0,0.0,0.0,0.0
14-06 09:00:00,0.0,0.0,0.0,0.0,0.0,0.0
14-06 10:00:00,29.94,14.0,26.93,26.16,25.39,24.484
14-06 11:00:00,252.99,242.99,184.0,235.99,235.99,230.392
14-06 12:00:00,451.99,437.99,316.0,443.99,367.99,403.592
14-06 13:00:00,619.99,606.99,567.99,608.99,584.99,597.79
14-06 14:00:00,726.99,723.99,666.99,722.99,558.99,679.99
14-06 15:00:00,758.99,781.99,434.0,771.99,745.99,698.592
14-06 16:00:00,764.99,766.99,574.0,756.99,773.99,727.392
14-06 17:00:00,679.99,674.99,592.99,668.99,684.99,660.39
14-06 18:00:00,531.99,533.99,94.0,459.99,417.0,407.394
14-06 19:00:00,336.99,340.99,53.0,167.0,107.0,200.996
14-06 20:00:00,119.0,118.0,95.0,39.0,20.0,78.2
14-06 21:00:00,0.0,0.0,0.0,0.0,0.0,0.0
14-06 22:00:00,0.0,0.0,0.0,0.0,0.0,0.0
14-06 23:00:00,0.0,0.0,0.0,0.0,0.0,0.0
15-06 00:00:00,0.0,0.0,0.0,0.0,0.0,0.0
15-06 01:00:00,0.0,0.0,0.0,0.0,0.0,0.0
15-06 02:00:00,0.0,0.0,0.0,0.0,0.0,0.0
15-06 03:00:00,0.0,0.0,0.0,0.0,0.0,0.0
15-06 04:00:00,0.0,0.0,0.0,0.0,0.0,0.0
15-06 05:00:00,0.0,0.0,0.0,0.0,0.0,0.0
15-06 06:00:00,0.0,0.0,0.0,0.0,0.0,0.0
15-06 07:00:00,0.0,0.0,0.0,0.0,0.0,0.0
15-06 08:00:00,0.0,0.0,0.0,0.0,0.0,0.0
15-06 09:00:00,0.0,0.0,0.0,0.0,0.0,0.0
15-06 10:00:00,30.63,30.63,25.36,31.44,3.0,24.212
15-06 11:00:00,239.99,250.99,237.99,240.99,42.0,202.392
15-06 12:00:00,440.99,463.99,432.99,444.99,155.0,387.592
15-06 13:00:00,610.99,625.99,492.99,604.99,521.99,571.39
15-06 14:00:00,719.99,738.99,723.99,713.99,663.99,712.1899999999999
15-06 15:00:00,786.99,793.99,756.99,695.99,591.99,725.1899999999999
15-06 16:00:00,753.99,777.99,418.0,453.0,469.0,574.396
15-06 17:00:00,593.99,696.99,625.99,595.99,483.0,599.192
15-06 18:00:00,469.99,542.99,515.99,367.0,455.99,470.392
15-06 19:00:00,251.0,345.99,311.99,263.0,37.0,241.796
15-06 20:00:00,122.0,125.99,13.0,92.0,11.0,72.798
15-06 21:00:00,0.0,0.0,0.0,0.0,0.0,0.0
15-06 22:00:00,0.0,0.0,0.0,0.0,0.0,0.0
15-06 23:00:00,0.0,0.0,0.0,0.0,0.0,0.0
16-06 00:00:00,0.0,0.0,0.0,0.0,0.0,0.0
16-06 01:00:00,0.0,0.0,0.0,0.0,0.0,0.0
16-06 02:00:00,0.0,0.0,0.0,0.0,0.0,0.0
16-06 03:00:00,0.0,0.0,0.0,0.0,0.0,0.0
16-06 04:00:00,0.0,0.0,0.0,0.0,0.0,0.0
16-06 05:00:00,0.0,0.0,0.0,0.0,0.0,0.0
16-06 06:00:00,0.0,0.0,0.0,0.0,0.0,0.0
16-06 07:00:00,0.0,0.0,0.0,0.0,0.0,0.0
16-06 08:00:00,0.0,0.0,0.0,0.0,0.0,0.0
16-06 09:00:00,0.0,0.0,0.0,0.0,0.0,0.0
16-06 10:00:00,25.34,27.52,26.86,24.57,15.82,24.022
16-06 11:00:00,234.99,242.99,250.99,240.99,46.0,203.192
16-06 12:00:00,424.99,442.99,457.99,446.99,136.0,381.79200000000003
16-06 13:00:00,621.99,613.99,623.99,609.99,541.99,602.39
16-06 14:00:00,737.99,727.99,747.99,724.99,472.0,682.192
16-06 15:00:00,770.99,782.99,794.99,774.99,504.0,725.592
16-06 16:00:00,755.99,763.99,778.99,758.99,503.0,712.192
16-06 17:00:00,672.99,629.99,693.99,671.99,249.0,583.592
16-06 18:00:00,467.99,401.0,542.99,533.99,287.0,446.59400000000005
16-06 19:00:00,324.99,157.0,340.99,336.99,286.99,289.392
16-06 20:00:00,125.99,16.0,126.99,120.0,11.0,79.99600000000001
16-06 21:00:00,0.0,0.0,0.0,0.0,0.0,0.0
16-06 22:00:00,0.0,0.0,0.0,0.0,0.0,0.0
16-06 23:00:00,0.0,0.0,0.0,0.0,0.0,0.0
17-06 00:00:00,0.0,0.0,0.0,0.0,0.0,0.0
17-06 01:00:00,0.0,0.0,0.0,0.0,0.0,0.0
17-06 02:00:00,0.0,0.0,0.0,0.0,0.0,0.0
17-06 03:00:00,0.0,0.0,0.0,0.0,0.0,0.0
17-06 04:00:00,0.0,0.0,0.0,0.0,0.0,0.0
17-06 05:00:00,0.0,0.0,0.0,0.0,0.0,0.0
17-06 06:00:00,0.0,0.0,0.0,0.0,0.0,0.0
17-06 07:00:00,0.0,0.0,0.0,0.0,0.0,0.0
17-06 08:00:00,0.0,0.0,0.0,0.0,0.0,0.0
17-06 09:00:00,0.0,0.0,0.0,0.0,0.0,0.0
17-06 10:00:00,30.51,23.62,23.62,23.79,17.61,23.83
17-06 11:00:00,246.99,229.99,244.99,242.99,69.0,206.792
17-06 12:00:00,451.99,406.99,452.99,453.99,236.0,400.392
17-06 13:00:00,622.99,266.0,616.99,618.99,577.99,540.592
17-06 14:00:00,718.99,643.99,740.99,738.99,710.99,710.79
17-06 15:00:00,756.99,741.99,795.99,789.99,553.0,727.592
17-06 16:00:00,766.99,719.99,775.99,778.99,605.99,729.5899999999999
17-06 17:00:00,682.99,634.99,691.99,689.99,590.99,658.1899999999999
17-06 18:00:00,534.99,480.99,544.99,542.99,526.99,526.1899999999999
17-06 19:00:00,333.99,304.99,349.99,343.99,328.99,332.39
17-06 20:00:00,126.99,104.0,131.99,127.99,118.0,121.79400000000001
17-06 21:00:00,0.0,0.0,0.0,0.0,0.0,0.0
17-06 22:00:00,0.0,0.0,0.0,0.0,0.0,0.0
17-06 23:00:00,0.0,0.0,0.0,0.0,0.0,0.0
18-06 00:00:00,0.0,0.0,0.0,0.0,0.0,0.0
18-06 01:00:00,0.0,0.0,0.0,0.0,0.0,0.0
18-06 02:00:00,0.0,0.0,0.0,0.0,0.0,0.0
18-06 03:00:00,0.0,0.0,0.0,0.0,0.0,0.0
18-06 04:00:00,0.0,0.0,0.0,0.0,0.0,0.0
18-06 05:00:00,0.0,0.0,0.0,0.0,0.0,0.0
18-06 06:00:00,0.0,0.0,0.0,0.0,0.0,0.0
18-06 07:00:00,0.0,0.0,0.0,0.0,0.0,0.0
18-06 08:00:00,0.0,0.0,0.0,0.0,0.0,0.0
18-06 09:00:00,0.0,0.0,0.0,0.0,0.0,0.0
18-06 10:00:00,30.47,26.57,20.34,24.23,25.9,25.502
18-06 11:00:00,240.99,244.99,254.99,230.99,238.99,242.19
18-06 12:00:00,450.99,449.99,451.99,434.99,433.99,444.39
18-06 13:00:00,621.99,614.99,623.99,597.99,608.99,613.5899999999999
18-06 14:00:00,738.99,730.99,743.99,714.99,730.99,731.99
18-06 15:00:00,793.99,789.99,790.99,764.99,781.99,784.39
18-06 16:00:00,778.99,771.99,780.99,675.99,758.99,753.39
18-06 17:00:00,697.99,657.99,676.99,638.99,679.99,670.39
18-06 18:00:00,540.99,532.99,521.99,513.99,540.99,530.1899999999999
18-06 19:00:00,346.99,306.99,285.0,330.99,340.99,322.192
18-06 20:00:00,129.99,41.0,103.0,120.0,128.99,104.596
18-06 21:00:00,0.0,0.0,0.0,0.0,0.0,0.0
18-06 22:00:00,0.0,0.0,0.0,0.0,0.0,0.0
18-06 23:00:00,0.0,0.0,0.0,0.0,0.0,0.0
19-06 00:00:00,0.0,0.0,0.0,0.0,0.0,0.0
19-06 01:00:00,0.0,0.0,0.0,0.0,0.0,0.0
19-06 02:00:00,0.0,0.0,0.0,0.0,0.0,0.0
19-06 03:00:00,0.0,0.0,0.0,0.0,0.0,0.0
19-06 04:00:00,0.0,0.0,0.0,0.0,0.0,0.0
19-06 05:00:00,0.0,0.0,0.0,0.0,0.0,0.0
19-06 06:00:00,0.0,0.0,0.0,0.0,0.0,0.0
19-06 07:00:00,0.0,0.0,0.0,0.0,0.0,0.0
19-06 08:00:00,0.0,0.0,0.0,0.0,0.0,0.0
19-06 09:00:00,0.0,0.0,0.0,0.0,0.0,0.0
19-06 10:00:00,28.81,25.76,23.58,22.66,24.98,25.158
19-06 11:00:00,247.99,228.99,239.99,233.99,241.99,238.59
19-06 12:00:00,457.99,445.99,436.99,438.99,441.99,444.39
19-06 13:00:00,622.99,595.99,584.99,600.99,616.99,604.39
19-06 14:00:00,739.99,723.99,720.99,714.99,739.99,727.99
19-06 15:00:00,791.99,787.99,775.99,764.99,787.99,781.79
19-06 16:00:00,776.99,764.99,740.99,750.99,764.99,759.79
19-06 17:00:00,688.99,589.99,659.99,664.99,677.99,656.39
19-06 18:00:00,533.99,418.0,478.99,484.99,519.99,487.192
19-06 19:00:00,250.0,230.0,322.99,271.0,327.99,280.396
19-06 20:00:00,21.0,125.0,124.0,94.0,126.99,98.19800000000001
19-06 21:00:00,0.0,0.0,0.0,0.0,0.0,0.0
19-06 22:00:00,0.0,0.0,0.0,0.0,0.0,0.0
19-06 23:00:00,0.0,0.0,0.0,0.0,0.0,0.0
20-06 00:00:00,0.0,0.0,0.0,0.0,0.0,0.0
20-06 01:00:00,0.0,0.0,0.0,0.0,0.0,0.0
20-06 02:00:00,0.0,0.0,0.0,0.0,0.0,0.0
20-06 03:00:00,0.0,0.0,0.0,0.0,0.0,0.0
20-06 04:00:00,0.0,0.0,0.0,0.0,0.0,0.0
20-06 05:00:00,0.0,0.0,0.0,0.0,0.0,0.0
20-06 06:00:00,0.0,0.0,0.0,0.0,0.0,0.0
20-06 07:00:00,0.0,0.0,0.0,0.0,0.0,0.0
20-06 08:00:00,0.0,0.0,0.0,0.0,0.0,0.0
20-06 09:00:00,0.0,0.0,0.0,0.0,0.0,0.0
20-06 10:00:00,26.5,29.64,23.41,22.64,20.14,24.466
20-06 11:00:00,249.99,245.99,245.99,235.99,239.99,243.59
20-06 12:00:00,438.99,453.99,427.99,441.99,443.99,441.39
20-06 13:00:00,613.99,618.99,605.99,608.99,612.99,612.1899999999999
20-06 14:00:00,729.99,711.99,728.99,727.99,736.99,727.1899999999999
20-06 15:00:00,784.99,770.99,779.99,774.99,783.99,778.99
20-06 16:00:00,757.99,743.99,740.99,759.99,748.99,750.39
20-06 17:00:00,679.99,685.99,656.99,681.99,636.99,668.39
20-06 18:00:00,520.99,534.99,459.99,533.99,473.99,504.78999999999996
20-06 19:00:00,338.99,339.99,274.0,338.99,267.0,311.794
20-06 20:00:00,126.99,91.0,38.0,125.0,121.0,100.398
20-06 21:00:00,0.0,0.0,0.0,0.0,0.0,0.0
20-06 22:00:00,0.0,0.0,0.0,0.0,0.0,0.0
20-06 23:00:00,0.0,0.0,0.0,0.0,0.0,0.0
21-06 00:00:00,0.0,0.0,0.0,0.0,0.0,0.0
21-06 01:00:00,0.0,0.0,0.0,0.0,0.0,0.0
21-06 02:00:00,0.0,0.0,0.0,0.0,0.0,0.0
21-06 03:00:00,0.0,0.0,0.0,0.0,0.0,0.0
21-06 04:00:00,0.0,0.0,0.0,0.0,0.0,0.0
21-06 05:00:00,0.0,0.0,0.0,0.0,0.0,0.0
21-06 06:00:00,0.0,0.0,0.0,0.0,0.0,0.0
21-06 07:00:00,0.0,0.0,0.0,0.0,0.0,0.0
21-06 08:00:00,0.0,0.0,0.0,0.0,0.0,0.0
21-06 09:00:00,0.0,0.0,0.0,0.0,0.0,0.0
21-06 10:00:00,27.17,24.16,21.08,21.08,26.34,23.966
21-06 11:00:00,235.99,229.99,234.99,236.99,240.99,235.79000000000002
21-06 12:00:00,449.99,445.99,438.99,443.99,444.99,444.78999999999996
21-06 13:00:00,614.99,612.99,607.99,613.99,621.99,614.39
21-06 14:00:00,734.99,729.99,726.99,733.99,743.99,733.99
21-06 15:00:00,790.99,789.99,773.99,781.99,791.99,785.79
21-06 16:00:00,776.99,771.99,734.99,767.99,768.99,764.1899999999999
21-06 17:00:00,692.99,691.99,655.99,687.99,689.99,683.79
21-06 18:00:00,537.99,546.99,531.99,539.99,547.99,540.99
21-06 19:00:00,342.99,351.99,337.99,343.99,344.99,344.39
21-06 20:00:00,123.0,129.99,128.99,128.99,124.0,126.994
21-06 21:00:00,0.0,0.0,0.0,0.0,0.0,0.0
21-06 22:00:00,0.0,0.0,0.0,0.0,0.0,0.0
21-06 23:00:00,0.0,0.0,0.0,0.0,0.0,0.0
22-06 00:00:00,0.0,0.0,0.0,0.0,0.0,0.0
22-06 01:00:00,0.0,0.0,0.0,0.0,0.0,0.0
22-06 02:00:00,0.0,0.0,0.0,0.0,0.0,0.0
22-06 03:00:00,0.0,0.0,0.0,0.0,0.0,0.0
22-06 04:00:00,0.0,0.0,0.0,0.0,0.0,0.0
22-06 05:00:00,0.0,0.0,0.0,0.0,0.0,0.0
22-06 06:00:00,0.0,0.0,0.0,0.0,0.0,0.0
22-06 07:00:00,0.0,0.0,0.0,0.0,0.0,0.0
22-06 08:00:00,0.0,0.0,0.0,0.0,0.0,0.0
22-06 09:00:00,0.0,0.0,0.0,0.0,0.0,0.0
22-06 10:00:00,26.35,24.71,20.12,21.07,23.23,23.096
22-06 11:00:00,235.99,242.99,238.99,239.99,240.99,239.79000000000002
22-06 12:00:00,443.99,462.99,440.99,449.99,446.99,448.98999999999995
22-06 13:00:00,613.99,632.99,610.99,618.99,620.99,619.5899999999999
22-06 14:00:00,734.99,752.99,731.99,743.99,741.99,741.1899999999999
22-06 15:00:00,790.99,766.99,787.99,792.99,794.99,786.79
22-06 16:00:00,776.99,758.99,773.99,778.99,771.99,772.1899999999999
22-06 17:00:00,696.99,630.99,686.99,698.99,692.99,681.39
22-06 18:00:00,541.99,553.99,535.99,554.99,552.99,547.99
22-06 19:00:00,348.99,357.99,338.99,355.99,350.99,350.59000000000003
22-06 20:00:00,129.99,119.0,126.99,127.0,129.99,126.59400000000001
22-06 21:00:00,0.0,0.0,0.0,0.0,0.0,0.0
22-06 22:00:00,0.0,0.0,0.0,0.0,0.0,0.0
22-06 23:00:00,0.0,0.0,0.0,0.0,0.0,0.0
23-06 00:00:00,0.0,0.0,0.0,0.0,0.0,0.0
23-06 01:00:00,0.0,0.0,0.0,0.0,0.0,0.0
23-06 02:00:00,0.0,0.0,0.0,0.0,0.0,0.0
23-06 03:00:00,0.0,0.0,0.0,0.0,0.0,0.0
23-06 04:00:00,0.0,0.0,0.0,0.0,0.0,0.0
23-06 05:00:00,0.0,0.0,0.0,0.0,0.0,0.0
23-06 06:00:00,0.0,0.0,0.0,0.0,0.0,0.0
23-06 07:00:00,0.0,0.0,0.0,0.0,0.0,0.0
23-06 08:00:00,0.0,0.0,0.0,0.0,0.0,0.0
23-06 09:00:00,0.0,0.0,0.0,0.0,0.0,0.0
23-06 10:00:00,24.68,23.34,20.11,21.66,22.43,22.444
23-06 11:00:00,227.99,232.99,237.99,229.99,239.99,233.79000000000002
23-06 12:00:00,442.99,452.99,437.99,436.99,442.99,442.78999999999996
23-06 13:00:00,608.99,619.99,607.99,608.99,615.99,612.39
23-06 14:00:00,732.99,737.99,723.99,724.99,736.99,731.39
23-06 15:00:00,789.99,802.99,770.99,753.99,788.99,781.39
23-06 16:00:00,775.99,785.99,765.99,758.99,762.99,769.99
23-06 17:00:00,673.99,705.99,664.99,676.99,711.99,686.79
23-06 18:00:00,541.99,554.99,505.99,540.99,478.99,524.5899999999999
23-06 19:00:00,345.99,355.99,341.99,338.99,355.99,347.79
23-06 20:00:00,123.0,135.99,128.99,135.99,83.0,121.394
23-06 21:00:00,0.0,0.0,0.0,0.0,0.0,0.0
23-06 22:00:00,0.0,0.0,0.0,0.0,0.0,0.0
23-06 23:00:00,0.0,0.0,0.0,0.0,0.0,0.0
24-06 00:00:00,0.0,0.0,0.0,0.0,0.0,0.0
24-06 01:00:00,0.0,0.0,0.0,0.0,0.0,0.0
24-06 02:00:00,0.0,0.0,0.0,0.0,0.0,0.0
24-06 03:00:00,0.0,0.0,0.0,0.0,0.0,0.0
24-06 04:00:00,0.0,0.0,0.0,0.0,0.0,0.0
24-06 05:00:00,0.0,0.0,0.0,0.0,0.0,0.0
24-06 06:00:00,0.0,0.0,0.0,0.0,0.0,0.0
24-06 07:00:00,0.0,0.0,0.0,0.0,0.0,0.0
24-06 08:00:00,0.0,0.0,0.0,0.0,0.0,0.0
24-06 09:00:00,0.0,0.0,0.0,0.0,0.0,0.0
24-06 10:00:00,25.44,6.0,18.36,20.09,16.79,17.336000000000002
24-06 11:00:00,240.99,193.0,236.99,226.99,214.99,222.592
24-06 12:00:00,447.99,450.99,435.99,440.99,436.99,442.59
24-06 13:00:00,614.99,618.99,610.99,616.99,559.99,604.39
24-06 14:00:00,731.99,736.99,726.99,734.99,685.99,723.39
24-06 15:00:00,788.99,764.99,782.99,787.99,479.0,720.792
24-06 16:00:00,778.99,739.99,748.99,773.99,645.99,737.5899999999999
24-06 17:00:00,692.99,614.99,644.99,694.99,631.99,655.99
24-06 18:00:00,540.99,460.99,540.99,554.99,313.0,482.192
24-06 19:00:00,347.99,294.99,350.99,356.99,71.0,284.392
24-06 20:00:00,117.0,92.0,130.99,136.99,57.0,106.796
24-06 21:00:00,0.0,0.0,0.0,0.0,0.0,0.0
24-06 22:00:00,0.0,0.0,0.0,0.0,0.0,0.0
24-06 23:00:00,0.0,0.0,0.0,0.0,0.0,0.0
25-06 00:00:00,0.0,0.0,0.0,0.0,0.0,0.0
25-06 01:00:00,0.0,0.0,0.0,0.0,0.0,0.0
25-06 02:00:00,0.0,0.0,0.0,0.0,0.0,0.0
25-06 03:00:00,0.0,0.0,0.0,0.0,0.0,0.0
25-06 04:00:00,0.0,0.0,0.0,0.0,0.0,0.0
25-06 05:00:00,0.0,0.0,0.0,0.0,0.0,0.0
25-06 06:00:00,0.0,0.0,0.0,0.0,0.0,0.0
25-06 07:00:00,0.0,0.0,0.0,0.0,0.0,0.0
25-06 08:00:00,0.0,0.0,0.0,0.0,0.0,0.0
25-06 09:00:00,0.0,0.0,0.0,0.0,0.0,0.0
25-06 10:00:00,25.36,19.92,19.92,20.08,16.6,20.375999999999998
25-06 11:00:00,226.99,199.0,239.99,234.99,247.99,229.792
25-06 12:00:00,435.99,441.99,442.99,441.99,318.0,416.192
25-06 13:00:00,604.99,606.99,614.99,618.99,240.0,537.192
25-06 14:00:00,484.0,715.99,727.99,736.99,373.0,607.594
25-06 15:00:00,750.99,512.0,669.99,789.99,633.99,671.392
25-06 16:00:00,671.99,525.0,731.99,776.99,527.0,646.594
25-06 17:00:00,582.99,648.99,557.99,690.99,369.0,569.992
25-06 18:00:00,374.0,512.99,449.99,551.99,273.0,432.39400000000006
25-06 19:00:00,169.0,340.99,332.99,352.99,181.0,275.394
25-06 20:00:00,44.0,131.99,133.99,136.99,12.0,91.79400000000001
25-06 21:00:00,0.0,0.0,0.0,0.0,0.0,0.0
25-06 22:00:00,0.0,0.0,0.0,0.0,0.0,0.0
25-06 23:00:00,0.0,0.0,0.0,0.0,0.0,0.0
26-06 00:00:00,0.0,0.0,0.0,0.0,0.0,0.0
26-06 01:00:00,0.0,0.0,0.0,0.0,0.0,0.0
26-06 02:00:00,0.0,0.0,0.0,0.0,0.0,0.0
26-06 03:00:00,0.0,0.0,0.0,0.0,0.0,0.0
26-06 04:00:00,0.0,0.0,0.0,0.0,0.0,0.0
26-06 05:00:00,0.0,0.0,0.0,0.0,0.0,0.0
26-06 06:00:00,0.0,0.0,0.0,0.0,0.0,0.0
26-06 07:00:00,0.0,0.0,0.0,0.0,0.0,0.0
26-06 08:00:00,0.0,0.0,0.0,0.0,0.0,0.0
26-06 09:00:00,0.0,0.0,0.0,0.0,0.0,0.0
26-06 10:00:00,10.0,24.55,17.56,19.13,23.15,18.877999999999997
26-06 11:00:00,197.0,221.99,234.99,231.99,232.99,223.792
26-06 12:00:00,441.99,403.99,439.99,446.99,435.99,433.78999999999996
26-06 13:00:00,609.99,595.99,612.99,612.99,611.99,608.79
26-06 14:00:00,730.99,698.99,734.99,737.99,733.99,727.39
26-06 15:00:00,788.99,569.0,787.99,790.99,786.99,744.792
26-06 16:00:00,775.99,561.0,782.99,773.99,760.99,730.992
26-06 17:00:00,700.99,582.99,699.99,688.99,651.99,664.99
26-06 18:00:00,542.99,356.0,547.99,532.99,495.99,495.192
26-06 19:00:00,352.99,261.0,358.99,350.99,288.0,322.394
26-06 20:00:00,134.99,72.0,136.99,130.99,107.0,116.394
26-06 21:00:00,0.0,0.0,0.0,0.0,0.0,0.0
26-06 22:00:00,0.0,0.0,0.0,0.0,0.0,0.0
26-06 23:00:00,0.0,0.0,0.0,0.0,0.0,0.0
27-06 00:00:00,0.0,0.0,0.0,0.0,0.0,0.0
27-06 01:00:00,0.0,0.0,0.0,0.0,0.0,0.0
27-06 02:00:00,0.0,0.0,0.0,0.0,0.0,0.0
27-06 03:00:00,0.0,0.0,0.0,0.0,0.0,0.0
27-06 04:00:00,0.0,0.0,0.0,0.0,0.0,0.0
27-06 05:00:00,0.0,0.0,0.0,0.0,0.0,0.0
27-06 06:00:00,0.0,0.0,0.0,0.0,0.0,0.0
27-06 07:00:00,0.0,0.0,0.0,0.0,0.0,0.0
27-06 08:00:00,0.0,0.0,0.0,0.0,0.0,0.0
27-06 09:00:00,0.0,0.0,0.0,0.0,0.0,0.0
27-06 10:00:00,16.59,21.46,19.3,18.34,22.24,19.586
27-06 11:00:00,225.99,232.99,244.99,230.99,228.99,232.79000000000002
27-06 12:00:00,431.99,446.99,452.99,440.99,434.99,441.59
27-06 13:00:00,596.99,608.99,627.99,614.99,616.99,613.1899999999999
27-06 14:00:00,715.99,729.99,748.99,736.99,734.99,733.39
27-06 15:00:00,768.99,737.99,802.99,789.99,783.99,776.79
27-06 16:00:00,760.99,686.99,797.99,777.99,767.99,758.39
27-06 17:00:00,679.99,610.99,713.99,691.99,686.99,676.79
27-06 18:00:00,525.99,508.99,562.99,544.99,551.99,538.99
27-06 19:00:00,319.99,334.99,369.99,350.99,346.99,344.59000000000003
27-06 20:00:00,105.0,98.0,143.99,134.99,134.99,123.394
27-06 21:00:00,0.0,0.0,0.0,0.0,0.0,0.0
27-06 22:00:00,0.0,0.0,0.0,0.0,0.0,0.0
27-06 23:00:00,0.0,0.0,0.0,0.0,0.0,0.0
28-06 00:00:00,0.0,0.0,0.0,0.0,0.0,0.0
28-06 01:00:00,0.0,0.0,0.0,0.0,0.0,0.0
28-06 02:00:00,0.0,0.0,0.0,0.0,0.0,0.0
28-06 03:00:00,0.0,0.0,0.0,0.0,0.0,0.0
28-06 04:00:00,0.0,0.0,0.0,0.0,0.0,0.0
28-06 05:00:00,0.0,0.0,0.0,0.0,0.0,0.0
28-06 06:00:00,0.0,0.0,0.0,0.0,0.0,0.0
28-06 07:00:00,0.0,0.0,0.0,0.0,0.0,0.0
28-06 08:00:00,0.0,0.0,0.0,0.0,0.0,0.0
28-06 09:00:00,0.0,0.0,0.0,0.0,0.0,0.0
28-06 10:00:00,21.44,4.0,18.33,16.58,20.67,16.204
28-06 11:00:00,224.99,229.99,234.99,231.99,229.99,230.39000000000001
28-06 12:00:00,425.99,429.99,437.99,444.99,436.99,435.18999999999994
28-06 13:00:00,588.99,591.99,618.99,613.99,613.99,605.5899999999999
28-06 14:00:00,714.99,714.99,737.99,735.99,735.99,727.99
28-06 15:00:00,771.99,775.99,794.99,789.99,789.99,784.5899999999999
28-06 16:00:00,763.99,763.99,786.99,768.99,768.99,770.5899999999999
28-06 17:00:00,671.99,649.99,704.99,691.99,687.99,681.39
28-06 18:00:00,519.99,457.99,557.99,538.99,556.99,526.39
28-06 19:00:00,332.99,317.99,365.99,345.99,353.99,343.39
28-06 20:00:00,131.99,130.0,142.99,131.0,141.99,135.594
28-06 21:00:00,0.0,0.0,0.0,0.0,0.0,0.0
28-06 22:00:00,0.0,0.0,0.0,0.0,0.0,0.0
28-06 23:00:00,0.0,0.0,0.0,0.0,0.0,0.0
29-06 00:00:00,0.0,0.0,0.0,0.0,0.0,0.0
29-06 01:00:00,0.0,0.0,0.0,0.0,0.0,0.0
29-06 02:00:00,0.0,0.0,0.0,0.0,0.0,0.0
29-06 03:00:00,0.0,0.0,0.0,0.0,0.0,0.0
29-06 04:00:00,0.0,0.0,0.0,0.0,0.0,0.0
29-06 05:00:00,0.0,0.0,0.0,0.0,0.0,0.0
29-06 06:00:00,0.0,0.0,0.0,0.0,0.0,0.0
29-06 07:00:00,0.0,0.0,0.0,0.0,0.0,0.0
29-06 08:00:00,0.0,0.0,0.0,0.0,0.0,0.0
29-06 09:00:00,0.0,0.0,0.0,0.0,0.0,0.0
29-06 10:00:00,21.32,16.58,3.0,13.82,21.43,15.23
29-06 11:00:00,233.99,231.99,40.0,233.99,231.99,194.392
29-06 12:00:00,441.99,445.99,87.0,438.99,438.99,370.592
29-06 13:00:00,607.99,604.99,110.0,606.99,619.99,509.992
29-06 14:00:00,729.99,721.99,148.0,727.99,734.99,612.592
29-06 15:00:00,786.99,681.99,187.0,785.99,788.99,646.192
29-06 16:00:00,766.99,631.99,279.0,769.99,768.99,643.392
29-06 17:00:00,631.99,510.0,592.99,684.99,691.99,622.392
29-06 18:00:00,549.99,457.99,546.99,539.99,554.99,529.99
29-06 19:00:00,348.99,345.99,354.99,340.99,354.99,349.19
29-06 20:00:00,134.99,131.99,133.99,128.0,138.99,133.592
29-06 21:00:00,0.0,0.0,0.0,0.0,0.0,0.0
29-06 22:00:00,0.0,0.0,0.0,0.0,0.0,0.0
29-06 23:00:00,0.0,0.0,0.0,0.0,0.0,0.0
30-06 00:00:00,0.0,0.0,0.0,0.0,0.0,0.0
30-06 01:00:00,0.0,0.0,0.0,0.0,0.0,0.0
30-06 02:00:00,0.0,0.0,0.0,0.0,0.0,0.0
30-06 03:00:00,0.0,0.0,0.0,0.0,0.0,0.0
30-06 04:00:00,0.0,0.0,0.0,0.0,0.0,0.0
30-06 05:00:00,0.0,0.0,0.0,0.0,0.0,0.0
30-06 06:00:00,0.0,0.0,0.0,0.0,0.0,0.0
30-06 07:00:00,0.0,0.0,0.0,0.0,0.0,0.0
30-06 08:00:00,0.0,0.0,0.0,0.0,0.0,0.0
30-06 09:00:00,0.0,0.0,0.0,0.0,0.0,0.0
30-06 10:00:00,18.94,14.8,18.32,18.94,8.0,15.8
30-06 11:00:00,228.99,245.99,232.99,228.99,0.0,187.392
30-06 12:00:00,431.99,435.99,438.99,437.99,439.99,436.98999999999995
30-06 13:00:00,594.99,595.99,613.99,611.99,614.99,606.39
30-06 14:00:00,721.99,722.99,727.99,725.99,733.99,726.5899999999999
30-06 15:00:00,766.99,776.99,785.99,757.99,662.99,750.1899999999999
30-06 16:00:00,767.99,747.99,778.99,750.99,653.99,739.99
30-06 17:00:00,660.99,696.99,700.99,632.99,559.99,650.39
30-06 18:00:00,523.99,528.99,549.99,526.99,434.0,512.792
30-06 19:00:00,307.99,260.0,355.99,328.99,264.0,303.394
30-06 20:00:00,124.0,140.99,124.0,112.0,83.0,116.798
30-06 21:00:00,0.0,0.0,0.0,0.0,0.0,0.0
30-06 22:00:00,0.0,0.0,0.0,0.0,0.0,0.0
30-06 23:00:00,0.0,0.0,0.0,0.0,0.0,0.0
01-07 00:00:00,0.0,0.0,0.0,0.0,0.0,0.0
01-07 01:00:00,0.0,0.0,0.0,0.0,0.0,0.0
01-07 02:00:00,0.0,0.0,0.0,0.0,0.0,0.0
01-07 03:00:00,0.0,0.0,0.0,0.0,0.0,0.0
01-07 04:00:00,0.0,0.0,0.0,0.0,0.0,0.0
01-07 05:00:00,0.0,0.0,0.0,0.0,0.0,0.0
01-07 06:00:00,0.0,0.0,0.0,0.0,0.0,0.0
01-07 07:00:00,0.0,0.0,0.0,0.0,0.0,0.0
01-07 08:00:00,0.0,0.0,0.0,0.0,0.0,0.0
01-07 09:00:00,0.0,0.0,0.0,0.0,0.0,0.0
01-07 10:00:00,24.41,25.23,16.57,19.09,8.0,18.660000000000004
01-07 11:00:00,238.99,236.99,233.99,231.99,225.99,233.59
01-07 12:00:00,450.99,446.99,439.99,437.99,427.99,440.78999999999996
01-07 13:00:00,617.99,571.99,625.99,611.99,604.99,606.5899999999999
01-07 14:00:00,737.99,732.99,745.99,730.99,730.99,735.79
01-07 15:00:00,788.99,778.99,805.99,788.99,775.99,787.79
01-07 16:00:00,772.99,594.99,793.99,773.99,764.99,740.1899999999999
01-07 17:00:00,651.99,435.0,714.99,692.99,684.99,635.992
01-07 18:00:00,508.99,437.99,561.99,552.99,548.99,522.1899999999999
01-07 19:00:00,312.99,255.0,366.99,353.99,353.99,328.592
01-07 20:00:00,113.0,37.0,143.99,136.99,137.99,113.79400000000001
01-07 21:00:00,0.0,0.0,0.0,0.0,0.0,0.0
01-07 22:00:00,0.0,0.0,0.0,0.0,0.0,0.0
01-07 23:00:00,0.0,0.0,0.0,0.0,0.0,0.0
02-07 00:00:00,0.0,0.0,0.0,0.0,0.0,0.0
02-07 01:00:00,0.0,0.0,0.0,0.0,0.0,0.0
02-07 02:00:00,0.0,0.0,0.0,0.0,0.0,0.0
02-07 03:00:00,0.0,0.0,0.0,0.0,0.0,0.0
02-07 04:00:00,0.0,0.0,0.0,0.0,0.0,0.0
02-07 05:00:00,0.0,0.0,0.0,0.0,0.0,0.0
02-07 06:00:00,0.0,0.0,0.0,0.0,0.0,0.0
02-07 07:00:00,0.0,0.0,0.0,0.0,0.0,0.0
02-07 08:00:00,0.0,0.0,0.0,0.0,0.0,0.0
02-07 09:00:00,0.0,0.0,0.0,0.0,0.0,0.0
02-07 10:00:00,16.4,22.8,19.86,7.0,19.08,17.028
02-07 11:00:00,237.99,226.99,236.99,224.99,229.99,231.39000000000001
02-07 12:00:00,446.99,411.99,444.99,428.99,433.99,433.39
02-07 13:00:00,608.99,592.99,618.99,606.99,610.99,607.79
02-07 14:00:00,739.99,716.99,738.99,728.99,733.99,731.79
02-07 15:00:00,785.99,774.99,793.99,787.99,787.99,786.1899999999999
02-07 16:00:00,774.99,746.99,773.99,776.99,767.99,768.1899999999999
02-07 17:00:00,701.99,612.99,704.99,691.99,688.99,680.1899999999999
02-07 18:00:00,550.99,480.99,556.99,537.99,552.99,535.99
02-07 19:00:00,358.99,288.0,362.99,352.99,354.99,343.592
02-07 20:00:00,136.99,126.0,146.99,141.99,141.99,138.792
02-07 21:00:00,0.0,0.0,0.0,0.0,0.0,0.0
02-07 22:00:00,0.0,0.0,0.0,0.0,0.0,0.0
02-07 23:00:00,0.0,0.0,0.0,0.0,0.0,0.0
03-07 00:00:00,0.0,0.0,0.0,0.0,0.0,0.0
03-07 01:00:00,0.0,0.0,0.0,0.0,0.0,0.0
03-07 02:00:00,0.0,0.0,0.0,0.0,0.0,0.0
03-07 03:00:00,0.0,0.0,0.0,0.0,0.0,0.0
03-07 04:00:00,0.0,0.0,0.0,0.0,0.0,0.0
03-07 05:00:00,0.0,0.0,0.0,0.0,0.0,0.0
03-07 06:00:00,0.0,0.0,0.0,0.0,0.0,0.0
03-07 07:00:00,0.0,0.0,0.0,0.0,0.0,0.0
03-07 08:00:00,0.0,0.0,0.0,0.0,0.0,0.0
03-07 09:00:00,0.0,0.0,0.0,0.0,0.0,0.0
03-07 10:00:00,19.71,24.41,18.14,18.14,19.85,20.05
03-07 11:00:00,232.99,237.99,230.99,230.99,232.99,233.19
03-07 12:00:00,447.99,450.99,436.99,437.99,438.99,442.59
03-07 13:00:00,616.99,608.99,614.99,613.99,620.99,615.1899999999999
03-07 14:00:00,740.99,735.99,734.99,732.99,745.99,738.1899999999999
03-07 15:00:00,513.0,790.99,793.99,787.99,796.99,736.592
03-07 16:00:00,612.99,771.99,781.99,686.99,776.99,726.1899999999999
03-07 17:00:00,351.0,687.99,700.99,529.0,696.99,593.1940000000001
03-07 18:00:00,460.99,528.99,551.99,281.0,559.99,476.592
03-07 19:00:00,340.99,267.0,357.99,193.0,360.99,303.994
03-07 20:00:00,137.99,125.0,141.99,37.0,143.99,117.194
03-07 21:00:00,0.0,0.0,0.0,0.0,0.0,0.0
03-07 22:00:00,0.0,0.0,0.0,0.0,0.0,0.0
03-07 23:00:00,0.0,0.0,0.0,0.0,0.0,0.0
04-07 00:00:00,0.0,0.0,0.0,0.0,0.0,0.0
04-07 01:00:00,0.0,0.0,0.0,0.0,0.0,0.0
04-07 02:00:00,0.0,0.0,0.0,0.0,0.0,0.0
04-07 03:00:00,0.0,0.0,0.0,0.0,0.0,0.0
04-07 04:00:00,0.0,0.0,0.0,0.0,0.0,0.0
04-07 05:00:00,0.0,0.0,0.0,0.0,0.0,0.0
04-07 06:00:00,0.0,0.0,0.0,0.0,0.0,0.0
04-07 07:00:00,0.0,0.0,0.0,0.0,0.0,0.0
04-07 08:00:00,0.0,0.0,0.0,0.0,0.0,0.0
04-07 09:00:00,0.0,0.0,0.0,0.0,0.0,0.0
04-07 10:00:00,20.38,24.4,19.85,13.81,17.35,19.157999999999998
04-07 11:00:00,234.99,209.0,239.99,229.99,229.99,228.792
04-07 12:00:00,413.99,440.99,450.99,436.99,436.99,435.98999999999995
04-07 13:00:00,482.0,604.99,630.99,618.99,611.99,589.792
04-07 14:00:00,699.99,726.99,744.99,746.99,738.99,731.5899999999999
04-07 15:00:00,782.99,785.99,804.99,802.99,794.99,794.39
04-07 16:00:00,759.99,685.99,797.99,791.99,774.99,762.1899999999999
04-07 17:00:00,688.99,472.0,711.99,709.99,691.99,654.992
04-07 18:00:00,543.99,483.99,563.99,570.99,552.99,543.1899999999999
04-07 19:00:00,350.99,336.99,366.99,369.99,359.99,356.99
04-07 20:00:00,128.0,85.0,147.99,151.99,140.99,130.794
04-07 21:00:00,0.0,0.0,0.0,0.0,0.0,0.0
04-07 22:00:00,0.0,0.0,0.0,0.0,0.0,0.0
04-07 23:00:00,0.0,0.0,0.0,0.0,0.0,0.0
05-07 00:00:00,0.0,0.0,0.0,0.0,0.0,0.0
05-07 01:00:00,0.0,0.0,0.0,0.0,0.0,0.0
05-07 02:00:00,0.0,0.0,0.0,0.0,0.0,0.0
05-07 03:00:00,0.0,0.0,0.0,0.0,0.0,0.0
05-07 04:00:00,0.0,0.0,0.0,0.0,0.0,0.0
05-07 05:00:00,0.0,0.0,0.0,0.0,0.0,0.0
05-07 06:00:00,0.0,0.0,0.0,0.0,0.0,0.0
05-07 07:00:00,0.0,0.0,0.0,0.0,0.0,0.0
05-07 08:00:00,0.0,0.0,0.0,0.0,0.0,0.0
05-07 09:00:00,0.0,0.0,0.0,0.0,0.0,0.0
05-07 10:00:00,21.12,9.0,22.05,15.59,18.13,17.178
05-07 11:00:00,227.99,210.0,206.0,233.99,225.99,220.794
05-07 12:00:00,436.99,435.99,419.99,446.99,434.99,434.98999999999995
05-07 13:00:00,603.99,604.99,609.99,620.99,615.99,611.1899999999999
05-07 14:00:00,726.99,731.99,736.99,690.99,735.99,724.5899999999999
05-07 15:00:00,707.99,782.99,791.99,805.99,790.99,775.99
05-07 16:00:00,670.99,763.99,790.99,790.99,771.99,757.79
05-07 17:00:00,408.0,666.99,713.99,709.99,688.99,637.592
05-07 18:00:00,80.0,530.99,558.99,571.99,553.99,459.192
05-07 19:00:00,130.0,321.99,366.99,370.99,352.99,308.592
05-07 20:00:00,12.0,120.0,142.99,152.99,138.0,113.196
05-07 21:00:00,0.0,0.0,0.0,0.0,0.0,0.0
05-07 22:00:00,0.0,0.0,0.0,0.0,0.0,0.0
05-07 23:00:00,0.0,0.0,0.0,0.0,0.0,0.0
06-07 00:00:00,0.0,0.0,0.0,0.0,0.0,0.0
06-07 01:00:00,0.0,0.0,0.0,0.0,0.0,0.0
06-07 02:00:00,0.0,0.0,0.0,0.0,0.0,0.0
06-07 03:00:00,0.0,0.0,0.0,0.0,0.0,0.0
06-07 04:00:00,0.0,0.0,0.0,0.0,0.0,0.0
06-07 05:00:00,0.0,0.0,0.0,0.0,0.0,0.0
06-07 06:00:00,0.0,0.0,0.0,0.0,0.0,0.0
06-07 07:00:00,0.0,0.0,0.0,0.0,0.0,0.0
06-07 08:00:00,0.0,0.0,0.0,0.0,0.0,0.0
06-07 09:00:00,0.0,0.0,0.0,0.0,0.0,0.0
06-07 10:00:00,2.0,22.77,16.57,15.59,19.7,15.326000000000002
06-07 11:00:00,213.99,235.99,237.99,231.99,226.99,229.39000000000001
06-07 12:00:00,346.0,448.99,448.99,443.99,434.99,424.592
06-07 13:00:00,568.99,615.99,628.99,624.99,615.99,610.99
06-07 14:00:00,729.99,739.99,751.99,741.99,739.99,740.79
06-07 15:00:00,785.99,795.99,803.99,801.99,790.99,795.79
06-07 16:00:00,770.99,781.99,796.99,787.99,771.99,781.99
06-07 17:00:00,691.99,697.99,711.99,706.99,689.99,699.79
06-07 18:00:00,546.99,552.99,560.99,568.99,545.99,555.1899999999999
06-07 19:00:00,354.99,356.99,363.99,367.99,342.99,357.39
06-07 20:00:00,138.99,142.99,145.99,148.99,124.0,140.192
06-07 21:00:00,0.0,0.0,0.0,0.0,0.0,0.0
06-07 22:00:00,0.0,0.0,0.0,0.0,0.0,0.0
06-07 23:00:00,0.0,0.0,0.0,0.0,0.0,0.0
07-07 00:00:00,0.0,0.0,0.0,0.0,0.0,0.0
07-07 01:00:00,0.0,0.0,0.0,0.0,0.0,0.0
07-07 02:00:00,0.0,0.0,0.0,0.0,0.0,0.0
07-07 03:00:00,0.0,0.0,0.0,0.0,0.0,0.0
07-07 04:00:00,0.0,0.0,0.0,0.0,0.0,0.0
07-07 05:00:00,0.0,0.0,0.0,0.0,0.0,0.0
07-07 06:00:00,0.0,0.0,0.0,0.0,0.0,0.0
07-07 07:00:00,0.0,0.0,0.0,0.0,0.0,0.0
07-07 08:00:00,0.0,0.0,0.0,0.0,0.0,0.0
07-07 09:00:00,0.0,0.0,0.0,0.0,0.0,0.0
07-07 10:00:00,20.61,19.58,19.69,14.62,18.91,18.682
07-07 11:00:00,238.99,235.99,234.99,231.99,228.99,234.19
07-07 12:00:00,454.99,450.99,440.99,438.99,441.99,445.59
07-07 13:00:00,635.99,617.99,624.99,611.99,618.99,621.99
07-07 14:00:00,759.99,743.99,741.99,735.99,743.99,745.1899999999999
07-07 15:00:00,816.99,799.99,802.99,795.99,795.99,802.39
07-07 16:00:00,805.99,784.99,796.99,772.99,780.99,788.39
07-07 17:00:00,727.99,705.99,715.99,689.99,693.99,706.79
07-07 18:00:00,574.99,562.99,560.99,561.99,555.99,563.39
07-07 19:00:00,375.99,367.99,362.99,364.99,362.99,366.99
07-07 20:00:00,144.99,149.99,141.0,150.99,143.99,146.192
07-07 21:00:00,0.0,0.0,0.0,0.0,0.0,0.0
07-07 22:00:00,0.0,0.0,0.0,0.0,0.0,0.0
07-07 23:00:00,0.0,0.0,0.0,0.0,0.0,0.0
08-07 00:00:00,0.0,0.0,0.0,0.0,0.0,0.0
08-07 01:00:00,0.0,0.0,0.0,0.0,0.0,0.0
08-07 02:00:00,0.0,0.0,0.0,0.0,0.0,0.0
08-07 03:00:00,0.0,0.0,0.0,0.0,0.0,0.0
08-07 04:00:00,0.0,0.0,0.0,0.0,0.0,0.0
08-07 05:00:00,0.0,0.0,0.0,0.0,0.0,0.0
08-07 06:00:00,0.0,0.0,0.0,0.0,0.0,0.0
08-07 07:00:00,0.0,0.0,0.0,0.0,0.0,0.0
08-07 08:00:00,0.0,0.0,0.0,0.0,0.0,0.0
08-07 09:00:00,0.0,0.0,0.0,0.0,0.0,0.0
08-07 10:00:00,19.7,13.81,18.13,14.8,18.91,17.07
08-07 11:00:00,235.99,243.99,234.99,228.99,229.99,234.79000000000002
08-07 12:00:00,451.99,454.99,443.99,437.99,441.99,446.18999999999994
08-07 13:00:00,625.99,627.99,628.99,610.99,618.99,622.5899999999999
08-07 14:00:00,752.99,746.99,751.99,730.99,739.99,744.5899999999999
08-07 15:00:00,809.99,803.99,803.99,764.99,795.99,795.79
08-07 16:00:00,794.99,793.99,797.99,739.99,776.99,780.79
08-07 17:00:00,717.99,708.99,712.99,649.99,672.99,692.5899999999999
08-07 18:00:00,563.99,565.99,559.99,552.99,534.99,555.5899999999999
08-07 19:00:00,364.99,366.99,366.99,271.0,359.99,345.992
08-07 20:00:00,135.0,147.99,148.99,148.99,145.99,145.392
08-07 21:00:00,0.0,0.0,0.0,0.0,0.0,0.0
08-07 22:00:00,0.0,0.0,0.0,0.0,0.0,0.0
08-07 23:00:00,0.0,0.0,0.0,0.0,0.0,0.0
09-07 00:00:00,0.0,0.0,0.0,0.0,0.0,0.0
09-07 01:00:00,0.0,0.0,0.0,0.0,0.0,0.0
09-07 02:00:00,0.0,0.0,0.0,0.0,0.0,0.0
09-07 03:00:00,0.0,0.0,0.0,0.0,0.0,0.0
09-07 04:00:00,0.0,0.0,0.0,0.0,0.0,0.0
09-07 05:00:00,0.0,0.0,0.0,0.0,0.0,0.0
09-07 06:00:00,0.0,0.0,0.0,0.0,0.0,0.0
09-07 07:00:00,0.0,0.0,0.0,0.0,0.0,0.0
09-07 08:00:00,0.0,0.0,0.0,0.0,0.0,0.0
09-07 09:00:00,0.0,0.0,0.0,0.0,0.0,0.0
09-07 10:00:00,20.38,19.7,18.91,17.35,18.13,18.894
09-07 11:00:00,237.99,232.99,236.99,231.99,227.99,233.59
09-07 12:00:00,448.99,443.99,445.99,422.99,443.99,441.18999999999994
09-07 13:00:00,622.99,619.99,623.99,611.99,615.99,618.99
09-07 14:00:00,744.99,737.99,737.99,735.99,736.99,738.79
09-07 15:00:00,796.99,793.99,798.99,795.99,792.99,795.79
09-07 16:00:00,782.99,783.99,788.99,777.99,778.99,782.5899999999999
09-07 17:00:00,706.99,688.99,712.99,702.99,691.99,700.79
09-07 18:00:00,560.99,543.99,559.99,566.99,557.99,557.99
09-07 19:00:00,362.99,366.99,364.99,368.99,360.99,364.99
09-07 20:00:00,139.0,144.0,145.0,152.99,149.99,146.196
09-07 21:00:00,0.0,0.0,0.0,0.0,0.0,0.0
09-07 22:00:00,0.0,0.0,0.0,0.0,0.0,0.0
09-07 23:00:00,0.0,0.0,0.0,0.0,0.0,0.0
10-07 00:00:00,0.0,0.0,0.0,0.0,0.0,0.0
10-07 01:00:00,0.0,0.0,0.0,0.0,0.0,0.0
10-07 02:00:00,0.0,0.0,0.0,0.0,0.0,0.0
10-07 03:00:00,0.0,0.0,0.0,0.0,0.0,0.0
10-07 04:00:00,0.0,0.0,0.0,0.0,0.0,0.0
10-07 05:00:00,0.0,0.0,0.0,0.0,0.0,0.0
10-07 06:00:00,0.0,0.0,0.0,0.0,0.0,0.0
10-07 07:00:00,0.0,0.0,0.0,0.0,0.0,0.0
10-07 08:00:00,0.0,0.0,0.0,0.0,0.0,0.0
10-07 09:00:00,0.0,0.0,0.0,0.0,0.0,0.0
10-07 10:00:00,19.7,21.18,16.57,12.0,16.39,17.168
10-07 11:00:00,237.99,238.99,229.99,229.99,229.99,233.39000000000001
10-07 12:00:00,449.99,456.99,443.99,436.99,435.99,444.78999999999996
10-07 13:00:00,629.99,630.99,614.99,615.99,611.99,620.79
10-07 14:00:00,756.99,745.99,734.99,740.99,735.99,742.99
10-07 15:00:00,814.99,802.99,799.99,801.99,791.99,802.39
10-07 16:00:00,799.99,789.99,785.99,778.99,773.99,785.79
10-07 17:00:00,723.99,705.99,710.99,707.99,695.99,708.99
10-07 18:00:00,574.99,557.99,560.99,567.99,560.99,564.5899999999999
10-07 19:00:00,379.99,361.99,365.99,371.99,357.99,367.59000000000003
10-07 20:00:00,153.99,150.99,149.99,156.99,111.0,144.592
10-07 21:00:00,0.0,0.0,0.0,0.0,0.0,0.0
10-07 22:00:00,0.0,0.0,0.0,0.0,0.0,0.0
10-07 23:00:00,0.0,0.0,0.0,0.0,0.0,0.0
11-07 00:00:00,0.0,0.0,0.0,0.0,0.0,0.0
11-07 01:00:00,0.0,0.0,0.0,0.0,0.0,0.0
11-07 02:00:00,0.0,0.0,0.0,0.0,0.0,0.0
11-07 03:00:00,0.0,0.0,0.0,0.0,0.0,0.0
11-07 04:00:00,0.0,0.0,0.0,0.0,0.0,0.0
11-07 05:00:00,0.0,0.0,0.0,0.0,0.0,0.0
11-07 06:00:00,0.0,0.0,0.0,0.0,0.0,0.0
11-07 07:00:00,0.0,0.0,0.0,0.0,0.0,0.0
11-07 08:00:00,0.0,0.0,0.0,0.0,0.0,0.0
11-07 09:00:00,0.0,0.0,0.0,0.0,0.0,0.0
11-07 10:00:00,22.06,24.47,16.57,13.81,3.0,15.982
11-07 11:00:00,239.99,236.99,235.99,220.99,205.0,227.792
11-07 12:00:00,458.99,444.99,448.99,435.99,437.99,445.39
11-07 13:00:00,632.99,620.99,622.99,614.99,613.99,621.1899999999999
11-07 14:00:00,760.99,742.99,740.99,743.99,734.99,744.79
11-07 15:00:00,818.99,794.99,801.99,804.99,768.99,797.99
11-07 16:00:00,800.99,785.99,791.99,790.99,715.99,777.1899999999999
11-07 17:00:00,723.99,695.99,712.99,707.99,671.99,702.5899999999999
11-07 18:00:00,574.99,561.99,556.99,568.99,386.0,529.792
11-07 19:00:00,375.99,331.99,365.99,376.99,217.0,333.592
11-07 20:00:00,151.99,147.0,148.99,155.99,29.0,126.59400000000001
11-07 21:00:00,0.0,0.0,0.0,0.0,0.0,0.0
11-07 22:00:00,0.0,0.0,0.0,0.0,0.0,0.0
11-07 23:00:00,0.0,0.0,0.0,0.0,0.0,0.0
12-07 00:00:00,0.0,0.0,0.0,0.0,0.0,0.0
12-07 01:00:00,0.0,0.0,0.0,0.0,0.0,0.0
12-07 02:00:00,0.0,0.0,0.0,0.0,0.0,0.0
12-07 03:00:00,0.0,0.0,0.0,0.0,0.0,0.0
12-07 04:00:00,0.0,0.0,0.0,0.0,0.0,0.0
12-07 05:00:00,0.0,0.0,0.0,0.0,0.0,0.0
12-07 06:00:00,0.0,0.0,0.0,0.0,0.0,0.0
12-07 07:00:00,0.0,0.0,0.0,0.0,0.0,0.0
12-07 08:00:00,0.0,0.0,0.0,0.0,0.0,0.0
12-07 09:00:00,0.0,0.0,0.0,0.0,0.0,0.0
12-07 10:00:00,21.28,21.2,16.57,15.6,22.77,19.484
12-07 11:00:00,233.99,241.99,233.99,232.99,145.0,217.592
12-07 12:00:00,440.99,444.99,442.99,439.99,429.99,439.78999999999996
12-07 13:00:00,622.99,546.99,620.99,620.99,607.99,603.99
12-07 14:00:00,744.99,638.99,742.99,651.99,684.99,692.79
12-07 15:00:00,801.99,782.99,803.99,675.99,583.0,729.592
12-07 16:00:00,788.99,635.99,794.99,680.99,638.99,707.99
12-07 17:00:00,701.99,544.0,714.99,665.99,495.0,624.394
12-07 18:00:00,382.0,397.0,568.99,484.99,352.0,436.996
12-07 19:00:00,253.0,340.99,373.99,291.0,304.0,312.596
12-07 20:00:00,87.0,86.0,153.99,151.99,99.0,115.596
12-07 21:00:00,0.0,0.0,0.0,0.0,0.0,0.0
12-07 22:00:00,0.0,0.0,0.0,0.0,0.0,0.0
12-07 23:00:00,0.0,0.0,0.0,0.0,0.0,0.0
13-07 00:00:00,0.0,0.0,0.0,0.0,0.0,0.0
13-07 01:00:00,0.0,0.0,0.0,0.0,0.0,0.0
13-07 02:00:00,0.0,0.0,0.0,0.0,0.0,0.0
13-07 03:00:00,0.0,0.0,0.0,0.0,0.0,0.0
13-07 04:00:00,0.0,0.0,0.0,0.0,0.0,0.0
13-07 05:00:00,0.0,0.0,0.0,0.0,0.0,0.0
13-07 06:00:00,0.0,0.0,0.0,0.0,0.0,0.0
13-07 07:00:00,0.0,0.0,0.0,0.0,0.0,0.0
13-07 08:00:00,0.0,0.0,0.0,0.0,0.0,0.0
13-07 09:00:00,0.0,0.0,0.0,0.0,0.0,0.0
13-07 10:00:00,22.81,20.51,22.08,15.6,13.82,18.964
13-07 11:00:00,237.99,234.99,235.99,235.99,240.99,237.19
13-07 12:00:00,444.99,446.99,449.99,446.99,438.99,445.59
13-07 13:00:00,620.99,623.99,627.99,628.99,616.99,623.79
13-07 14:00:00,742.99,741.99,746.99,751.99,733.99,743.5899999999999
13-07 15:00:00,791.99,798.99,803.99,809.99,790.99,799.1899999999999
13-07 16:00:00,777.99,777.99,798.99,795.99,727.99,775.79
13-07 17:00:00,703.99,703.99,714.99,704.99,647.99,695.1899999999999
13-07 18:00:00,543.99,562.99,565.99,563.99,555.99,558.5899999999999
13-07 19:00:00,330.99,363.99,374.99,349.99,349.99,353.99
13-07 20:00:00,133.0,147.0,161.99,121.0,150.99,142.796
13-07 21:00:00,0.0,0.0,0.0,0.0,0.0,0.0
13-07 22:00:00,0.0,0.0,0.0,0.0,0.0,0.0
13-07 23:00:00,0.0,0.0,0.0,0.0,0.0,0.0
14-07 00:00:00,0.0,0.0,0.0,0.0,0.0,0.0
14-07 01:00:00,0.0,0.0,0.0,0.0,0.0,0.0
14-07 02:00:00,0.0,0.0,0.0,0.0,0.0,0.0
14-07 03:00:00,0.0,0.0,0.0,0.0,0.0,0.0
14-07 04:00:00,0.0,0.0,0.0,0.0,0.0,0.0
14-07 05:00:00,0.0,0.0,0.0,0.0,0.0,0.0
14-07 06:00:00,0.0,0.0,0.0,0.0,0.0,0.0
14-07 07:00:00,0.0,0.0,0.0,0.0,0.0,0.0
14-07 08:00:00,0.0,0.0,0.0,0.0,0.0,0.0
14-07 09:00:00,0.0,0.0,0.0,0.0,0.0,0.0
14-07 10:00:00,22.1,22.89,21.31,18.15,4.0,17.689999999999998
14-07 11:00:00,235.99,234.99,232.99,220.99,124.0,209.792
14-07 12:00:00,443.99,439.99,442.99,439.99,216.0,396.592
14-07 13:00:00,622.99,617.99,613.99,619.99,260.0,546.992
14-07 14:00:00,749.99,743.99,742.99,741.99,182.0,632.192
14-07 15:00:00,802.99,800.99,808.99,807.99,380.0,720.192
14-07 16:00:00,793.99,787.99,799.99,785.99,599.0,753.392
14-07 17:00:00,710.99,708.99,719.99,691.99,687.99,703.99
14-07 18:00:00,562.99,545.99,569.99,562.99,546.99,557.79
14-07 19:00:00,369.99,292.0,379.99,376.99,360.99,355.992
14-07 20:00:00,141.0,151.99,162.99,161.99,148.0,153.19400000000002
14-07 21:00:00,0.0,0.0,0.0,0.0,0.0,0.0
14-07 22:00:00,0.0,0.0,0.0,0.0,0.0,0.0
14-07 23:00:00,0.0,0.0,0.0,0.0,0.0,0.0
15-07 00:00:00,0.0,0.0,0.0,0.0,0.0,0.0
15-07 01:00:00,0.0,0.0,0.0,0.0,0.0,0.0
15-07 02:00:00,0.0,0.0,0.0,0.0,0.0,0.0
15-07 03:00:00,0.0,0.0,0.0,0.0,0.0,0.0
15-07 04:00:00,0.0,0.0,0.0,0.0,0.0,0.0
15-07 05:00:00,0.0,0.0,0.0,0.0,0.0,0.0
15-07 06:00:00,0.0,0.0,0.0,0.0,0.0,0.0
15-07 07:00:00,0.0,0.0,0.0,0.0,0.0,0.0
15-07 08:00:00,0.0,0.0,0.0,0.0,0.0,0.0
15-07 09:00:00,0.0,0.0,0.0,0.0,0.0,0.0
15-07 10:00:00,20.53,23.65,25.27,14.8,16.58,20.166
15-07 11:00:00,235.99,238.99,235.99,230.99,221.99,232.79000000000002
15-07 12:00:00,439.99,454.99,448.99,439.99,430.99,442.98999999999995
15-07 13:00:00,624.99,631.99,629.99,620.99,594.99,620.5899999999999
15-07 14:00:00,746.99,751.99,752.99,742.99,728.99,744.79
15-07 15:00:00,804.99,804.99,815.99,804.99,789.99,804.1899999999999
15-07 16:00:00,791.99,787.99,793.99,791.99,735.99,780.39
15-07 17:00:00,704.99,709.99,722.99,708.99,603.99,690.1899999999999
15-07 18:00:00,548.99,564.99,575.99,573.99,462.99,545.39
15-07 19:00:00,288.0,368.99,381.99,379.99,280.0,339.794
15-07 20:00:00,40.0,153.0,163.99,154.99,150.0,132.39600000000002
15-07 21:00:00,0.0,0.0,0.0,0.0,0.0,0.0
15-07 22:00:00,0.0,0.0,0.0,0.0,0.0,0.0
15-07 23:00:00,0.0,0.0,0.0,0.0,0.0,0.0
16-07 00:00:00,0.0,0.0,0.0,0.0,0.0,0.0
16-07 01:00:00,0.0,0.0,0.0,0.0,0.0,0.0
16-07 02:00:00,0.0,0.0,0.0,0.0,0.0,0.0
16-07 03:00:00,0.0,0.0,0.0,0.0,0.0,0.0
16-07 04:00:00,0.0,0.0,0.0,0.0,0.0,0.0
16-07 05:00:00,0.0,0.0,0.0,0.0,0.0,0.0
16-07 06:00:00,0.0,0.0,0.0,0.0,0.0,0.0
16-07 07:00:00,0.0,0.0,0.0,0.0,0.0,0.0
16-07 08:00:00,0.0,0.0,0.0,0.0,0.0,0.0
16-07 09:00:00,0.0,0.0,0.0,0.0,0.0,0.0
16-07 10:00:00,17.38,24.48,24.48,21.45,22.92,22.142000000000003
16-07 11:00:00,190.0,235.99,236.99,230.99,226.99,224.192
16-07 12:00:00,413.99,447.99,446.99,441.99,439.99,438.18999999999994
16-07 13:00:00,629.99,630.99,625.99,622.99,617.99,625.5899999999999
16-07 14:00:00,749.99,758.99,748.99,736.99,731.99,745.39
16-07 15:00:00,798.99,812.99,806.99,789.99,792.99,800.39
16-07 16:00:00,785.99,799.99,801.99,789.99,749.99,785.5899999999999
16-07 17:00:00,676.99,720.99,714.99,711.99,632.99,691.5899999999999
16-07 18:00:00,329.0,577.99,572.99,569.99,549.99,519.992
16-07 19:00:00,275.0,375.99,388.99,379.99,357.99,355.592
16-07 20:00:00,86.0,157.99,112.0,104.0,146.0,121.19800000000001
16-07 21:00:00,0.0,0.0,0.0,0.0,0.0,0.0
16-07 22:00:00,0.0,0.0,0.0,0.0,0.0,0.0
16-07 23:00:00,0.0,0.0,0.0,0.0,0.0,0.0
17-07 00:00:00,0.0,0.0,0.0,0.0,0.0,0.0
17-07 01:00:00,0.0,0.0,0.0,0.0,0.0,0.0
17-07 02:00:00,0.0,0.0,0.0,0.0,0.0,0.0
17-07 03:00:00,0.0,0.0,0.0,0.0,0.0,0.0
17-07 04:00:00,0.0,0.0,0.0,0.0,0.0,0.0
17-07 05:00:00,0.0,0.0,0.0,0.0,0.0,0.0
17-07 06:00:00,0.0,0.0,0.0,0.0,0.0,0.0
17-07 07:00:00,0.0,0.0,0.0,0.0,0.0,0.0
17-07 08:00:00,0.0,0.0,0.0,0.0,0.0,0.0
17-07 09:00:00,0.0,0.0,0.0,0.0,0.0,0.0
17-07 10:00:00,22.89,23.74,26.21,3.0,24.51,20.07
17-07 11:00:00,235.99,235.99,229.99,233.99,226.99,232.59
17-07 12:00:00,441.99,458.99,440.99,454.99,394.99,438.39
17-07 13:00:00,623.99,635.99,620.99,623.99,605.99,622.1899999999999
17-07 14:00:00,742.99,764.99,751.99,725.99,733.99,743.99
17-07 15:00:00,799.99,792.99,809.99,785.99,740.99,785.99
17-07 16:00:00,786.99,755.99,796.99,799.99,744.99,776.99
17-07 17:00:00,708.99,706.99,683.99,720.99,681.99,700.5899999999999
17-07 18:00:00,545.99,566.99,517.99,580.99,554.99,553.39
17-07 19:00:00,368.99,343.99,367.99,379.99,255.0,343.192
17-07 20:00:00,108.0,133.0,143.0,164.99,14.0,112.598
17-07 21:00:00,0.0,0.0,0.0,0.0,0.0,0.0
17-07 22:00:00,0.0,0.0,0.0,0.0,0.0,0.0
17-07 23:00:00,0.0,0.0,0.0,0.0,0.0,0.0
18-07 00:00:00,0.0,0.0,0.0,0.0,0.0,0.0
18-07 01:00:00,0.0,0.0,0.0,0.0,0.0,0.0
18-07 02:00:00,0.0,0.0,0.0,0.0,0.0,0.0
18-07 03:00:00,0.0,0.0,0.0,0.0,0.0,0.0
18-07 04:00:00,0.0,0.0,0.0,0.0,0.0,0.0
18-07 05:00:00,0.0,0.0,0.0,0.0,0.0,0.0
18-07 06:00:00,0.0,0.0,0.0,0.0,0.0,0.0
18-07 07:00:00,0.0,0.0,0.0,0.0,0.0,0.0
18-07 08:00:00,0.0,0.0,0.0,0.0,0.0,0.0
18-07 09:00:00,0.0,0.0,0.0,0.0,0.0,0.0
18-07 10:00:00,26.18,16.59,19.92,22.27,16.59,20.31
18-07 11:00:00,242.99,231.99,238.99,237.99,167.0,223.792
18-07 12:00:00,452.99,442.99,445.99,451.99,280.0,414.79200000000003
18-07 13:00:00,628.99,631.99,622.99,631.99,604.99,624.1899999999999
18-07 14:00:00,747.99,755.99,740.99,755.99,468.0,693.792
18-07 15:00:00,805.99,813.99,756.99,822.99,771.99,794.39
18-07 16:00:00,784.99,800.99,789.99,809.99,776.99,792.5899999999999
18-07 17:00:00,643.99,725.99,707.99,726.99,655.99,692.1899999999999
18-07 18:00:00,442.0,579.99,557.99,582.99,530.99,538.792
18-07 19:00:00,362.99,382.99,364.99,388.99,355.99,371.19
18-07 20:00:00,121.0,165.99,141.0,166.99,138.0,146.596
18-07 21:00:00,0.0,0.0,0.0,0.0,0.0,0.0
18-07 22:00:00,0.0,0.0,0.0,0.0,0.0,0.0
18-07 23:00:00,0.0,0.0,0.0,0.0,0.0,0.0
19-07 00:00:00,0.0,0.0,0.0,0.0,0.0,0.0
19-07 01:00:00,0.0,0.0,0.0,0.0,0.0,0.0
19-07 02:00:00,0.0,0.0,0.0,0.0,0.0,0.0
19-07 03:00:00,0.0,0.0,0.0,0.0,0.0,0.0
19-07 04:00:00,0.0,0.0,0.0,0.0,0.0,0.0
19-07 05:00:00,0.0,0.0,0.0,0.0,0.0,0.0
19-07 06:00:00,0.0,0.0,0.0,0.0,0.0,0.0
19-07 07:00:00,0.0,0.0,0.0,0.0,0.0,0.0
19-07 08:00:00,0.0,0.0,0.0,0.0,0.0,0.0
19-07 09:00:00,0.0,0.0,0.0,0.0,0.0,0.0
19-07 10:00:00,25.38,26.19,25.39,14.81,5.0,19.354000000000003
19-07 11:00:00,236.99,242.99,159.0,254.99,206.0,219.994
19-07 12:00:00,444.99,455.99,341.0,445.99,448.99,427.392
19-07 13:00:00,627.99,644.99,618.99,583.99,458.0,586.792
19-07 14:00:00,750.99,771.99,744.99,698.99,660.99,725.5899999999999
19-07 15:00:00,808.99,830.99,802.99,769.99,695.99,781.79
19-07 16:00:00,791.99,817.99,793.99,744.99,553.0,740.392
19-07 17:00:00,713.99,733.99,711.99,721.99,474.0,671.192
19-07 18:00:00,566.99,589.99,567.99,585.99,457.0,553.592
19-07 19:00:00,368.99,387.99,375.99,386.99,105.0,324.992
19-07 20:00:00,146.0,168.99,164.99,151.0,46.0,135.39600000000002
19-07 21:00:00,0.0,0.0,0.0,0.0,0.0,0.0
19-07 22:00:00,0.0,0.0,0.0,0.0,0.0,0.0
19-07 23:00:00,0.0,0.0,0.0,0.0,0.0,0.0
20-07 00:00:00,0.0,0.0,0.0,0.0,0.0,0.0
20-07 01:00:00,0.0,0.0,0.0,0.0,0.0,0.0
20-07 02:00:00,0.0,0.0,0.0,0.0,0.0,0.0
20-07 03:00:00,0.0,0.0,0.0,0.0,0.0,0.0
20-07 04:00:00,0.0,0.0,0.0,0.0,0.0,0.0
20-07 05:00:00,0.0,0.0,0.0,0.0,0.0,0.0
20-07 06:00:00,0.0,0.0,0.0,0.0,0.0,0.0
20-07 07:00:00,0.0,0.0,0.0,0.0,0.0,0.0
20-07 08:00:00,0.0,0.0,0.0,0.0,0.0,0.0
20-07 09:00:00,0.0,0.0,0.0,0.0,0.0,0.0
20-07 10:00:00,23.89,27.04,28.84,27.05,27.15,26.794
20-07 11:00:00,240.99,238.99,242.99,236.99,228.99,237.79000000000002
20-07 12:00:00,454.99,443.99,460.99,453.99,439.99,450.78999999999996
20-07 13:00:00,633.99,632.99,637.99,628.99,622.99,631.39
20-07 14:00:00,765.99,764.99,767.99,760.99,741.99,760.39
20-07 15:00:00,820.99,819.99,826.99,819.99,803.99,818.39
20-07 16:00:00,811.99,810.99,813.99,806.99,795.99,807.99
20-07 17:00:00,728.99,727.99,729.99,723.99,693.99,720.99
20-07 18:00:00,569.99,587.99,579.99,571.99,562.99,574.5899999999999
20-07 19:00:00,366.99,384.99,385.99,385.99,374.99,379.79
20-07 20:00:00,172.99,169.99,162.99,162.99,154.0,164.592
20-07 21:00:00,0.0,0.0,0.0,0.0,0.0,0.0
20-07 22:00:00,0.0,0.0,0.0,0.0,0.0,0.0
20-07 23:00:00,0.0,0.0,0.0,0.0,0.0,0.0
21-07 00:00:00,0.0,0.0,0.0,0.0,0.0,0.0
21-07 01:00:00,0.0,0.0,0.0,0.0,0.0,0.0
21-07 02:00:00,0.0,0.0,0.0,0.0,0.0,0.0
21-07 03:00:00,0.0,0.0,0.0,0.0,0.0,0.0
21-07 04:00:00,0.0,0.0,0.0,0.0,0.0,0.0
21-07 05:00:00,0.0,0.0,0.0,0.0,0.0,0.0
21-07 06:00:00,0.0,0.0,0.0,0.0,0.0,0.0
21-07 07:00:00,0.0,0.0,0.0,0.0,0.0,0.0
21-07 08:00:00,0.0,0.0,0.0,0.0,0.0,0.0
21-07 09:00:00,0.0,0.0,0.0,0.0,0.0,0.0
21-07 10:00:00,20.9,27.91,27.13,26.27,25.46,25.534
21-07 11:00:00,211.0,243.99,238.99,240.99,230.99,233.192
21-07 12:00:00,448.99,458.99,452.99,453.99,438.99,450.78999999999996
21-07 13:00:00,620.99,644.99,0.0,631.99,598.99,499.392
21-07 14:00:00,733.99,770.99,753.99,759.99,739.99,751.79
21-07 15:00:00,804.99,834.99,678.99,827.99,810.99,791.5899999999999
21-07 16:00:00,719.99,821.99,596.0,809.99,784.99,746.592
21-07 17:00:00,551.0,741.99,625.99,714.99,644.99,655.792
21-07 18:00:00,468.0,595.99,406.0,583.99,529.99,516.7940000000001
21-07 19:00:00,311.0,392.99,182.0,385.99,361.99,326.794
21-07 20:00:00,61.0,168.99,22.0,171.99,154.0,115.596
21-07 21:00:00,0.0,0.0,0.0,0.0,0.0,0.0
21-07 22:00:00,0.0,0.0,0.0,0.0,0.0,0.0
21-07 23:00:00,0.0,0.0,0.0,0.0,0.0,0.0
22-07 00:00:00,0.0,0.0,0.0,0.0,0.0,0.0
22-07 01:00:00,0.0,0.0,0.0,0.0,0.0,0.0
22-07 02:00:00,0.0,0.0,0.0,0.0,0.0,0.0
22-07 03:00:00,0.0,0.0,0.0,0.0,0.0,0.0
22-07 04:00:00,0.0,0.0,0.0,0.0,0.0,0.0
22-07 05:00:00,0.0,0.0,0.0,0.0,0.0,0.0
22-07 06:00:00,0.0,0.0,0.0,0.0,0.0,0.0
22-07 07:00:00,0.0,0.0,0.0,0.0,0.0,0.0
22-07 08:00:00,0.0,0.0,0.0,0.0,0.0,0.0
22-07 09:00:00,0.0,0.0,0.0,0.0,0.0,0.0
22-07 10:00:00,28.84,27.93,28.84,29.68,26.34,28.326
22-07 11:00:00,245.99,248.99,237.99,238.99,233.99,241.19
22-07 12:00:00,462.99,456.99,452.99,445.99,448.99,453.59
22-07 13:00:00,615.99,645.99,630.99,627.99,627.99,629.79
22-07 14:00:00,586.0,767.99,758.99,733.99,746.99,718.792
22-07 15:00:00,703.99,831.99,803.99,585.0,809.99,746.992
22-07 16:00:00,816.99,822.99,795.99,716.99,695.99,769.79
22-07 17:00:00,667.99,738.99,717.99,642.99,635.99,680.79
22-07 18:00:00,588.99,597.99,540.99,561.99,544.99,566.99
22-07 19:00:00,383.99,393.99,325.0,390.99,363.99,371.592
22-07 20:00:00,173.99,168.99,92.0,169.99,166.99,154.392
22-07 21:00:00,0.0,0.0,0.0,0.0,0.0,0.0
22-07 22:00:00,0.0,0.0,0.0,0.0,0.0,0.0
22-07 23:00:00,0.0,0.0,0.0,0.0,0.0,0.0
23-07 00:00:00,0.0,0.0,0.0,0.0,0.0,0.0
23-07 01:00:00,0.0,0.0,0.0,0.0,0.0,0.0
23-07 02:00:00,0.0,0.0,0.0,0.0,0.0,0.0
23-07 03:00:00,0.0,0.0,0.0,0.0,0.0,0.0
23-07 04:00:00,0.0,0.0,0.0,0.0,0.0,0.0
23-07 05:00:00,0.0,0.0,0.0,0.0,0.0,0.0
23-07 06:00:00,0.0,0.0,0.0,0.0,0.0,0.0
23-07 07:00:00,0.0,0.0,0.0,0.0,0.0,0.0
23-07 08:00:00,0.0,0.0,0.0,0.0,0.0,0.0
23-07 09:00:00,0.0,0.0,0.0,0.0,0.0,0.0
23-07 10:00:00,28.01,28.8,23.42,29.66,27.17,27.412
23-07 11:00:00,242.99,244.99,245.99,242.99,236.99,242.79000000000002
23-07 12:00:00,460.99,461.99,450.99,457.99,448.99,456.18999999999994
23-07 13:00:00,637.99,640.99,630.99,639.99,635.99,637.1899999999999
23-07 14:00:00,762.99,765.99,757.99,768.99,755.99,762.39
23-07 15:00:00,821.99,833.99,811.99,832.99,827.99,825.79
23-07 16:00:00,808.99,821.99,803.99,819.99,797.99,810.5899999999999
23-07 17:00:00,726.99,741.99,721.99,735.99,699.99,725.39
23-07 18:00:00,580.99,596.99,482.99,591.99,584.99,567.5899999999999
23-07 19:00:00,384.99,396.99,390.99,394.99,362.99,386.19
23-07 20:00:00,163.0,175.99,15.0,170.99,102.0,125.396
23-07 21:00:00,0.0,0.0,0.0,0.0,0.0,0.0
23-07 22:00:00,0.0,0.0,0.0,0.0,0.0,0.0
23-07 23:00:00,0.0,0.0,0.0,0.0,0.0,0.0
24-07 00:00:00,0.0,0.0,0.0,0.0,0.0,0.0
24-07 01:00:00,0.0,0.0,0.0,0.0,0.0,0.0
24-07 02:00:00,0.0,0.0,0.0,0.0,0.0,0.0
24-07 03:00:00,0.0,0.0,0.0,0.0,0.0,0.0
24-07 04:00:00,0.0,0.0,0.0,0.0,0.0,0.0
24-07 05:00:00,0.0,0.0,0.0,0.0,0.0,0.0
24-07 06:00:00,0.0,0.0,0.0,0.0,0.0,0.0
24-07 07:00:00,0.0,0.0,0.0,0.0,0.0,0.0
24-07 08:00:00,0.0,0.0,0.0,0.0,0.0,0.0
24-07 09:00:00,0.0,0.0,0.0,0.0,0.0,0.0
24-07 10:00:00,29.67,32.31,29.79,30.63,28.85,30.25
24-07 11:00:00,243.99,252.99,239.99,245.99,240.99,244.79000000000002
24-07 12:00:00,457.99,468.99,456.99,457.99,454.99,459.39
24-07 13:00:00,636.99,650.99,640.99,640.99,635.99,641.1899999999999
24-07 14:00:00,744.99,777.99,770.99,769.99,760.99,764.99
24-07 15:00:00,759.99,841.99,834.99,828.99,719.99,797.1899999999999
24-07 16:00:00,785.99,824.99,821.99,820.99,708.99,792.5899999999999
24-07 17:00:00,729.99,748.99,738.99,736.99,636.99,718.39
24-07 18:00:00,579.99,599.99,594.99,596.99,400.0,554.392
24-07 19:00:00,357.99,396.99,398.99,397.99,394.99,389.39
24-07 20:00:00,91.0,176.99,178.99,173.99,84.0,140.994
24-07 21:00:00,0.0,0.0,0.0,0.0,0.0,0.0
24-07 22:00:00,0.0,0.0,0.0,0.0,0.0,0.0
24-07 23:00:00,0.0,0.0,0.0,0.0,0.0,0.0
25-07 00:00:00,0.0,0.0,0.0,0.0,0.0,0.0
25-07 01:00:00,0.0,0.0,0.0,0.0,0.0,0.0
25-07 02:00:00,0.0,0.0,0.0,0.0,0.0,0.0
25-07 03:00:00,0.0,0.0,0.0,0.0,0.0,0.0
25-07 04:00:00,0.0,0.0,0.0,0.0,0.0,0.0
25-07 05:00:00,0.0,0.0,0.0,0.0,0.0,0.0
25-07 06:00:00,0.0,0.0,0.0,0.0,0.0,0.0
25-07 07:00:00,0.0,0.0,0.0,0.0,0.0,0.0
25-07 08:00:00,0.0,0.0,0.0,0.0,0.0,0.0
25-07 09:00:00,0.0,0.0,0.0,0.0,0.0,0.0
25-07 10:00:00,24.94,26.6,33.22,31.53,29.78,29.214
25-07 11:00:00,190.0,245.99,245.99,0.0,232.99,182.994
25-07 12:00:00,445.99,464.99,466.99,459.99,445.99,456.78999999999996
25-07 13:00:00,637.99,644.99,643.99,645.99,627.99,640.1899999999999
25-07 14:00:00,762.99,757.99,776.99,771.99,750.99,764.1899999999999
25-07 15:00:00,769.99,834.99,841.99,831.99,808.99,817.5899999999999
25-07 16:00:00,754.99,826.99,828.99,823.99,546.0,756.192
25-07 17:00:00,702.99,742.99,748.99,739.99,397.0,666.392
25-07 18:00:00,381.0,597.99,599.99,595.99,278.0,490.59400000000005
25-07 19:00:00,365.99,386.99,407.99,397.99,217.0,355.192
25-07 20:00:00,161.0,65.0,182.99,170.99,93.0,134.596
25-07 21:00:00,0.0,0.0,0.0,0.0,0.0,0.0
25-07 22:00:00,0.0,0.0,0.0,0.0,0.0,0.0
25-07 23:00:00,0.0,0.0,0.0,0.0,0.0,0.0
26-07 00:00:00,0.0,0.0,0.0,0.0,0.0,0.0
26-07 01:00:00,0.0,0.0,0.0,0.0,0.0,0.0
26-07 02:00:00,0.0,0.0,0.0,0.0,0.0,0.0
26-07 03:00:00,0.0,0.0,0.0,0.0,0.0,0.0
26-07 04:00:00,0.0,0.0,0.0,0.0,0.0,0.0
26-07 05:00:00,0.0,0.0,0.0,0.0,0.0,0.0
26-07 06:00:00,0.0,0.0,0.0,0.0,0.0,0.0
26-07 07:00:00,0.0,0.0,0.0,0.0,0.0,0.0
26-07 08:00:00,0.0,0.0,0.0,0.0,0.0,0.0
26-07 09:00:00,0.0,0.0,0.0,0.0,0.0,0.0
26-07 10:00:00,30.61,34.0,33.17,33.29,28.96,32.006
26-07 11:00:00,246.99,252.99,245.99,248.99,241.99,247.39000000000001
26-07 12:00:00,464.99,477.99,461.99,459.99,455.99,464.18999999999994
26-07 13:00:00,641.99,658.99,643.99,649.99,636.99,646.39
26-07 14:00:00,767.99,782.99,773.99,779.99,761.99,773.39
26-07 15:00:00,623.0,846.99,837.99,844.99,764.99,783.592
26-07 16:00:00,478.0,834.99,824.99,831.99,785.99,751.192
26-07 17:00:00,456.0,749.99,741.99,747.99,683.99,675.992
26-07 18:00:00,292.0,604.99,593.99,601.99,501.99,518.992
26-07 19:00:00,136.0,402.99,399.99,404.99,262.0,321.194
26-07 20:00:00,141.0,183.99,179.99,176.99,49.0,146.19400000000002
26-07 21:00:00,0.0,0.0,0.0,0.0,0.0,0.0
26-07 22:00:00,0.0,0.0,0.0,0.0,0.0,0.0
26-07 23:00:00,0.0,0.0,0.0,0.0,0.0,0.0
27-07 00:00:00,0.0,0.0,0.0,0.0,0.0,0.0
27-07 01:00:00,0.0,0.0,0.0,0.0,0.0,0.0
27-07 02:00:00,0.0,0.0,0.0,0.0,0.0,0.0
27-07 03:00:00,0.0,0.0,0.0,0.0,0.0,0.0
27-07 04:00:00,0.0,0.0,0.0,0.0,0.0,0.0
27-07 05:00:00,0.0,0.0,0.0,0.0,0.0,0.0
27-07 06:00:00,0.0,0.0,0.0,0.0,0.0,0.0
27-07 07:00:00,0.0,0.0,0.0,0.0,0.0,0.0
27-07 08:00:00,0.0,0.0,0.0,0.0,0.0,0.0
27-07 09:00:00,0.0,0.0,0.0,0.0,0.0,0.0
27-07 10:00:00,29.03,33.98,33.25,35.06,32.33,32.73
27-07 11:00:00,239.99,245.99,251.99,251.99,248.99,247.79000000000002
27-07 12:00:00,460.99,467.99,465.99,472.99,465.99,466.78999999999996
27-07 13:00:00,642.99,651.99,646.99,654.99,652.99,649.99
27-07 14:00:00,776.99,756.99,780.99,789.99,779.99,776.99
27-07 15:00:00,836.99,833.99,835.99,854.99,844.99,841.39
27-07 16:00:00,828.99,806.99,809.99,837.99,826.99,822.1899999999999
27-07 17:00:00,723.99,702.99,657.99,753.99,606.99,689.1899999999999
27-07 18:00:00,599.99,503.99,567.99,607.99,507.99,557.5899999999999
27-07 19:00:00,407.99,302.0,334.0,406.99,275.0,345.196
27-07 20:00:00,167.0,135.0,93.0,180.99,86.0,132.398
27-07 21:00:00,0.0,0.0,0.0,0.0,0.0,0.0
27-07 22:00:00,0.0,0.0,0.0,0.0,0.0,0.0
27-07 23:00:00,0.0,0.0,0.0,0.0,0.0,0.0
28-07 00:00:00,0.0,0.0,0.0,0.0,0.0,0.0
28-07 01:00:00,0.0,0.0,0.0,0.0,0.0,0.0
28-07 02:00:00,0.0,0.0,0.0,0.0,0.0,0.0
28-07 03:00:00,0.0,0.0,0.0,0.0,0.0,0.0
28-07 04:00:00,0.0,0.0,0.0,0.0,0.0,0.0
28-07 05:00:00,0.0,0.0,0.0,0.0,0.0,0.0
28-07 06:00:00,0.0,0.0,0.0,0.0,0.0,0.0
28-07 07:00:00,0.0,0.0,0.0,0.0,0.0,0.0
28-07 08:00:00,0.0,0.0,0.0,0.0,0.0,0.0
28-07 09:00:00,0.0,0.0,0.0,0.0,0.0,0.0
28-07 10:00:00,14.0,34.89,33.23,32.35,32.4,29.374000000000002
28-07 11:00:00,244.99,246.99,248.99,252.99,247.99,248.39000000000001
28-07 12:00:00,415.99,466.99,461.99,468.99,461.99,455.18999999999994
28-07 13:00:00,648.99,649.99,640.99,656.99,644.99,648.39
28-07 14:00:00,774.99,776.99,769.99,787.99,769.99,775.99
28-07 15:00:00,670.99,831.99,823.99,847.99,805.99,796.1899999999999
28-07 16:00:00,773.99,818.99,811.99,835.99,769.99,802.1899999999999
28-07 17:00:00,721.99,689.99,725.99,750.99,629.99,703.79
28-07 18:00:00,458.0,570.99,584.99,602.99,415.0,526.394
28-07 19:00:00,248.0,339.0,388.99,399.99,259.0,326.996
28-07 20:00:00,148.0,39.0,170.0,170.0,93.0,124.0
28-07 21:00:00,0.0,0.0,0.0,0.0,0.0,0.0
28-07 22:00:00,0.0,0.0,0.0,0.0,0.0,0.0
28-07 23:00:00,0.0,0.0,0.0,0.0,0.0,0.0
29-07 00:00:00,0.0,0.0,0.0,0.0,0.0,0.0
29-07 01:00:00,0.0,0.0,0.0,0.0,0.0,0.0
29-07 02:00:00,0.0,0.0,0.0,0.0,0.0,0.0
29-07 03:00:00,0.0,0.0,0.0,0.0,0.0,0.0
29-07 04:00:00,0.0,0.0,0.0,0.0,0.0,0.0
29-07 05:00:00,0.0,0.0,0.0,0.0,0.0,0.0
29-07 06:00:00,0.0,0.0,0.0,0.0,0.0,0.0
29-07 07:00:00,0.0,0.0,0.0,0.0,0.0,0.0
29-07 08:00:00,0.0,0.0,0.0,0.0,0.0,0.0
29-07 09:00:00,0.0,0.0,0.0,0.0,0.0,0.0
29-07 10:00:00,34.97,12.0,12.0,34.97,34.06,25.6
29-07 11:00:00,243.99,111.0,254.99,264.99,226.0,220.19400000000002
29-07 12:00:00,466.99,213.0,466.99,473.99,394.0,402.994
29-07 13:00:00,650.99,485.0,643.99,663.99,606.99,610.192
29-07 14:00:00,767.99,619.99,773.99,791.99,712.99,733.39
29-07 15:00:00,826.99,719.99,832.99,847.99,749.99,795.5899999999999
29-07 16:00:00,754.99,386.0,816.99,834.99,810.99,720.792
29-07 17:00:00,600.99,241.0,733.99,737.99,704.99,603.792
29-07 18:00:00,416.0,415.0,587.99,585.99,468.0,494.596
29-07 19:00:00,217.0,189.0,393.99,389.99,256.0,289.196
29-07 20:00:00,107.0,24.0,177.99,175.0,95.0,115.798
29-07 21:00:00,0.0,0.0,0.0,0.0,0.0,0.0
29-07 22:00:00,0.0,0.0,0.0,0.0,0.0,0.0
29-07 23:00:00,0.0,0.0,0.0,0.0,0.0,0.0
30-07 00:00:00,0.0,0.0,0.0,0.0,0.0,0.0
30-07 01:00:00,0.0,0.0,0.0,0.0,0.0,0.0
30-07 02:00:00,0.0,0.0,0.0,0.0,0.0,0.0
30-07 03:00:00,0.0,0.0,0.0,0.0,0.0,0.0
30-07 04:00:00,0.0,0.0,0.0,0.0,0.0,0.0
30-07 05:00:00,0.0,0.0,0.0,0.0,0.0,0.0
30-07 06:00:00,0.0,0.0,0.0,0.0,0.0,0.0
30-07 07:00:00,0.0,0.0,0.0,0.0,0.0,0.0
30-07 08:00:00,0.0,0.0,0.0,0.0,0.0,0.0
30-07 09:00:00,0.0,0.0,0.0,0.0,0.0,0.0
30-07 10:00:00,32.46,36.73,35.8,35.9,35.06,35.19
30-07 11:00:00,126.0,248.99,250.99,254.99,250.99,226.392
30-07 12:00:00,268.0,466.99,462.99,472.99,465.99,427.392
30-07 13:00:00,500.0,653.99,647.99,650.99,649.99,620.592
30-07 14:00:00,499.0,783.99,777.99,781.99,774.99,723.592
30-07 15:00:00,572.0,838.99,837.99,845.99,838.99,786.792
30-07 16:00:00,581.0,821.99,829.99,823.99,821.99,775.792
30-07 17:00:00,461.0,707.99,741.99,736.99,526.0,634.7940000000001
30-07 18:00:00,292.0,564.99,597.99,540.99,575.99,514.392
30-07 19:00:00,392.99,381.99,398.99,348.0,114.0,327.194
30-07 20:00:00,163.0,172.0,179.99,135.0,24.0,134.798
30-07 21:00:00,0.0,0.0,0.0,0.0,0.0,0.0
30-07 22:00:00,0.0,0.0,0.0,0.0,0.0,0.0
30-07 23:00:00,0.0,0.0,0.0,0.0,0.0,0.0
31-07 00:00:00,0.0,0.0,0.0,0.0,0.0,0.0
31-07 01:00:00,0.0,0.0,0.0,0.0,0.0,0.0
31-07 02:00:00,0.0,0.0,0.0,0.0,0.0,0.0
31-07 03:00:00,0.0,0.0,0.0,0.0,0.0,0.0
31-07 04:00:00,0.0,0.0,0.0,0.0,0.0,0.0
31-07 05:00:00,0.0,0.0,0.0,0.0,0.0,0.0
31-07 06:00:00,0.0,0.0,0.0,0.0,0.0,0.0
31-07 07:00:00,0.0,0.0,0.0,0.0,0.0,0.0
31-07 08:00:00,0.0,0.0,0.0,0.0,0.0,0.0
31-07 09:00:00,0.0,0.0,0.0,0.0,0.0,0.0
31-07 10:00:00,36.72,38.38,36.83,36.72,28.75,35.48
31-07 11:00:00,250.99,257.99,252.99,257.99,251.99,254.39000000000001
31-07 12:00:00,471.99,477.99,470.99,474.99,473.99,473.98999999999995
31-07 13:00:00,652.99,663.99,657.99,656.99,654.99,657.39
31-07 14:00:00,765.99,786.99,784.99,787.99,781.99,781.5899999999999
31-07 15:00:00,833.99,850.99,844.99,838.99,845.99,842.99
31-07 16:00:00,820.99,838.99,818.99,773.99,801.99,810.99
31-07 17:00:00,725.99,736.99,747.99,730.99,611.99,710.79
31-07 18:00:00,578.99,588.99,583.99,561.99,432.0,549.192
31-07 19:00:00,307.0,337.0,334.0,380.99,248.0,321.398
31-07 20:00:00,183.99,165.0,162.0,168.0,178.0,171.398
31-07 21:00:00,0.0,0.0,0.0,0.0,0.0,0.0
31-07 22:00:00,0.0,0.0,0.0,0.0,0.0,0.0
31-07 23:00:00,0.0,0.0,0.0,0.0,0.0,0.0
01-08 00:00:00,0.0,0.0,0.0,0.0,0.0,0.0
01-08 01:00:00,0.0,0.0,0.0,0.0,0.0,0.0
01-08 02:00:00,0.0,0.0,0.0,0.0,0.0,0.0
01-08 03:00:00,0.0,0.0,0.0,0.0,0.0,0.0
01-08 04:00:00,0.0,0.0,0.0,0.0,0.0,0.0
01-08 05:00:00,0.0,0.0,0.0,0.0,0.0,0.0
01-08 06:00:00,0.0,0.0,0.0,0.0,0.0,0.0
01-08 07:00:00,0.0,0.0,0.0,0.0,0.0,0.0
01-08 08:00:00,0.0,0.0,0.0,0.0,0.0,0.0
01-08 09:00:00,0.0,0.0,0.0,0.0,0.0,0.0
01-08 10:00:00,26.62,31.35,35.82,35.82,28.93,31.708
01-08 11:00:00,244.0,248.0,248.99,250.99,250.99,248.594
01-08 12:00:00,462.99,472.99,460.99,466.99,467.99,466.39
01-08 13:00:00,642.99,658.99,640.99,651.99,649.99,648.99
01-08 14:00:00,776.99,782.99,774.99,778.99,777.99,778.39
01-08 15:00:00,841.99,847.99,834.99,838.99,841.99,841.1899999999999
01-08 16:00:00,833.99,834.99,821.99,821.99,842.99,831.1899999999999
01-08 17:00:00,748.99,745.99,737.99,725.99,752.99,742.39
01-08 18:00:00,595.99,583.99,576.99,558.99,598.99,582.99
01-08 19:00:00,408.99,288.0,376.99,380.99,401.99,371.392
01-08 20:00:00,170.0,64.0,175.0,168.0,158.0,147.0
01-08 21:00:00,0.0,0.0,0.0,0.0,0.0,0.0
01-08 22:00:00,0.0,0.0,0.0,0.0,0.0,0.0
01-08 23:00:00,0.0,0.0,0.0,0.0,0.0,0.0
02-08 00:00:00,0.0,0.0,0.0,0.0,0.0,0.0
02-08 01:00:00,0.0,0.0,0.0,0.0,0.0,0.0
02-08 02:00:00,0.0,0.0,0.0,0.0,0.0,0.0
02-08 03:00:00,0.0,0.0,0.0,0.0,0.0,0.0
02-08 04:00:00,0.0,0.0,0.0,0.0,0.0,0.0
02-08 05:00:00,0.0,0.0,0.0,0.0,0.0,0.0
02-08 06:00:00,0.0,0.0,0.0,0.0,0.0,0.0
02-08 07:00:00,0.0,0.0,0.0,0.0,0.0,0.0
02-08 08:00:00,0.0,0.0,0.0,0.0,0.0,0.0
02-08 09:00:00,0.0,0.0,0.0,0.0,0.0,0.0
02-08 10:00:00,25.1,32.94,36.71,36.71,31.41,32.574
02-08 11:00:00,158.0,266.99,250.0,252.99,252.0,235.996
02-08 12:00:00,450.99,484.99,463.99,470.99,469.99,468.18999999999994
02-08 13:00:00,652.99,667.99,651.99,652.99,658.99,656.99
02-08 14:00:00,780.99,762.99,778.99,780.99,787.99,778.39
02-08 15:00:00,738.99,853.99,838.99,585.0,852.99,773.992
02-08 16:00:00,745.99,845.99,825.99,688.99,848.99,791.1899999999999
02-08 17:00:00,568.0,759.99,745.99,533.0,761.99,673.7940000000001
02-08 18:00:00,566.99,614.99,593.99,495.0,606.99,575.592
02-08 19:00:00,202.0,409.99,398.99,155.0,410.99,315.394
02-08 20:00:00,109.0,184.0,177.0,78.0,186.0,146.8
02-08 21:00:00,0.0,0.0,0.0,0.0,0.0,0.0
02-08 22:00:00,0.0,0.0,0.0,0.0,0.0,0.0
02-08 23:00:00,0.0,0.0,0.0,0.0,0.0,0.0
03-08 00:00:00,0.0,0.0,0.0,0.0,0.0,0.0
03-08 01:00:00,0.0,0.0,0.0,0.0,0.0,0.0
03-08 02:00:00,0.0,0.0,0.0,0.0,0.0,0.0
03-08 03:00:00,0.0,0.0,0.0,0.0,0.0,0.0
03-08 04:00:00,0.0,0.0,0.0,0.0,0.0,0.0
03-08 05:00:00,0.0,0.0,0.0,0.0,0.0,0.0
03-08 06:00:00,0.0,0.0,0.0,0.0,0.0,0.0
03-08 07:00:00,0.0,0.0,0.0,0.0,0.0,0.0
03-08 08:00:00,0.0,0.0,0.0,0.0,0.0,0.0
03-08 09:00:00,0.0,0.0,0.0,0.0,0.0,0.0
03-08 10:00:00,30.84,32.36,37.6,38.39,32.36,34.31
03-08 11:00:00,253.99,253.0,253.0,255.99,257.99,254.794
03-08 12:00:00,476.99,480.99,467.99,471.99,474.99,474.59
03-08 13:00:00,646.99,664.99,652.99,657.99,661.99,656.99
03-08 14:00:00,777.99,797.99,783.99,785.99,794.99,788.1899999999999
03-08 15:00:00,837.99,858.99,839.99,845.99,859.99,848.5899999999999
03-08 16:00:00,833.99,845.99,831.99,832.99,855.99,840.1899999999999
03-08 17:00:00,752.99,763.99,742.99,747.99,764.99,754.5899999999999
03-08 18:00:00,592.99,612.99,587.99,595.99,612.99,600.5899999999999
03-08 19:00:00,384.99,410.99,381.99,383.99,414.99,395.39
03-08 20:00:00,152.0,187.0,168.0,167.0,188.0,172.4
03-08 21:00:00,0.0,0.0,0.0,0.0,0.0,0.0
03-08 22:00:00,0.0,0.0,0.0,0.0,0.0,0.0
03-08 23:00:00,0.0,0.0,0.0,0.0,0.0,0.0
04-08 00:00:00,0.0,0.0,0.0,0.0,0.0,0.0
04-08 01:00:00,0.0,0.0,0.0,0.0,0.0,0.0
04-08 02:00:00,0.0,0.0,0.0,0.0,0.0,0.0
04-08 03:00:00,0.0,0.0,0.0,0.0,0.0,0.0
04-08 04:00:00,0.0,0.0,0.0,0.0,0.0,0.0
04-08 05:00:00,0.0,0.0,0.0,0.0,0.0,0.0
04-08 06:00:00,0.0,0.0,0.0,0.0,0.0,0.0
04-08 07:00:00,0.0,0.0,0.0,0.0,0.0,0.0
04-08 08:00:00,0.0,0.0,0.0,0.0,0.0,0.0
04-08 09:00:00,0.0,0.0,0.0,0.0,0.0,0.0
04-08 10:00:00,27.06,36.35,37.74,40.09,30.29,34.306
04-08 11:00:00,265.99,270.99,259.99,259.99,259.99,263.39
04-08 12:00:00,462.99,493.99,463.99,468.99,476.99,473.39
04-08 13:00:00,630.99,677.99,655.99,659.99,666.99,658.39
04-08 14:00:00,774.99,812.99,769.99,791.99,686.99,767.39
04-08 15:00:00,829.99,874.99,828.99,852.99,756.99,828.79
04-08 16:00:00,786.99,856.99,803.99,839.99,852.99,828.1899999999999
04-08 17:00:00,640.99,773.99,706.99,753.99,633.99,701.99
04-08 18:00:00,518.99,623.99,417.0,597.99,170.0,465.59400000000005
04-08 19:00:00,299.0,419.99,111.0,395.99,323.0,309.796
04-08 20:00:00,19.0,193.0,93.0,167.0,173.0,129.0
04-08 21:00:00,0.0,0.0,0.0,0.0,0.0,0.0
04-08 22:00:00,0.0,0.0,0.0,0.0,0.0,0.0
04-08 23:00:00,0.0,0.0,0.0,0.0,0.0,0.0
05-08 00:00:00,0.0,0.0,0.0,0.0,0.0,0.0
05-08 01:00:00,0.0,0.0,0.0,0.0,0.0,0.0
05-08 02:00:00,0.0,0.0,0.0,0.0,0.0,0.0
05-08 03:00:00,0.0,0.0,0.0,0.0,0.0,0.0
05-08 04:00:00,0.0,0.0,0.0,0.0,0.0,0.0
05-08 05:00:00,0.0,0.0,0.0,0.0,0.0,0.0
05-08 06:00:00,0.0,0.0,0.0,0.0,0.0,0.0
05-08 07:00:00,0.0,0.0,0.0,0.0,0.0,0.0
05-08 08:00:00,0.0,0.0,0.0,0.0,0.0,0.0
05-08 09:00:00,0.0,0.0,0.0,0.0,0.0,0.0
05-08 10:00:00,25.34,36.54,30.34,40.98,22.6,31.159999999999997
05-08 11:00:00,181.0,263.0,250.0,255.0,235.0,236.8
05-08 12:00:00,406.0,494.99,475.99,479.99,459.99,463.392
05-08 13:00:00,608.99,677.99,660.99,659.99,513.0,624.192
05-08 14:00:00,759.99,816.99,755.99,778.99,768.99,776.1899999999999
05-08 15:00:00,552.0,877.99,881.99,811.99,663.0,757.394
05-08 16:00:00,728.99,868.99,831.99,746.99,847.99,804.99
05-08 17:00:00,480.0,780.99,725.99,701.99,471.0,631.994
05-08 18:00:00,202.0,630.99,229.0,527.99,390.0,395.996
05-08 19:00:00,235.0,423.99,352.0,335.0,232.0,315.598
05-08 20:00:00,32.0,198.0,153.0,135.0,152.0,134.0
05-08 21:00:00,0.0,0.0,0.0,0.0,0.0,0.0
05-08 22:00:00,0.0,0.0,0.0,0.0,0.0,0.0
05-08 23:00:00,0.0,0.0,0.0,0.0,0.0,0.0
06-08 00:00:00,0.0,0.0,0.0,0.0,0.0,0.0
06-08 01:00:00,0.0,0.0,0.0,0.0,0.0,0.0
06-08 02:00:00,0.0,0.0,0.0,0.0,0.0,0.0
06-08 03:00:00,0.0,0.0,0.0,0.0,0.0,0.0
06-08 04:00:00,0.0,0.0,0.0,0.0,0.0,0.0
06-08 05:00:00,0.0,0.0,0.0,0.0,0.0,0.0
06-08 06:00:00,0.0,0.0,0.0,0.0,0.0,0.0
06-08 07:00:00,0.0,0.0,0.0,0.0,0.0,0.0
06-08 08:00:00,0.0,0.0,0.0,0.0,0.0,0.0
06-08 09:00:00,0.0,0.0,0.0,0.0,0.0,0.0
06-08 10:00:00,33.59,38.24,42.69,42.69,34.35,38.312
06-08 11:00:00,253.0,267.0,229.0,265.0,259.0,254.6
06-08 12:00:00,438.99,488.99,431.99,481.99,475.99,463.59
06-08 13:00:00,603.99,677.99,567.99,669.99,664.99,636.99
06-08 14:00:00,679.99,815.99,697.99,802.99,796.99,758.79
06-08 15:00:00,771.99,877.99,701.99,858.99,857.99,813.79
06-08 16:00:00,724.99,863.99,743.99,850.99,853.99,807.5899999999999
06-08 17:00:00,697.99,776.99,724.99,759.99,770.99,746.1899999999999
06-08 18:00:00,425.0,629.99,514.0,608.99,614.99,558.594
06-08 19:00:00,287.0,421.99,312.0,368.0,416.99,361.196
06-08 20:00:00,141.0,194.0,127.0,180.0,190.0,166.4
06-08 21:00:00,0.0,0.0,0.0,0.0,0.0,0.0
06-08 22:00:00,0.0,0.0,0.0,0.0,0.0,0.0
06-08 23:00:00,0.0,0.0,0.0,0.0,0.0,0.0
07-08 00:00:00,0.0,0.0,0.0,0.0,0.0,0.0
07-08 01:00:00,0.0,0.0,0.0,0.0,0.0,0.0
07-08 02:00:00,0.0,0.0,0.0,0.0,0.0,0.0
07-08 03:00:00,0.0,0.0,0.0,0.0,0.0,0.0
07-08 04:00:00,0.0,0.0,0.0,0.0,0.0,0.0
07-08 05:00:00,0.0,0.0,0.0,0.0,0.0,0.0
07-08 06:00:00,0.0,0.0,0.0,0.0,0.0,0.0
07-08 07:00:00,0.0,0.0,0.0,0.0,0.0,0.0
07-08 08:00:00,0.0,0.0,0.0,0.0,0.0,0.0
07-08 09:00:00,0.0,0.0,0.0,0.0,0.0,0.0
07-08 10:00:00,33.8,40.53,33.04,43.58,38.33,37.855999999999995
07-08 11:00:00,262.0,272.99,167.0,266.0,263.0,246.198
07-08 12:00:00,479.99,494.99,216.0,483.99,480.99,431.192
07-08 13:00:00,662.99,676.99,371.0,670.99,674.99,611.392
07-08 14:00:00,798.99,814.99,734.99,799.99,804.99,790.79
07-08 15:00:00,858.99,866.99,790.99,864.99,865.99,849.5899999999999
07-08 16:00:00,854.99,816.99,693.99,846.99,865.99,815.79
07-08 17:00:00,775.99,729.99,461.0,760.99,773.99,700.392
07-08 18:00:00,618.99,579.99,439.0,609.99,616.99,572.992
07-08 19:00:00,414.99,313.0,297.0,360.0,416.99,360.396
07-08 20:00:00,186.0,183.0,40.0,163.0,184.0,151.2
07-08 21:00:00,0.0,0.0,0.0,0.0,0.0,0.0
07-08 22:00:00,0.0,0.0,0.0,0.0,0.0,0.0
07-08 23:00:00,0.0,0.0,0.0,0.0,0.0,0.0
08-08 00:00:00,0.0,0.0,0.0,0.0,0.0,0.0
08-08 01:00:00,0.0,0.0,0.0,0.0,0.0,0.0
08-08 02:00:00,0.0,0.0,0.0,0.0,0.0,0.0
08-08 03:00:00,0.0,0.0,0.0,0.0,0.0,0.0
08-08 04:00:00,0.0,0.0,0.0,0.0,0.0,0.0
08-08 05:00:00,0.0,0.0,0.0,0.0,0.0,0.0
08-08 06:00:00,0.0,0.0,0.0,0.0,0.0,0.0
08-08 07:00:00,0.0,0.0,0.0,0.0,0.0,0.0
08-08 08:00:00,0.0,0.0,0.0,0.0,0.0,0.0
08-08 09:00:00,0.0,0.0,0.0,0.0,0.0,0.0
08-08 10:00:00,37.66,40.04,45.31,41.36,38.42,40.55800000000001
08-08 11:00:00,268.0,270.0,262.0,248.0,266.0,262.8
08-08 12:00:00,489.99,486.99,476.99,491.99,486.99,486.59
08-08 13:00:00,678.99,673.99,671.99,648.99,675.99,669.99
08-08 14:00:00,807.99,711.99,804.99,794.99,804.99,784.99
08-08 15:00:00,877.99,801.99,864.99,849.99,865.99,852.1899999999999
08-08 16:00:00,868.99,784.99,855.99,836.99,860.99,841.5899999999999
08-08 17:00:00,788.99,708.99,768.99,734.99,772.99,754.99
08-08 18:00:00,629.99,565.99,619.99,581.99,613.99,602.39
08-08 19:00:00,425.99,384.99,421.99,243.0,418.99,378.992
08-08 20:00:00,191.0,182.0,194.0,149.0,189.0,181.0
08-08 21:00:00,0.0,0.0,0.0,0.0,0.0,0.0
08-08 22:00:00,0.0,0.0,0.0,0.0,0.0,0.0
08-08 23:00:00,0.0,0.0,0.0,0.0,0.0,0.0
09-08 00:00:00,0.0,0.0,0.0,0.0,0.0,0.0
09-08 01:00:00,0.0,0.0,0.0,0.0,0.0,0.0
09-08 02:00:00,0.0,0.0,0.0,0.0,0.0,0.0
09-08 03:00:00,0.0,0.0,0.0,0.0,0.0,0.0
09-08 04:00:00,0.0,0.0,0.0,0.0,0.0,0.0
09-08 05:00:00,0.0,0.0,0.0,0.0,0.0,0.0
09-08 06:00:00,0.0,0.0,0.0,0.0,0.0,0.0
09-08 07:00:00,0.0,0.0,0.0,0.0,0.0,0.0
09-08 08:00:00,0.0,0.0,0.0,0.0,0.0,0.0
09-08 09:00:00,0.0,0.0,0.0,0.0,0.0,0.0
09-08 10:00:00,37.11,42.42,45.42,43.83,40.14,41.784000000000006
09-08 11:00:00,274.0,275.0,268.0,261.0,268.0,269.2
09-08 12:00:00,492.99,499.99,482.99,477.99,486.99,488.18999999999994
09-08 13:00:00,677.99,682.99,671.99,645.99,677.99,671.39
09-08 14:00:00,780.99,559.0,795.99,777.99,797.99,742.392
09-08 15:00:00,808.99,697.0,795.99,841.99,861.99,801.192
09-08 16:00:00,714.99,707.99,814.99,818.99,857.99,782.99
09-08 17:00:00,706.99,660.99,675.99,696.99,778.99,703.99
09-08 18:00:00,582.99,442.0,557.99,505.0,617.99,541.1940000000001
09-08 19:00:00,415.99,142.0,323.0,196.0,415.99,298.596
09-08 20:00:00,159.0,168.0,103.0,86.0,178.0,138.8
09-08 21:00:00,0.0,0.0,0.0,0.0,0.0,0.0
09-08 22:00:00,0.0,0.0,0.0,0.0,0.0,0.0
09-08 23:00:00,0.0,0.0,0.0,0.0,0.0,0.0
10-08 00:00:00,0.0,0.0,0.0,0.0,0.0,0.0
10-08 01:00:00,0.0,0.0,0.0,0.0,0.0,0.0
10-08 02:00:00,0.0,0.0,0.0,0.0,0.0,0.0
10-08 03:00:00,0.0,0.0,0.0,0.0,0.0,0.0
10-08 04:00:00,0.0,0.0,0.0,0.0,0.0,0.0
10-08 05:00:00,0.0,0.0,0.0,0.0,0.0,0.0
10-08 06:00:00,0.0,0.0,0.0,0.0,0.0,0.0
10-08 07:00:00,0.0,0.0,0.0,0.0,0.0,0.0
10-08 08:00:00,0.0,0.0,0.0,0.0,0.0,0.0
10-08 09:00:00,0.0,0.0,0.0,0.0,0.0,0.0
10-08 10:00:00,38.98,42.72,26.58,40.24,44.01,38.50599999999999
10-08 11:00:00,271.0,280.0,215.0,123.0,272.0,232.2
10-08 12:00:00,495.99,496.99,479.99,301.0,487.99,452.392
10-08 13:00:00,685.99,678.99,674.99,469.0,673.99,636.592
10-08 14:00:00,652.0,725.99,802.99,572.0,806.99,711.994
10-08 15:00:00,772.99,841.99,549.0,527.0,866.99,711.594
10-08 16:00:00,737.99,811.99,514.0,720.99,862.99,729.592
10-08 17:00:00,646.99,748.99,430.0,662.99,766.99,651.192
10-08 18:00:00,525.0,585.99,412.0,576.99,614.99,542.994
10-08 19:00:00,310.0,317.0,212.0,252.0,394.99,297.198
10-08 20:00:00,185.0,37.0,36.0,27.0,151.0,87.2
10-08 21:00:00,0.0,0.0,0.0,0.0,0.0,0.0
10-08 22:00:00,0.0,0.0,0.0,0.0,0.0,0.0
10-08 23:00:00,0.0,0.0,0.0,0.0,0.0,0.0
11-08 00:00:00,0.0,0.0,0.0,0.0,0.0,0.0
11-08 01:00:00,0.0,0.0,0.0,0.0,0.0,0.0
11-08 02:00:00,0.0,0.0,0.0,0.0,0.0,0.0
11-08 03:00:00,0.0,0.0,0.0,0.0,0.0,0.0
11-08 04:00:00,0.0,0.0,0.0,0.0,0.0,0.0
11-08 05:00:00,0.0,0.0,0.0,0.0,0.0,0.0
11-08 06:00:00,0.0,0.0,0.0,0.0,0.0,0.0
11-08 07:00:00,0.0,0.0,0.0,0.0,0.0,0.0
11-08 08:00:00,0.0,0.0,0.0,0.0,0.0,0.0
11-08 09:00:00,0.0,0.0,0.0,0.0,0.0,0.0
11-08 10:00:00,39.81,45.84,50.45,49.65,46.47,46.444
11-08 11:00:00,270.0,284.0,274.0,233.0,261.0,264.4
11-08 12:00:00,493.99,504.99,491.99,509.99,391.0,478.392
11-08 13:00:00,677.99,688.99,682.99,686.99,562.0,659.792
11-08 14:00:00,797.99,813.99,815.99,825.99,752.99,801.39
11-08 15:00:00,870.99,877.99,871.99,744.99,868.99,846.99
11-08 16:00:00,828.99,817.99,857.99,779.99,830.99,823.1899999999999
11-08 17:00:00,760.99,633.0,770.99,683.99,627.0,695.1940000000001
11-08 18:00:00,620.99,573.99,618.99,589.99,615.99,603.99
11-08 19:00:00,401.99,288.0,409.99,417.99,150.0,333.594
11-08 20:00:00,163.0,121.0,181.0,199.0,170.0,166.8
11-08 21:00:00,0.0,0.0,0.0,0.0,0.0,0.0
11-08 22:00:00,0.0,0.0,0.0,0.0,0.0,0.0
11-08 23:00:00,0.0,0.0,0.0,0.0,0.0,0.0
12-08 00:00:00,0.0,0.0,0.0,0.0,0.0,0.0
12-08 01:00:00,0.0,0.0,0.0,0.0,0.0,0.0
12-08 02:00:00,0.0,0.0,0.0,0.0,0.0,0.0
12-08 03:00:00,0.0,0.0,0.0,0.0,0.0,0.0
12-08 04:00:00,0.0,0.0,0.0,0.0,0.0,0.0
12-08 05:00:00,0.0,0.0,0.0,0.0,0.0,0.0
12-08 06:00:00,0.0,0.0,0.0,0.0,0.0,0.0
12-08 07:00:00,0.0,0.0,0.0,0.0,0.0,0.0
12-08 08:00:00,0.0,0.0,0.0,0.0,0.0,0.0
12-08 09:00:00,0.0,0.0,0.0,0.0,0.0,0.0
12-08 10:00:00,41.68,46.8,52.94,45.4,51.36,47.636
12-08 11:00:00,277.0,284.0,286.0,283.0,271.0,280.2
12-08 12:00:00,492.99,502.99,506.99,510.99,489.99,500.78999999999996
12-08 13:00:00,682.99,681.99,694.99,706.99,682.99,689.99
12-08 14:00:00,816.99,817.99,833.99,847.99,764.99,816.39
12-08 15:00:00,876.99,882.99,885.99,909.99,544.0,819.992
12-08 16:00:00,857.99,863.99,870.99,894.99,290.0,755.592
12-08 17:00:00,782.99,779.99,777.99,803.99,343.0,697.592
12-08 18:00:00,634.99,625.99,624.99,632.99,448.0,593.392
12-08 19:00:00,424.99,421.99,418.99,439.99,333.0,407.79200000000003
12-08 20:00:00,187.0,191.0,187.0,121.0,198.0,176.8
12-08 21:00:00,0.0,0.0,0.0,0.0,0.0,0.0
12-08 22:00:00,0.0,0.0,0.0,0.0,0.0,0.0
12-08 23:00:00,0.0,0.0,0.0,0.0,0.0,0.0
13-08 00:00:00,0.0,0.0,0.0,0.0,0.0,0.0
13-08 01:00:00,0.0,0.0,0.0,0.0,0.0,0.0
13-08 02:00:00,0.0,0.0,0.0,0.0,0.0,0.0
13-08 03:00:00,0.0,0.0,0.0,0.0,0.0,0.0
13-08 04:00:00,0.0,0.0,0.0,0.0,0.0,0.0
13-08 05:00:00,0.0,0.0,0.0,0.0,0.0,0.0
13-08 06:00:00,0.0,0.0,0.0,0.0,0.0,0.0
13-08 07:00:00,0.0,0.0,0.0,0.0,0.0,0.0
13-08 08:00:00,0.0,0.0,0.0,0.0,0.0,0.0
13-08 09:00:00,0.0,0.0,0.0,0.0,0.0,0.0
13-08 10:00:00,44.01,43.4,53.06,50.68,37.26,45.682
13-08 11:00:00,279.0,272.0,276.0,280.0,277.0,276.8
13-08 12:00:00,502.99,509.99,488.99,504.99,496.99,500.78999999999996
13-08 13:00:00,688.99,689.99,688.99,694.99,687.99,690.1899999999999
13-08 14:00:00,822.99,832.99,817.99,828.99,821.99,824.99
13-08 15:00:00,868.99,868.99,882.99,884.99,857.99,872.79
13-08 16:00:00,872.99,863.99,867.99,855.99,794.99,851.1899999999999
13-08 17:00:00,792.99,784.99,775.99,740.99,705.99,760.1899999999999
13-08 18:00:00,632.99,632.99,622.99,581.99,511.0,596.392
13-08 19:00:00,421.99,419.99,412.99,314.0,106.0,334.994
13-08 20:00:00,186.0,187.0,179.0,158.0,124.0,166.8
13-08 21:00:00,0.0,0.0,0.0,0.0,0.0,0.0
13-08 22:00:00,0.0,0.0,0.0,0.0,0.0,0.0
13-08 23:00:00,0.0,0.0,0.0,0.0,0.0,0.0
14-08 00:00:00,0.0,0.0,0.0,0.0,0.0,0.0
14-08 01:00:00,0.0,0.0,0.0,0.0,0.0,0.0
14-08 02:00:00,0.0,0.0,0.0,0.0,0.0,0.0
14-08 03:00:00,0.0,0.0,0.0,0.0,0.0,0.0
14-08 04:00:00,0.0,0.0,0.0,0.0,0.0,0.0
14-08 05:00:00,0.0,0.0,0.0,0.0,0.0,0.0
14-08 06:00:00,0.0,0.0,0.0,0.0,0.0,0.0
14-08 07:00:00,0.0,0.0,0.0,0.0,0.0,0.0
14-08 08:00:00,0.0,0.0,0.0,0.0,0.0,0.0
14-08 09:00:00,0.0,0.0,0.0,0.0,0.0,0.0
14-08 10:00:00,47.24,51.65,54.78,43.65,36.54,46.772000000000006
14-08 11:00:00,286.0,293.0,280.0,283.0,266.0,281.6
14-08 12:00:00,509.99,513.99,502.99,504.99,440.0,494.392
14-08 13:00:00,696.99,694.99,694.99,693.99,673.99,690.99
14-08 14:00:00,831.99,827.99,823.99,827.99,816.99,825.79
14-08 15:00:00,892.99,887.99,884.99,887.99,872.99,885.39
14-08 16:00:00,881.99,867.99,869.99,858.99,687.0,833.192
14-08 17:00:00,779.99,783.99,776.99,771.99,396.0,701.792
14-08 18:00:00,611.99,632.99,623.99,622.99,125.0,523.392
14-08 19:00:00,407.99,419.99,406.99,417.99,314.0,393.392
14-08 20:00:00,180.0,193.0,130.0,186.0,96.0,157.0
14-08 21:00:00,0.0,0.0,0.0,0.0,0.0,0.0
14-08 22:00:00,0.0,0.0,0.0,0.0,0.0,0.0
14-08 23:00:00,0.0,0.0,0.0,0.0,0.0,0.0
15-08 00:00:00,0.0,0.0,0.0,0.0,0.0,0.0
15-08 01:00:00,0.0,0.0,0.0,0.0,0.0,0.0
15-08 02:00:00,0.0,0.0,0.0,0.0,0.0,0.0
15-08 03:00:00,0.0,0.0,0.0,0.0,0.0,0.0
15-08 04:00:00,0.0,0.0,0.0,0.0,0.0,0.0
15-08 05:00:00,0.0,0.0,0.0,0.0,0.0,0.0
15-08 06:00:00,0.0,0.0,0.0,0.0,0.0,0.0
15-08 07:00:00,0.0,0.0,0.0,0.0,0.0,0.0
15-08 08:00:00,0.0,0.0,0.0,0.0,0.0,0.0
15-08 09:00:00,0.0,0.0,0.0,0.0,0.0,0.0
15-08 10:00:00,54.0,57.0,64.0,49.0,28.0,50.4
15-08 11:00:00,286.0,291.0,283.0,288.0,107.0,251.0
15-08 12:00:00,509.99,511.99,507.99,511.99,174.0,443.192
15-08 13:00:00,695.99,701.99,697.99,701.99,335.0,626.592
15-08 14:00:00,829.99,835.99,827.99,836.99,499.0,765.992
15-08 15:00:00,898.99,896.99,877.99,892.99,298.0,772.992
15-08 16:00:00,892.99,880.99,789.99,877.99,270.0,742.392
15-08 17:00:00,806.99,790.99,688.99,787.99,333.0,681.592
15-08 18:00:00,609.99,638.99,595.99,636.99,147.0,525.792
15-08 19:00:00,411.99,426.99,404.99,427.99,70.0,348.392
15-08 20:00:00,184.0,196.0,152.0,192.0,30.0,150.8
15-08 21:00:00,0.0,0.0,0.0,0.0,0.0,0.0
15-08 22:00:00,0.0,0.0,0.0,0.0,0.0,0.0
15-08 23:00:00,0.0,0.0,0.0,0.0,0.0,0.0
16-08 00:00:00,0.0,0.0,0.0,0.0,0.0,0.0
16-08 01:00:00,0.0,0.0,0.0,0.0,0.0,0.0
16-08 02:00:00,0.0,0.0,0.0,0.0,0.0,0.0
16-08 03:00:00,0.0,0.0,0.0,0.0,0.0,0.0
16-08 04:00:00,0.0,0.0,0.0,0.0,0.0,0.0
16-08 05:00:00,0.0,0.0,0.0,0.0,0.0,0.0
16-08 06:00:00,0.0,0.0,0.0,0.0,0.0,0.0
16-08 07:00:00,0.0,0.0,0.0,0.0,0.0,0.0
16-08 08:00:00,0.0,0.0,0.0,0.0,0.0,0.0
16-08 09:00:00,0.0,0.0,0.0,0.0,0.0,0.0
16-08 10:00:00,52.0,62.0,67.0,18.0,42.0,48.2
16-08 11:00:00,283.0,295.0,287.0,162.0,212.0,247.8
16-08 12:00:00,503.99,523.99,508.99,345.0,405.0,457.39400000000006
16-08 13:00:00,698.99,698.99,701.99,596.0,535.0,646.1940000000001
16-08 14:00:00,836.99,826.99,830.99,833.99,530.0,771.792
16-08 15:00:00,896.99,876.99,885.99,893.99,656.0,841.992
16-08 16:00:00,852.99,815.99,792.99,882.99,397.0,748.392
16-08 17:00:00,774.99,719.99,699.99,788.99,708.99,738.5899999999999
16-08 18:00:00,480.0,571.99,571.99,569.99,227.0,484.1940000000001
16-08 19:00:00,362.0,350.0,326.0,284.0,199.0,304.2
16-08 20:00:00,115.0,166.0,172.0,112.0,17.0,116.4
16-08 21:00:00,0.0,0.0,0.0,0.0,0.0,0.0
16-08 22:00:00,0.0,0.0,0.0,0.0,0.0,0.0
16-08 23:00:00,0.0,0.0,0.0,0.0,0.0,0.0
17-08 00:00:00,0.0,0.0,0.0,0.0,0.0,0.0
17-08 01:00:00,0.0,0.0,0.0,0.0,0.0,0.0
17-08 02:00:00,0.0,0.0,0.0,0.0,0.0,0.0
17-08 03:00:00,0.0,0.0,0.0,0.0,0.0,0.0
17-08 04:00:00,0.0,0.0,0.0,0.0,0.0,0.0
17-08 05:00:00,0.0,0.0,0.0,0.0,0.0,0.0
17-08 06:00:00,0.0,0.0,0.0,0.0,0.0,0.0
17-08 07:00:00,0.0,0.0,0.0,0.0,0.0,0.0
17-08 08:00:00,0.0,0.0,0.0,0.0,0.0,0.0
17-08 09:00:00,0.0,0.0,0.0,0.0,0.0,0.0
17-08 10:00:00,58.0,63.0,36.0,50.0,48.0,51.0
17-08 11:00:00,282.0,294.0,244.0,288.0,285.0,278.6
17-08 12:00:00,491.99,518.99,508.99,505.99,503.99,505.98999999999995
17-08 13:00:00,686.99,664.99,708.99,704.99,697.99,692.79
17-08 14:00:00,830.99,798.99,834.99,838.99,831.99,827.1899999999999
17-08 15:00:00,890.99,824.99,889.99,888.99,844.99,867.99
17-08 16:00:00,617.0,823.99,878.99,868.99,801.99,798.192
17-08 17:00:00,665.99,690.99,747.99,779.99,614.0,699.792
17-08 18:00:00,521.0,560.99,464.0,589.99,483.0,523.796
17-08 19:00:00,289.0,367.0,385.0,422.99,246.0,341.998
17-08 20:00:00,87.0,175.0,158.0,197.0,30.0,129.4
17-08 21:00:00,0.0,0.0,0.0,0.0,0.0,0.0
17-08 22:00:00,0.0,0.0,0.0,0.0,0.0,0.0
17-08 23:00:00,0.0,0.0,0.0,0.0,0.0,0.0
18-08 00:00:00,0.0,0.0,0.0,0.0,0.0,0.0
18-08 01:00:00,0.0,0.0,0.0,0.0,0.0,0.0
18-08 02:00:00,0.0,0.0,0.0,0.0,0.0,0.0
18-08 03:00:00,0.0,0.0,0.0,0.0,0.0,0.0
18-08 04:00:00,0.0,0.0,0.0,0.0,0.0,0.0
18-08 05:00:00,0.0,0.0,0.0,0.0,0.0,0.0
18-08 06:00:00,0.0,0.0,0.0,0.0,0.0,0.0
18-08 07:00:00,0.0,0.0,0.0,0.0,0.0,0.0
18-08 08:00:00,0.0,0.0,0.0,0.0,0.0,0.0
18-08 09:00:00,0.0,0.0,0.0,0.0,0.0,0.0
18-08 10:00:00,69.0,69.0,72.0,55.0,56.0,64.2
18-08 11:00:00,268.0,301.0,295.0,293.0,289.0,289.2
18-08 12:00:00,482.99,521.99,517.99,518.99,507.99,509.98999999999995
18-08 13:00:00,688.99,708.99,711.99,716.99,698.99,705.1899999999999
18-08 14:00:00,833.99,838.99,845.99,842.99,558.0,783.992
18-08 15:00:00,850.99,897.99,901.99,902.99,741.99,859.1899999999999
18-08 16:00:00,847.99,871.99,885.99,886.99,806.99,859.99
18-08 17:00:00,634.0,786.99,790.99,795.99,702.99,742.192
18-08 18:00:00,282.0,634.99,620.99,632.99,590.99,552.392
18-08 19:00:00,268.0,424.99,377.0,396.0,386.0,370.398
18-08 20:00:00,18.0,197.0,180.0,151.0,119.0,133.0
18-08 21:00:00,0.0,0.0,0.0,0.0,0.0,0.0
18-08 22:00:00,0.0,0.0,0.0,0.0,0.0,0.0
18-08 23:00:00,0.0,0.0,0.0,0.0,0.0,0.0
19-08 00:00:00,0.0,0.0,0.0,0.0,0.0,0.0
19-08 01:00:00,0.0,0.0,0.0,0.0,0.0,0.0
19-08 02:00:00,0.0,0.0,0.0,0.0,0.0,0.0
19-08 03:00:00,0.0,0.0,0.0,0.0,0.0,0.0
19-08 04:00:00,0.0,0.0,0.0,0.0,0.0,0.0
19-08 05:00:00,0.0,0.0,0.0,0.0,0.0,0.0
19-08 06:00:00,0.0,0.0,0.0,0.0,0.0,0.0
19-08 07:00:00,0.0,0.0,0.0,0.0,0.0,0.0
19-08 08:00:00,0.0,0.0,0.0,0.0,0.0,0.0
19-08 09:00:00,0.0,0.0,0.0,0.0,0.0,0.0
19-08 10:00:00,42.0,70.0,76.0,59.0,23.0,54.0
19-08 11:00:00,260.0,305.0,300.0,298.0,193.0,271.2
19-08 12:00:00,516.99,526.99,526.99,517.99,474.0,512.592
19-08 13:00:00,698.99,714.99,722.99,707.99,694.99,707.99
19-08 14:00:00,830.99,843.99,853.99,827.99,696.0,810.592
19-08 15:00:00,555.0,902.99,918.99,881.99,541.0,759.994
19-08 16:00:00,313.0,886.99,906.99,865.99,677.0,729.994
19-08 17:00:00,351.0,799.99,809.99,776.99,713.99,690.392
19-08 18:00:00,347.0,635.99,650.99,612.99,582.99,565.992
19-08 19:00:00,74.0,424.99,438.99,403.0,349.0,337.996
19-08 20:00:00,17.0,193.0,188.0,169.0,188.0,151.0
19-08 21:00:00,0.0,0.0,0.0,0.0,0.0,0.0
19-08 22:00:00,0.0,0.0,0.0,0.0,0.0,0.0
19-08 23:00:00,0.0,0.0,0.0,0.0,0.0,0.0
20-08 00:00:00,0.0,0.0,0.0,0.0,0.0,0.0
20-08 01:00:00,0.0,0.0,0.0,0.0,0.0,0.0
20-08 02:00:00,0.0,0.0,0.0,0.0,0.0,0.0
20-08 03:00:00,0.0,0.0,0.0,0.0,0.0,0.0
20-08 04:00:00,0.0,0.0,0.0,0.0,0.0,0.0
20-08 05:00:00,0.0,0.0,0.0,0.0,0.0,0.0
20-08 06:00:00,0.0,0.0,0.0,0.0,0.0,0.0
20-08 07:00:00,0.0,0.0,0.0,0.0,0.0,0.0
20-08 08:00:00,0.0,0.0,0.0,0.0,0.0,0.0
20-08 09:00:00,0.0,0.0,0.0,0.0,0.0,0.0
20-08 10:00:00,12.0,71.0,77.0,60.0,43.0,52.6
20-08 11:00:00,30.0,306.0,289.0,298.0,253.0,235.2
20-08 12:00:00,47.0,533.99,519.99,518.99,512.99,426.592
20-08 13:00:00,136.0,714.99,720.99,707.99,696.99,595.392
20-08 14:00:00,709.99,843.99,854.99,836.99,805.99,810.39
20-08 15:00:00,875.99,902.99,914.99,885.99,688.0,853.592
20-08 16:00:00,827.99,881.99,902.99,873.99,765.99,850.5899999999999
20-08 17:00:00,534.0,786.99,801.99,775.99,233.0,626.394
20-08 18:00:00,426.0,627.99,651.99,622.99,349.0,535.594
20-08 19:00:00,138.0,409.0,431.99,392.0,341.0,342.398
20-08 20:00:00,18.0,179.0,202.0,169.0,152.0,144.0
20-08 21:00:00,0.0,0.0,0.0,0.0,0.0,0.0
20-08 22:00:00,0.0,0.0,0.0,0.0,0.0,0.0
20-08 23:00:00,0.0,0.0,0.0,0.0,0.0,0.0
21-08 00:00:00,0.0,0.0,0.0,0.0,0.0,0.0
21-08 01:00:00,0.0,0.0,0.0,0.0,0.0,0.0
21-08 02:00:00,0.0,0.0,0.0,0.0,0.0,0.0
21-08 03:00:00,0.0,0.0,0.0,0.0,0.0,0.0
21-08 04:00:00,0.0,0.0,0.0,0.0,0.0,0.0
21-08 05:00:00,0.0,0.0,0.0,0.0,0.0,0.0
21-08 06:00:00,0.0,0.0,0.0,0.0,0.0,0.0
21-08 07:00:00,0.0,0.0,0.0,0.0,0.0,0.0
21-08 08:00:00,0.0,0.0,0.0,0.0,0.0,0.0
21-08 09:00:00,0.0,0.0,0.0,0.0,0.0,0.0
21-08 10:00:00,32.0,77.0,77.0,63.0,6.0,51.0
21-08 11:00:00,258.0,311.0,295.0,301.0,81.0,249.2
21-08 12:00:00,523.99,532.99,523.99,528.99,183.0,458.592
21-08 13:00:00,721.99,712.99,724.99,723.99,222.0,621.192
21-08 14:00:00,842.99,836.99,854.99,858.99,142.0,707.192
21-08 15:00:00,886.99,894.99,898.99,913.99,177.0,754.392
21-08 16:00:00,864.99,867.99,896.99,900.99,299.0,765.992
21-08 17:00:00,766.99,692.99,800.99,808.99,530.0,719.992
21-08 18:00:00,606.99,559.0,650.99,653.99,581.99,610.592
21-08 19:00:00,381.0,395.0,444.99,442.99,419.0,416.596
21-08 20:00:00,156.0,139.0,208.0,206.0,192.0,180.2
21-08 21:00:00,0.0,0.0,0.0,0.0,0.0,0.0
21-08 22:00:00,0.0,0.0,0.0,0.0,0.0,0.0
21-08 23:00:00,0.0,0.0,0.0,0.0,0.0,0.0
22-08 00:00:00,0.0,0.0,0.0,0.0,0.0,0.0
22-08 01:00:00,0.0,0.0,0.0,0.0,0.0,0.0
22-08 02:00:00,0.0,0.0,0.0,0.0,0.0,0.0
22-08 03:00:00,0.0,0.0,0.0,0.0,0.0,0.0
22-08 04:00:00,0.0,0.0,0.0,0.0,0.0,0.0
22-08 05:00:00,0.0,0.0,0.0,0.0,0.0,0.0
22-08 06:00:00,0.0,0.0,0.0,0.0,0.0,0.0
22-08 07:00:00,0.0,0.0,0.0,0.0,0.0,0.0
22-08 08:00:00,0.0,0.0,0.0,0.0,0.0,0.0
22-08 09:00:00,0.0,0.0,0.0,0.0,0.0,0.0
22-08 10:00:00,61.0,33.0,82.0,64.0,68.0,61.6
22-08 11:00:00,317.0,313.0,302.0,308.0,315.0,311.0
22-08 12:00:00,542.99,524.99,528.99,530.99,542.99,534.1899999999999
22-08 13:00:00,722.99,497.0,726.99,724.99,733.99,681.192
22-08 14:00:00,852.99,709.0,856.99,854.99,860.99,826.992
22-08 15:00:00,905.99,873.99,915.99,913.99,754.0,872.792
22-08 16:00:00,781.99,861.99,898.99,901.99,757.99,840.5899999999999
22-08 17:00:00,766.99,526.0,810.99,777.99,617.0,699.7940000000001
22-08 18:00:00,530.0,307.0,651.99,642.99,618.99,550.1940000000001
22-08 19:00:00,245.0,56.0,443.99,434.99,322.0,300.396
22-08 20:00:00,95.0,18.0,206.0,189.0,178.0,137.2
22-08 21:00:00,0.0,0.0,0.0,0.0,0.0,0.0
22-08 22:00:00,0.0,0.0,0.0,0.0,0.0,0.0
22-08 23:00:00,0.0,0.0,0.0,0.0,0.0,0.0
23-08 00:00:00,0.0,0.0,0.0,0.0,0.0,0.0
23-08 01:00:00,0.0,0.0,0.0,0.0,0.0,0.0
23-08 02:00:00,0.0,0.0,0.0,0.0,0.0,0.0
23-08 03:00:00,0.0,0.0,0.0,0.0,0.0,0.0
23-08 04:00:00,0.0,0.0,0.0,0.0,0.0,0.0
23-08 05:00:00,0.0,0.0,0.0,0.0,0.0,0.0
23-08 06:00:00,0.0,0.0,0.0,0.0,0.0,0.0
23-08 07:00:00,0.0,0.0,0.0,0.0,0.0,0.0
23-08 08:00:00,0.0,0.0,0.0,0.0,0.0,0.0
23-08 09:00:00,0.0,0.0,0.0,0.0,0.0,0.0
23-08 10:00:00,7.0,84.0,84.0,69.0,69.0,62.6
23-08 11:00:00,188.0,292.0,304.0,311.0,315.0,282.0
23-08 12:00:00,542.99,529.99,530.99,534.99,545.99,536.99
23-08 13:00:00,728.99,721.99,732.99,732.99,731.99,729.79
23-08 14:00:00,849.99,850.99,857.99,867.99,861.99,857.79
23-08 15:00:00,907.99,903.99,916.99,926.99,915.99,914.39
23-08 16:00:00,889.99,880.99,898.99,913.99,868.99,890.5899999999999
23-08 17:00:00,730.99,784.99,801.99,824.99,774.99,783.5899999999999
23-08 18:00:00,446.0,626.99,636.99,662.99,535.0,581.594
23-08 19:00:00,141.0,404.0,424.0,453.99,369.0,358.398
23-08 20:00:00,125.0,163.0,159.0,210.0,127.0,156.8
23-08 21:00:00,0.0,0.0,0.0,0.0,0.0,0.0
23-08 22:00:00,0.0,0.0,0.0,0.0,0.0,0.0
23-08 23:00:00,0.0,0.0,0.0,0.0,0.0,0.0
24-08 00:00:00,0.0,0.0,0.0,0.0,0.0,0.0
24-08 01:00:00,0.0,0.0,0.0,0.0,0.0,0.0
24-08 02:00:00,0.0,0.0,0.0,0.0,0.0,0.0
24-08 03:00:00,0.0,0.0,0.0,0.0,0.0,0.0
24-08 04:00:00,0.0,0.0,0.0,0.0,0.0,0.0
24-08 05:00:00,0.0,0.0,0.0,0.0,0.0,0.0
24-08 06:00:00,0.0,0.0,0.0,0.0,0.0,0.0
24-08 07:00:00,0.0,0.0,0.0,0.0,0.0,0.0
24-08 08:00:00,0.0,0.0,0.0,0.0,0.0,0.0
24-08 09:00:00,0.0,0.0,0.0,0.0,0.0,0.0
24-08 10:00:00,81.0,86.0,86.0,81.0,76.0,82.0
24-08 11:00:00,329.0,318.0,317.0,310.0,314.0,317.6
24-08 12:00:00,556.99,542.99,544.99,537.99,540.99,544.79
24-08 13:00:00,738.99,730.99,733.99,739.99,732.99,735.39
24-08 14:00:00,864.99,859.99,858.99,870.99,858.99,862.79
24-08 15:00:00,917.99,912.99,896.99,913.99,876.99,903.79
24-08 16:00:00,904.99,889.99,794.99,896.99,643.0,825.992
24-08 17:00:00,807.99,792.99,716.99,803.99,481.0,720.592
24-08 18:00:00,626.99,625.99,430.0,656.99,219.0,511.79400000000004
24-08 19:00:00,395.0,390.0,383.0,401.0,53.0,324.4
24-08 20:00:00,139.0,133.0,180.0,148.0,18.0,123.6
24-08 21:00:00,0.0,0.0,0.0,0.0,0.0,0.0
24-08 22:00:00,0.0,0.0,0.0,0.0,0.0,0.0
24-08 23:00:00,0.0,0.0,0.0,0.0,0.0,0.0
25-08 00:00:00,0.0,0.0,0.0,0.0,0.0,0.0
25-08 01:00:00,0.0,0.0,0.0,0.0,0.0,0.0
25-08 02:00:00,0.0,0.0,0.0,0.0,0.0,0.0
25-08 03:00:00,0.0,0.0,0.0,0.0,0.0,0.0
25-08 04:00:00,0.0,0.0,0.0,0.0,0.0,0.0
25-08 05:00:00,0.0,0.0,0.0,0.0,0.0,0.0
25-08 06:00:00,0.0,0.0,0.0,0.0,0.0,0.0
25-08 07:00:00,0.0,0.0,0.0,0.0,0.0,0.0
25-08 08:00:00,0.0,0.0,0.0,0.0,0.0,0.0
25-08 09:00:00,0.0,0.0,0.0,0.0,0.0,0.0
25-08 10:00:00,84.0,91.0,89.0,78.0,82.0,84.8
25-08 11:00:00,329.0,333.0,313.0,309.0,315.0,319.8
25-08 12:00:00,560.99,552.99,538.99,541.99,517.99,542.5899999999999
25-08 13:00:00,745.99,741.99,733.99,740.99,675.99,727.79
25-08 14:00:00,871.99,871.99,862.99,870.99,755.99,846.79
25-08 15:00:00,930.99,924.99,920.99,898.99,896.99,914.5899999999999
25-08 16:00:00,911.99,905.99,886.99,875.99,639.0,843.992
25-08 17:00:00,817.99,803.99,781.99,701.0,680.0,756.994
25-08 18:00:00,631.99,641.99,588.0,549.0,610.99,604.394
25-08 19:00:00,406.0,416.0,295.0,302.0,39.0,291.6
25-08 20:00:00,148.0,174.0,107.0,155.0,18.0,120.4
25-08 21:00:00,0.0,0.0,0.0,0.0,0.0,0.0
25-08 22:00:00,0.0,0.0,0.0,0.0,0.0,0.0
25-08 23:00:00,0.0,0.0,0.0,0.0,0.0,0.0
26-08 00:00:00,0.0,0.0,0.0,0.0,0.0,0.0
26-08 01:00:00,0.0,0.0,0.0,0.0,0.0,0.0
26-08 02:00:00,0.0,0.0,0.0,0.0,0.0,0.0
26-08 03:00:00,0.0,0.0,0.0,0.0,0.0,0.0
26-08 04:00:00,0.0,0.0,0.0,0.0,0.0,0.0
26-08 05:00:00,0.0,0.0,0.0,0.0,0.0,0.0
26-08 06:00:00,0.0,0.0,0.0,0.0,0.0,0.0
26-08 07:00:00,0.0,0.0,0.0,0.0,0.0,0.0
26-08 08:00:00,0.0,0.0,0.0,0.0,0.0,0.0
26-08 09:00:00,0.0,0.0,0.0,0.0,0.0,0.0
26-08 10:00:00,85.0,94.0,92.0,54.0,32.0,71.4
26-08 11:00:00,320.0,332.0,328.0,150.0,149.0,255.8
26-08 12:00:00,554.99,557.99,557.99,388.0,266.0,464.994
26-08 13:00:00,744.99,763.99,740.99,679.99,179.0,621.792
26-08 14:00:00,875.99,899.99,865.99,848.99,473.0,792.792
26-08 15:00:00,938.99,963.99,917.99,919.99,398.0,827.792
26-08 16:00:00,919.99,939.99,884.99,786.99,268.0,759.992
26-08 17:00:00,797.99,842.99,767.99,722.99,188.0,663.992
26-08 18:00:00,521.0,677.99,538.0,512.0,107.0,471.198
26-08 19:00:00,288.0,455.99,362.0,231.0,39.0,275.198
26-08 20:00:00,69.0,214.0,125.0,155.0,18.0,116.2
26-08 21:00:00,0.0,0.0,0.0,0.0,0.0,0.0
26-08 22:00:00,0.0,0.0,0.0,0.0,0.0,0.0
26-08 23:00:00,0.0,0.0,0.0,0.0,0.0,0.0
27-08 00:00:00,0.0,0.0,0.0,0.0,0.0,0.0
27-08 01:00:00,0.0,0.0,0.0,0.0,0.0,0.0
27-08 02:00:00,0.0,0.0,0.0,0.0,0.0,0.0
27-08 03:00:00,0.0,0.0,0.0,0.0,0.0,0.0
27-08 04:00:00,0.0,0.0,0.0,0.0,0.0,0.0
27-08 05:00:00,0.0,0.0,0.0,0.0,0.0,0.0
27-08 06:00:00,0.0,0.0,0.0,0.0,0.0,0.0
27-08 07:00:00,0.0,0.0,0.0,0.0,0.0,0.0
27-08 08:00:00,0.0,0.0,0.0,0.0,0.0,0.0
27-08 09:00:00,0.0,0.0,0.0,0.0,0.0,0.0
27-08 10:00:00,91.0,98.0,94.0,90.0,23.0,79.2
27-08 11:00:00,318.0,338.0,278.0,323.0,271.0,305.6
27-08 12:00:00,546.99,561.99,555.99,550.99,318.0,506.79200000000003
27-08 13:00:00,737.99,771.99,741.99,750.99,734.99,747.5899999999999
27-08 14:00:00,870.99,908.99,870.99,876.99,850.99,875.79
27-08 15:00:00,928.99,972.99,923.99,938.99,901.99,933.39
27-08 16:00:00,913.99,947.99,904.99,914.99,849.99,906.39
27-08 17:00:00,823.99,849.99,801.99,824.99,728.99,805.99
27-08 18:00:00,572.0,683.99,586.0,665.99,433.0,588.196
27-08 19:00:00,401.0,462.99,367.0,447.0,414.0,418.39799999999997
27-08 20:00:00,108.0,217.0,128.0,206.0,18.0,135.4
27-08 21:00:00,0.0,0.0,0.0,0.0,0.0,0.0
27-08 22:00:00,0.0,0.0,0.0,0.0,0.0,0.0
27-08 23:00:00,0.0,0.0,0.0,0.0,0.0,0.0
28-08 00:00:00,0.0,0.0,0.0,0.0,0.0,0.0
28-08 01:00:00,0.0,0.0,0.0,0.0,0.0,0.0
28-08 02:00:00,0.0,0.0,0.0,0.0,0.0,0.0
28-08 03:00:00,0.0,0.0,0.0,0.0,0.0,0.0
28-08 04:00:00,0.0,0.0,0.0,0.0,0.0,0.0
28-08 05:00:00,0.0,0.0,0.0,0.0,0.0,0.0
28-08 06:00:00,0.0,0.0,0.0,0.0,0.0,0.0
28-08 07:00:00,0.0,0.0,0.0,0.0,0.0,0.0
28-08 08:00:00,0.0,0.0,0.0,0.0,0.0,0.0
28-08 09:00:00,0.0,0.0,0.0,0.0,0.0,0.0
28-08 10:00:00,95.0,100.0,95.0,78.0,88.0,91.2
28-08 11:00:00,319.0,339.0,327.0,328.0,304.0,323.4
28-08 12:00:00,544.99,572.99,562.99,560.99,405.0,529.392
28-08 13:00:00,725.99,771.99,744.99,758.99,611.0,722.592
28-08 14:00:00,820.99,907.99,869.99,884.99,812.99,859.39
28-08 15:00:00,886.99,966.99,926.99,853.99,863.99,899.79
28-08 16:00:00,841.99,940.99,901.99,887.99,451.0,804.792
28-08 17:00:00,749.99,843.99,798.99,808.99,185.0,677.392
28-08 18:00:00,419.0,678.99,553.0,645.99,458.0,550.996
28-08 19:00:00,304.0,456.0,351.0,425.0,214.0,350.0
28-08 20:00:00,18.0,215.0,158.0,216.0,18.0,125.0
28-08 21:00:00,0.0,0.0,0.0,0.0,0.0,0.0
28-08 22:00:00,0.0,0.0,0.0,0.0,0.0,0.0
28-08 23:00:00,0.0,0.0,0.0,0.0,0.0,0.0
29-08 00:00:00,0.0,0.0,0.0,0.0,0.0,0.0
29-08 01:00:00,0.0,0.0,0.0,0.0,0.0,0.0
29-08 02:00:00,0.0,0.0,0.0,0.0,0.0,0.0
29-08 03:00:00,0.0,0.0,0.0,0.0,0.0,0.0
29-08 04:00:00,0.0,0.0,0.0,0.0,0.0,0.0
29-08 05:00:00,0.0,0.0,0.0,0.0,0.0,0.0
29-08 06:00:00,0.0,0.0,0.0,0.0,0.0,0.0
29-08 07:00:00,0.0,0.0,0.0,0.0,0.0,0.0
29-08 08:00:00,0.0,0.0,0.0,0.0,0.0,0.0
29-08 09:00:00,0.0,0.0,0.0,0.0,0.0,0.0
29-08 10:00:00,97.0,102.0,98.0,101.0,34.0,86.4
29-08 11:00:00,250.0,337.0,333.0,341.0,323.0,316.8
29-08 12:00:00,412.0,561.99,560.99,568.99,569.99,534.792
29-08 13:00:00,559.0,765.99,745.99,762.99,752.99,717.392
29-08 14:00:00,728.0,905.99,864.99,893.99,868.99,852.392
29-08 15:00:00,698.0,957.99,910.99,950.99,867.99,877.192
29-08 16:00:00,665.0,937.99,858.99,930.99,705.0,819.594
29-08 17:00:00,720.99,835.99,730.99,829.99,747.99,773.1899999999999
29-08 18:00:00,293.0,670.99,543.0,662.99,605.99,555.1940000000001
29-08 19:00:00,39.0,434.0,228.0,435.0,268.0,280.8
29-08 20:00:00,139.0,180.0,33.0,178.0,24.0,110.8
29-08 21:00:00,0.0,0.0,0.0,0.0,0.0,0.0
29-08 22:00:00,0.0,0.0,0.0,0.0,0.0,0.0
29-08 23:00:00,0.0,0.0,0.0,0.0,0.0,0.0
30-08 00:00:00,0.0,0.0,0.0,0.0,0.0,0.0
30-08 01:00:00,0.0,0.0,0.0,0.0,0.0,0.0
30-08 02:00:00,0.0,0.0,0.0,0.0,0.0,0.0
30-08 03:00:00,0.0,0.0,0.0,0.0,0.0,0.0
30-08 04:00:00,0.0,0.0,0.0,0.0,0.0,0.0
30-08 05:00:00,0.0,0.0,0.0,0.0,0.0,0.0
30-08 06:00:00,0.0,0.0,0.0,0.0,0.0,0.0
30-08 07:00:00,0.0,0.0,0.0,0.0,0.0,0.0
30-08 08:00:00,0.0,0.0,0.0,0.0,0.0,0.0
30-08 09:00:00,0.0,0.0,0.0,0.0,0.0,0.0
30-08 10:00:00,92.0,107.0,51.0,100.0,16.0,73.2
30-08 11:00:00,330.0,348.0,344.0,341.0,48.0,282.2
30-08 12:00:00,558.99,574.99,561.99,566.99,464.0,545.392
30-08 13:00:00,746.99,767.99,684.99,759.99,595.0,710.992
30-08 14:00:00,873.99,898.99,865.99,884.99,697.0,844.192
30-08 15:00:00,930.99,955.99,920.99,940.99,719.0,893.592
30-08 16:00:00,870.99,918.99,885.99,894.99,836.99,881.5899999999999
30-08 17:00:00,662.0,818.99,768.99,669.0,793.99,742.594
30-08 18:00:00,538.0,639.99,569.0,492.0,606.0,568.9979999999999
30-08 19:00:00,343.0,415.0,367.0,411.0,418.0,390.8
30-08 20:00:00,132.0,183.0,176.0,61.0,138.0,138.0
30-08 21:00:00,0.0,0.0,0.0,0.0,0.0,0.0
30-08 22:00:00,0.0,0.0,0.0,0.0,0.0,0.0
30-08 23:00:00,0.0,0.0,0.0,0.0,0.0,0.0
31-08 00:00:00,0.0,0.0,0.0,0.0,0.0,0.0
31-08 01:00:00,0.0,0.0,0.0,0.0,0.0,0.0
31-08 02:00:00,0.0,0.0,0.0,0.0,0.0,0.0
31-08 03:00:00,0.0,0.0,0.0,0.0,0.0,0.0
31-08 04:00:00,0.0,0.0,0.0,0.0,0.0,0.0
31-08 05:00:00,0.0,0.0,0.0,0.0,0.0,0.0
31-08 06:00:00,0.0,0.0,0.0,0.0,0.0,0.0
31-08 07:00:00,0.0,0.0,0.0,0.0,0.0,0.0
31-08 08:00:00,0.0,0.0,0.0,0.0,0.0,0.0
31-08 09:00:00,0.0,0.0,0.0,0.0,0.0,0.0
31-08 10:00:00,99.0,95.0,106.0,106.0,78.0,96.8
31-08 11:00:00,334.0,345.0,345.0,341.0,338.0,340.6
31-08 12:00:00,568.99,566.99,574.99,572.99,571.99,571.1899999999999
31-08 13:00:00,760.99,773.99,761.99,759.99,762.99,763.99
31-08 14:00:00,885.99,908.99,885.99,887.99,888.99,891.5899999999999
31-08 15:00:00,882.99,965.99,942.99,939.99,929.99,932.39
31-08 16:00:00,915.99,938.99,916.99,918.99,908.99,919.99
31-08 17:00:00,788.99,836.99,726.0,795.99,795.99,788.792
31-08 18:00:00,562.0,675.99,510.0,619.0,641.99,601.7959999999999
31-08 19:00:00,402.0,451.0,402.0,386.0,311.0,390.4
31-08 20:00:00,181.0,208.0,186.0,135.0,33.0,148.6
31-08 21:00:00,0.0,0.0,0.0,0.0,0.0,0.0
31-08 22:00:00,0.0,0.0,0.0,0.0,0.0,0.0
31-08 23:00:00,0.0,0.0,0.0,0.0,0.0,0.0
01-09 00:00:00,0.0,0.0,0.0,0.0,0.0,0.0
01-09 01:00:00,0.0,0.0,0.0,0.0,0.0,0.0
01-09 02:00:00,0.0,0.0,0.0,0.0,0.0,0.0
01-09 03:00:00,0.0,0.0,0.0,0.0,0.0,0.0
01-09 04:00:00,0.0,0.0,0.0,0.0,0.0,0.0
01-09 05:00:00,0.0,0.0,0.0,0.0,0.0,0.0
01-09 06:00:00,0.0,0.0,0.0,0.0,0.0,0.0
01-09 07:00:00,0.0,0.0,0.0,0.0,0.0,0.0
01-09 08:00:00,0.0,0.0,0.0,0.0,0.0,0.0
01-09 09:00:00,0.0,0.0,0.0,0.0,0.0,0.0
01-09 10:00:00,91.0,87.0,95.0,90.0,91.0,90.8
01-09 11:00:00,319.0,330.0,310.0,336.0,315.0,322.0
01-09 12:00:00,539.0,552.0,546.0,559.0,552.0,549.6
01-09 13:00:00,727.99,746.99,748.99,749.99,735.99,741.99
01-09 14:00:00,854.99,875.99,874.99,876.99,865.99,869.79
01-09 15:00:00,914.99,858.99,931.99,927.99,921.99,911.1899999999999
01-09 16:00:00,893.99,862.99,880.99,911.99,885.99,887.1899999999999
01-09 17:00:00,750.99,777.99,697.0,804.99,728.0,751.7940000000001
01-09 18:00:00,621.0,579.0,475.0,637.99,524.0,567.3979999999999
01-09 19:00:00,432.0,410.0,383.0,414.0,233.0,374.4
01-09 20:00:00,164.0,161.0,162.0,171.0,138.0,159.2
01-09 21:00:00,0.0,0.0,0.0,0.0,0.0,0.0
01-09 22:00:00,0.0,0.0,0.0,0.0,0.0,0.0
01-09 23:00:00,0.0,0.0,0.0,0.0,0.0,0.0
02-09 00:00:00,0.0,0.0,0.0,0.0,0.0,0.0
02-09 01:00:00,0.0,0.0,0.0,0.0,0.0,0.0
02-09 02:00:00,0.0,0.0,0.0,0.0,0.0,0.0
02-09 03:00:00,0.0,0.0,0.0,0.0,0.0,0.0
02-09 04:00:00,0.0,0.0,0.0,0.0,0.0,0.0
02-09 05:00:00,0.0,0.0,0.0,0.0,0.0,0.0
02-09 06:00:00,0.0,0.0,0.0,0.0,0.0,0.0
02-09 07:00:00,0.0,0.0,0.0,0.0,0.0,0.0
02-09 08:00:00,0.0,0.0,0.0,0.0,0.0,0.0
02-09 09:00:00,0.0,0.0,0.0,0.0,0.0,0.0
02-09 10:00:00,74.0,96.0,103.0,95.0,39.0,81.4
02-09 11:00:00,331.0,335.0,320.0,338.0,319.0,328.6
02-09 12:00:00,540.0,557.0,559.0,568.0,523.0,549.4
02-09 13:00:00,734.99,760.99,751.99,767.99,737.99,750.79
02-09 14:00:00,867.99,885.99,881.99,898.99,867.99,880.5899999999999
02-09 15:00:00,928.99,952.99,922.99,961.99,773.0,907.992
02-09 16:00:00,891.99,929.99,777.0,938.99,567.0,820.994
02-09 17:00:00,816.99,828.99,778.99,842.99,611.0,775.792
02-09 18:00:00,626.0,660.99,556.0,672.99,122.0,527.596
02-09 19:00:00,266.0,441.0,279.0,447.0,177.0,322.0
02-09 20:00:00,28.0,201.0,19.0,198.0,17.0,92.6
02-09 21:00:00,0.0,0.0,0.0,0.0,0.0,0.0
02-09 22:00:00,0.0,0.0,0.0,0.0,0.0,0.0
02-09 23:00:00,0.0,0.0,0.0,0.0,0.0,0.0
03-09 00:00:00,0.0,0.0,0.0,0.0,0.0,0.0
03-09 01:00:00,0.0,0.0,0.0,0.0,0.0,0.0
03-09 02:00:00,0.0,0.0,0.0,0.0,0.0,0.0
03-09 03:00:00,0.0,0.0,0.0,0.0,0.0,0.0
03-09 04:00:00,0.0,0.0,0.0,0.0,0.0,0.0
03-09 05:00:00,0.0,0.0,0.0,0.0,0.0,0.0
03-09 06:00:00,0.0,0.0,0.0,0.0,0.0,0.0
03-09 07:00:00,0.0,0.0,0.0,0.0,0.0,0.0
03-09 08:00:00,0.0,0.0,0.0,0.0,0.0,0.0
03-09 09:00:00,0.0,0.0,0.0,0.0,0.0,0.0
03-09 10:00:00,96.0,95.0,101.0,95.0,68.0,91.0
03-09 11:00:00,321.0,328.0,330.0,339.0,278.0,319.2
03-09 12:00:00,548.0,557.0,564.0,575.0,564.0,561.6
03-09 13:00:00,744.99,759.99,757.99,771.99,444.0,695.792
03-09 14:00:00,872.99,888.99,887.99,898.99,798.99,869.5899999999999
03-09 15:00:00,938.99,954.99,918.99,955.99,700.0,893.792
03-09 16:00:00,915.99,936.99,623.0,937.99,587.0,800.1940000000001
03-09 17:00:00,803.99,839.99,680.0,831.99,405.0,712.1940000000001
03-09 18:00:00,522.0,665.99,583.0,655.99,377.0,560.796
03-09 19:00:00,265.0,449.0,374.0,428.0,300.0,363.2
03-09 20:00:00,40.0,210.0,157.0,159.0,92.0,131.6
03-09 21:00:00,0.0,0.0,0.0,0.0,0.0,0.0
03-09 22:00:00,0.0,0.0,0.0,0.0,0.0,0.0
03-09 23:00:00,0.0,0.0,0.0,0.0,0.0,0.0
04-09 00:00:00,0.0,0.0,0.0,0.0,0.0,0.0
04-09 01:00:00,0.0,0.0,0.0,0.0,0.0,0.0
04-09 02:00:00,0.0,0.0,0.0,0.0,0.0,0.0
04-09 03:00:00,0.0,0.0,0.0,0.0,0.0,0.0
04-09 04:00:00,0.0,0.0,0.0,0.0,0.0,0.0
04-09 05:00:00,0.0,0.0,0.0,0.0,0.0,0.0
04-09 06:00:00,0.0,0.0,0.0,0.0,0.0,0.0
04-09 07:00:00,0.0,0.0,0.0,0.0,0.0,0.0
04-09 08:00:00,0.0,0.0,0.0,0.0,0.0,0.0
04-09 09:00:00,0.0,0.0,0.0,0.0,0.0,0.0
04-09 10:00:00,100.0,102.0,105.0,107.0,87.0,100.2
04-09 11:00:00,329.0,339.0,330.0,346.0,323.0,333.4
04-09 12:00:00,556.0,569.0,574.0,576.0,554.0,565.8
04-09 13:00:00,749.99,764.99,769.99,767.99,741.99,758.99
04-09 14:00:00,882.99,893.99,895.99,893.99,841.99,881.79
04-09 15:00:00,943.99,959.99,930.99,954.99,687.0,895.392
04-09 16:00:00,925.99,940.99,918.99,926.99,518.0,846.192
04-09 17:00:00,842.99,834.99,809.99,816.99,461.0,753.192
04-09 18:00:00,667.99,661.99,631.0,640.0,510.0,622.196
04-09 19:00:00,440.0,444.0,423.0,397.0,342.0,409.2
04-09 20:00:00,194.0,198.0,170.0,31.0,100.0,138.6
04-09 21:00:00,0.0,0.0,0.0,0.0,0.0,0.0
04-09 22:00:00,0.0,0.0,0.0,0.0,0.0,0.0
04-09 23:00:00,0.0,0.0,0.0,0.0,0.0,0.0
05-09 00:00:00,0.0,0.0,0.0,0.0,0.0,0.0
05-09 01:00:00,0.0,0.0,0.0,0.0,0.0,0.0
05-09 02:00:00,0.0,0.0,0.0,0.0,0.0,0.0
05-09 03:00:00,0.0,0.0,0.0,0.0,0.0,0.0
05-09 04:00:00,0.0,0.0,0.0,0.0,0.0,0.0
05-09 05:00:00,0.0,0.0,0.0,0.0,0.0,0.0
05-09 06:00:00,0.0,0.0,0.0,0.0,0.0,0.0
05-09 07:00:00,0.0,0.0,0.0,0.0,0.0,0.0
05-09 08:00:00,0.0,0.0,0.0,0.0,0.0,0.0
05-09 09:00:00,0.0,0.0,0.0,0.0,0.0,0.0
05-09 10:00:00,105.0,105.0,113.0,94.0,21.0,87.6
05-09 11:00:00,329.0,341.0,338.0,351.0,33.0,278.4
05-09 12:00:00,562.0,576.0,577.0,569.0,86.0,474.0
05-09 13:00:00,768.99,772.99,768.99,765.99,215.0,658.392
05-09 14:00:00,903.99,907.99,898.99,890.99,332.0,786.792
05-09 15:00:00,969.99,973.99,904.99,929.99,812.0,918.192
05-09 16:00:00,950.99,953.99,910.99,916.99,898.99,926.39
05-09 17:00:00,865.99,850.99,761.0,782.99,778.99,807.992
05-09 18:00:00,695.99,677.99,575.0,599.0,615.0,632.596
05-09 19:00:00,463.0,455.0,382.0,233.0,371.0,380.8
05-09 20:00:00,212.0,207.0,179.0,78.0,17.0,138.6
05-09 21:00:00,0.0,0.0,0.0,0.0,0.0,0.0
05-09 22:00:00,0.0,0.0,0.0,0.0,0.0,0.0
05-09 23:00:00,0.0,0.0,0.0,0.0,0.0,0.0
06-09 00:00:00,0.0,0.0,0.0,0.0,0.0,0.0
06-09 01:00:00,0.0,0.0,0.0,0.0,0.0,0.0
06-09 02:00:00,0.0,0.0,0.0,0.0,0.0,0.0
06-09 03:00:00,0.0,0.0,0.0,0.0,0.0,0.0
06-09 04:00:00,0.0,0.0,0.0,0.0,0.0,0.0
06-09 05:00:00,0.0,0.0,0.0,0.0,0.0,0.0
06-09 06:00:00,0.0,0.0,0.0,0.0,0.0,0.0
06-09 07:00:00,0.0,0.0,0.0,0.0,0.0,0.0
06-09 08:00:00,0.0,0.0,0.0,0.0,0.0,0.0
06-09 09:00:00,0.0,0.0,0.0,0.0,0.0,0.0
06-09 10:00:00,106.0,106.0,114.0,108.0,84.0,103.6
06-09 11:00:00,317.0,339.0,352.0,352.0,200.0,312.0
06-09 12:00:00,559.0,569.0,586.0,582.0,513.0,561.8
06-09 13:00:00,759.99,771.99,771.99,768.99,280.0,670.592
06-09 14:00:00,921.99,904.99,896.99,898.99,461.0,816.792
06-09 15:00:00,962.99,964.99,947.99,948.99,850.99,935.1899999999999
06-09 16:00:00,942.99,950.99,864.99,909.99,695.0,872.792
06-09 17:00:00,858.99,841.99,783.99,800.99,688.0,794.792
06-09 18:00:00,690.99,671.0,613.0,631.0,635.0,648.198
06-09 19:00:00,451.0,450.0,399.0,405.0,430.0,427.0
06-09 20:00:00,203.0,199.0,190.0,150.0,184.0,185.2
06-09 21:00:00,0.0,0.0,0.0,0.0,0.0,0.0
06-09 22:00:00,0.0,0.0,0.0,0.0,0.0,0.0
06-09 23:00:00,0.0,0.0,0.0,0.0,0.0,0.0
07-09 00:00:00,0.0,0.0,0.0,0.0,0.0,0.0
07-09 01:00:00,0.0,0.0,0.0,0.0,0.0,0.0
07-09 02:00:00,0.0,0.0,0.0,0.0,0.0,0.0
07-09 03:00:00,0.0,0.0,0.0,0.0,0.0,0.0
07-09 04:00:00,0.0,0.0,0.0,0.0,0.0,0.0
07-09 05:00:00,0.0,0.0,0.0,0.0,0.0,0.0
07-09 06:00:00,0.0,0.0,0.0,0.0,0.0,0.0
07-09 07:00:00,0.0,0.0,0.0,0.0,0.0,0.0
07-09 08:00:00,0.0,0.0,0.0,0.0,0.0,0.0
07-09 09:00:00,0.0,0.0,0.0,0.0,0.0,0.0
07-09 10:00:00,109.0,107.0,71.0,117.0,101.0,101.0
07-09 11:00:00,341.0,341.0,290.0,289.0,351.0,322.4
07-09 12:00:00,566.0,577.0,587.0,564.0,586.0,576.0
07-09 13:00:00,755.99,771.99,770.99,769.99,777.99,769.39
07-09 14:00:00,892.99,904.99,679.0,893.99,907.99,855.792
07-09 15:00:00,946.99,969.99,933.99,947.99,983.99,956.5899999999999
07-09 16:00:00,864.99,943.99,856.99,923.99,953.99,908.79
07-09 17:00:00,731.0,840.99,599.0,813.99,839.99,764.9939999999999
07-09 18:00:00,625.0,670.0,312.0,589.0,678.99,574.9979999999999
07-09 19:00:00,412.0,444.0,255.0,307.0,442.0,372.0
07-09 20:00:00,188.0,181.0,18.0,102.0,208.0,139.4
07-09 21:00:00,0.0,0.0,0.0,0.0,0.0,0.0
07-09 22:00:00,0.0,0.0,0.0,0.0,0.0,0.0
07-09 23:00:00,0.0,0.0,0.0,0.0,0.0,0.0
08-09 00:00:00,0.0,0.0,0.0,0.0,0.0,0.0
08-09 01:00:00,0.0,0.0,0.0,0.0,0.0,0.0
08-09 02:00:00,0.0,0.0,0.0,0.0,0.0,0.0
08-09 03:00:00,0.0,0.0,0.0,0.0,0.0,0.0
08-09 04:00:00,0.0,0.0,0.0,0.0,0.0,0.0
08-09 05:00:00,0.0,0.0,0.0,0.0,0.0,0.0
08-09 06:00:00,0.0,0.0,0.0,0.0,0.0,0.0
08-09 07:00:00,0.0,0.0,0.0,0.0,0.0,0.0
08-09 08:00:00,0.0,0.0,0.0,0.0,0.0,0.0
08-09 09:00:00,0.0,0.0,0.0,0.0,0.0,0.0
08-09 10:00:00,111.0,113.0,119.0,114.0,106.0,112.6
08-09 11:00:00,336.0,347.0,363.0,359.0,358.0,352.6
08-09 12:00:00,565.0,586.0,597.0,589.0,591.0,585.6
08-09 13:00:00,757.99,778.99,781.99,780.99,790.99,778.1899999999999
08-09 14:00:00,889.99,911.99,902.99,900.99,917.99,904.79
08-09 15:00:00,948.99,971.99,946.99,954.99,972.99,959.1899999999999
08-09 16:00:00,923.99,950.99,862.99,855.99,872.99,893.39
08-09 17:00:00,786.0,832.99,747.0,623.0,751.0,747.9979999999999
08-09 18:00:00,650.0,659.0,546.0,465.0,594.0,582.8
08-09 19:00:00,400.0,439.0,365.0,272.0,389.0,373.0
08-09 20:00:00,199.0,203.0,116.0,20.0,181.0,143.8
08-09 21:00:00,0.0,0.0,0.0,0.0,0.0,0.0
08-09 22:00:00,0.0,0.0,0.0,0.0,0.0,0.0
08-09 23:00:00,0.0,0.0,0.0,0.0,0.0,0.0
09-09 00:00:00,0.0,0.0,0.0,0.0,0.0,0.0
09-09 01:00:00,0.0,0.0,0.0,0.0,0.0,0.0
09-09 02:00:00,0.0,0.0,0.0,0.0,0.0,0.0
09-09 03:00:00,0.0,0.0,0.0,0.0,0.0,0.0
09-09 04:00:00,0.0,0.0,0.0,0.0,0.0,0.0
09-09 05:00:00,0.0,0.0,0.0,0.0,0.0,0.0
09-09 06:00:00,0.0,0.0,0.0,0.0,0.0,0.0
09-09 07:00:00,0.0,0.0,0.0,0.0,0.0,0.0
09-09 08:00:00,0.0,0.0,0.0,0.0,0.0,0.0
09-09 09:00:00,0.0,0.0,0.0,0.0,0.0,0.0
09-09 10:00:00,116.0,116.0,108.0,116.0,94.0,110.0
09-09 11:00:00,344.0,353.0,355.0,359.0,340.0,350.2
09-09 12:00:00,570.0,588.0,604.0,596.0,596.0,590.8
09-09 13:00:00,767.99,788.99,266.0,783.99,788.99,679.192
09-09 14:00:00,856.99,922.99,893.99,907.99,913.99,899.1899999999999
09-09 15:00:00,749.0,986.99,941.99,966.99,853.0,899.594
09-09 16:00:00,816.0,960.99,905.99,915.99,854.0,890.594
09-09 17:00:00,739.0,849.99,801.99,798.0,725.0,782.796
09-09 18:00:00,571.0,677.0,597.0,593.0,629.0,613.4
09-09 19:00:00,331.0,457.0,274.0,353.0,326.0,348.2
09-09 20:00:00,155.0,203.0,118.0,99.0,74.0,129.8
09-09 21:00:00,0.0,0.0,0.0,0.0,0.0,0.0
09-09 22:00:00,0.0,0.0,0.0,0.0,0.0,0.0
09-09 23:00:00,0.0,0.0,0.0,0.0,0.0,0.0
10-09 00:00:00,0.0,0.0,0.0,0.0,0.0,0.0
10-09 01:00:00,0.0,0.0,0.0,0.0,0.0,0.0
10-09 02:00:00,0.0,0.0,0.0,0.0,0.0,0.0
10-09 03:00:00,0.0,0.0,0.0,0.0,0.0,0.0
10-09 04:00:00,0.0,0.0,0.0,0.0,0.0,0.0
10-09 05:00:00,0.0,0.0,0.0,0.0,0.0,0.0
10-09 06:00:00,0.0,0.0,0.0,0.0,0.0,0.0
10-09 07:00:00,0.0,0.0,0.0,0.0,0.0,0.0
10-09 08:00:00,0.0,0.0,0.0,0.0,0.0,0.0
10-09 09:00:00,0.0,0.0,0.0,0.0,0.0,0.0
10-09 10:00:00,121.0,118.0,125.0,124.0,118.0,121.2
10-09 11:00:00,344.0,355.0,369.0,364.0,366.0,359.6
10-09 12:00:00,574.0,599.0,602.0,602.0,597.0,594.8
10-09 13:00:00,771.0,783.99,770.99,790.99,788.99,781.192
10-09 14:00:00,902.99,921.99,877.99,914.99,913.99,906.39
10-09 15:00:00,918.99,947.99,918.99,967.99,977.99,946.39
10-09 16:00:00,847.0,957.99,870.99,936.99,940.99,910.792
10-09 17:00:00,795.0,852.99,702.0,823.99,845.99,803.9939999999999
10-09 18:00:00,599.0,676.0,483.0,649.0,686.0,618.6
10-09 19:00:00,425.0,451.0,280.0,402.0,443.0,400.2
10-09 20:00:00,195.0,215.0,40.0,152.0,90.0,138.4
10-09 21:00:00,0.0,0.0,0.0,0.0,0.0,0.0
10-09 22:00:00,0.0,0.0,0.0,0.0,0.0,0.0
10-09 23:00:00,0.0,0.0,0.0,0.0,0.0,0.0
11-09 00:00:00,0.0,0.0,0.0,0.0,0.0,0.0
11-09 01:00:00,0.0,0.0,0.0,0.0,0.0,0.0
11-09 02:00:00,0.0,0.0,0.0,0.0,0.0,0.0
11-09 03:00:00,0.0,0.0,0.0,0.0,0.0,0.0
11-09 04:00:00,0.0,0.0,0.0,0.0,0.0,0.0
11-09 05:00:00,0.0,0.0,0.0,0.0,0.0,0.0
11-09 06:00:00,0.0,0.0,0.0,0.0,0.0,0.0
11-09 07:00:00,0.0,0.0,0.0,0.0,0.0,0.0
11-09 08:00:00,0.0,0.0,0.0,0.0,0.0,0.0
11-09 09:00:00,0.0,0.0,0.0,0.0,0.0,0.0
11-09 10:00:00,122.0,125.0,87.0,128.0,125.0,117.4
11-09 11:00:00,351.0,359.0,369.0,361.0,372.0,362.4
11-09 12:00:00,582.0,607.0,603.0,608.0,603.0,600.6
11-09 13:00:00,780.0,806.99,786.99,791.99,794.99,792.192
11-09 14:00:00,911.99,935.99,905.99,920.99,919.99,918.99
11-09 15:00:00,975.99,993.99,958.99,958.99,983.99,974.39
11-09 16:00:00,948.99,971.99,921.99,921.99,945.99,942.1899999999999
11-09 17:00:00,856.99,859.99,828.99,763.0,850.99,831.992
11-09 18:00:00,653.0,682.0,624.0,583.0,693.0,647.0
11-09 19:00:00,414.0,458.0,390.0,203.0,457.0,384.4
11-09 20:00:00,213.0,188.0,109.0,18.0,212.0,148.0
11-09 21:00:00,0.0,0.0,0.0,0.0,0.0,0.0
11-09 22:00:00,0.0,0.0,0.0,0.0,0.0,0.0
11-09 23:00:00,0.0,0.0,0.0,0.0,0.0,0.0
12-09 00:00:00,0.0,0.0,0.0,0.0,0.0,0.0
12-09 01:00:00,0.0,0.0,0.0,0.0,0.0,0.0
12-09 02:00:00,0.0,0.0,0.0,0.0,0.0,0.0
12-09 03:00:00,0.0,0.0,0.0,0.0,0.0,0.0
12-09 04:00:00,0.0,0.0,0.0,0.0,0.0,0.0
12-09 05:00:00,0.0,0.0,0.0,0.0,0.0,0.0
12-09 06:00:00,0.0,0.0,0.0,0.0,0.0,0.0
12-09 07:00:00,0.0,0.0,0.0,0.0,0.0,0.0
12-09 08:00:00,0.0,0.0,0.0,0.0,0.0,0.0
12-09 09:00:00,0.0,0.0,0.0,0.0,0.0,0.0
12-09 10:00:00,130.0,133.0,129.0,68.0,132.0,118.4
12-09 11:00:00,362.0,382.0,384.0,196.0,381.0,341.0
12-09 12:00:00,597.0,620.0,620.0,470.0,611.0,583.6
12-09 13:00:00,789.0,811.99,802.99,797.99,803.99,801.192
12-09 14:00:00,916.99,941.99,926.99,915.99,927.99,925.99
12-09 15:00:00,800.0,994.99,980.99,815.0,970.99,912.394
12-09 16:00:00,857.0,960.99,927.99,762.0,843.0,870.1959999999999
12-09 17:00:00,798.0,839.99,750.0,753.0,613.0,750.798
12-09 18:00:00,659.0,652.0,614.0,536.0,579.0,608.0
12-09 19:00:00,430.0,406.0,346.0,387.0,315.0,376.8
12-09 20:00:00,175.0,123.0,128.0,18.0,132.0,115.2
12-09 21:00:00,0.0,0.0,0.0,0.0,0.0,0.0
12-09 22:00:00,0.0,0.0,0.0,0.0,0.0,0.0
12-09 23:00:00,0.0,0.0,0.0,0.0,0.0,0.0
13-09 00:00:00,0.0,0.0,0.0,0.0,0.0,0.0
13-09 01:00:00,0.0,0.0,0.0,0.0,0.0,0.0
13-09 02:00:00,0.0,0.0,0.0,0.0,0.0,0.0
13-09 03:00:00,0.0,0.0,0.0,0.0,0.0,0.0
13-09 04:00:00,0.0,0.0,0.0,0.0,0.0,0.0
13-09 05:00:00,0.0,0.0,0.0,0.0,0.0,0.0
13-09 06:00:00,0.0,0.0,0.0,0.0,0.0,0.0
13-09 07:00:00,0.0,0.0,0.0,0.0,0.0,0.0
13-09 08:00:00,0.0,0.0,0.0,0.0,0.0,0.0
13-09 09:00:00,0.0,0.0,0.0,0.0,0.0,0.0
13-09 10:00:00,135.0,135.0,127.0,136.0,133.0,133.2
13-09 11:00:00,365.0,381.0,371.0,387.0,380.0,376.8
13-09 12:00:00,597.0,620.0,610.0,620.0,611.0,611.6
13-09 13:00:00,796.0,812.0,793.0,801.0,799.0,800.2
13-09 14:00:00,928.99,939.99,919.99,928.99,925.99,928.79
13-09 15:00:00,985.99,997.99,949.99,938.99,983.99,971.39
13-09 16:00:00,962.99,963.99,906.99,879.0,950.99,932.792
13-09 17:00:00,865.99,842.99,833.99,754.0,853.99,830.192
13-09 18:00:00,689.0,642.0,618.0,491.0,672.0,622.4
13-09 19:00:00,442.0,431.0,376.0,303.0,417.0,393.8
13-09 20:00:00,108.0,156.0,110.0,107.0,197.0,135.6
13-09 21:00:00,0.0,0.0,0.0,0.0,0.0,0.0
13-09 22:00:00,0.0,0.0,0.0,0.0,0.0,0.0
13-09 23:00:00,0.0,0.0,0.0,0.0,0.0,0.0
14-09 00:00:00,0.0,0.0,0.0,0.0,0.0,0.0
14-09 01:00:00,0.0,0.0,0.0,0.0,0.0,0.0
14-09 02:00:00,0.0,0.0,0.0,0.0,0.0,0.0
14-09 03:00:00,0.0,0.0,0.0,0.0,0.0,0.0
14-09 04:00:00,0.0,0.0,0.0,0.0,0.0,0.0
14-09 05:00:00,0.0,0.0,0.0,0.0,0.0,0.0
14-09 06:00:00,0.0,0.0,0.0,0.0,0.0,0.0
14-09 07:00:00,0.0,0.0,0.0,0.0,0.0,0.0
14-09 08:00:00,0.0,0.0,0.0,0.0,0.0,0.0
14-09 09:00:00,0.0,0.0,0.0,0.0,0.0,0.0
14-09 10:00:00,135.0,88.0,64.0,141.0,117.0,109.0
14-09 11:00:00,373.0,359.0,239.0,392.0,384.0,349.4
14-09 12:00:00,608.0,615.0,530.0,629.0,615.0,599.4
14-09 13:00:00,784.0,782.0,778.0,808.0,795.0,789.4
14-09 14:00:00,902.99,920.99,895.99,915.99,907.99,908.79
14-09 15:00:00,974.99,965.99,793.0,665.0,838.0,847.396
14-09 16:00:00,906.99,931.99,631.0,344.0,542.0,671.196
14-09 17:00:00,818.0,824.0,689.0,768.0,731.0,766.0
14-09 18:00:00,645.0,642.0,649.0,285.0,368.0,517.8
14-09 19:00:00,377.0,444.0,393.0,312.0,275.0,360.2
14-09 20:00:00,94.0,154.0,130.0,54.0,23.0,91.0
14-09 21:00:00,0.0,0.0,0.0,0.0,0.0,0.0
14-09 22:00:00,0.0,0.0,0.0,0.0,0.0,0.0
14-09 23:00:00,0.0,0.0,0.0,0.0,0.0,0.0
15-09 00:00:00,0.0,0.0,0.0,0.0,0.0,0.0
15-09 01:00:00,0.0,0.0,0.0,0.0,0.0,0.0
15-09 02:00:00,0.0,0.0,0.0,0.0,0.0,0.0
15-09 03:00:00,0.0,0.0,0.0,0.0,0.0,0.0
15-09 04:00:00,0.0,0.0,0.0,0.0,0.0,0.0
15-09 05:00:00,0.0,0.0,0.0,0.0,0.0,0.0
15-09 06:00:00,0.0,0.0,0.0,0.0,0.0,0.0
15-09 07:00:00,0.0,0.0,0.0,0.0,0.0,0.0
15-09 08:00:00,0.0,0.0,0.0,0.0,0.0,0.0
15-09 09:00:00,0.0,0.0,0.0,0.0,0.0,0.0
15-09 10:00:00,141.0,137.0,132.0,140.0,72.0,124.4
15-09 11:00:00,380.0,360.0,392.0,392.0,203.0,345.4
15-09 12:00:00,620.0,615.0,626.0,630.0,439.0,586.0
15-09 13:00:00,811.0,812.0,808.0,800.0,552.0,756.6
15-09 14:00:00,933.99,932.99,925.99,915.99,482.0,838.192
15-09 15:00:00,990.99,989.99,945.99,961.99,578.0,893.392
15-09 16:00:00,966.99,959.99,560.0,922.99,704.0,822.7940000000001
15-09 17:00:00,872.99,848.0,767.0,798.0,625.0,782.198
15-09 18:00:00,701.0,646.0,343.0,589.0,563.0,568.4
15-09 19:00:00,465.0,394.0,289.0,361.0,105.0,322.8
15-09 20:00:00,205.0,173.0,18.0,112.0,18.0,105.2
15-09 21:00:00,0.0,0.0,0.0,0.0,0.0,0.0
15-09 22:00:00,0.0,0.0,0.0,0.0,0.0,0.0
15-09 23:00:00,0.0,0.0,0.0,0.0,0.0,0.0
16-09 00:00:00,0.0,0.0,0.0,0.0,0.0,0.0
16-09 01:00:00,0.0,0.0,0.0,0.0,0.0,0.0
16-09 02:00:00,0.0,0.0,0.0,0.0,0.0,0.0
16-09 03:00:00,0.0,0.0,0.0,0.0,0.0,0.0
16-09 04:00:00,0.0,0.0,0.0,0.0,0.0,0.0
16-09 05:00:00,0.0,0.0,0.0,0.0,0.0,0.0
16-09 06:00:00,0.0,0.0,0.0,0.0,0.0,0.0
16-09 07:00:00,0.0,0.0,0.0,0.0,0.0,0.0
16-09 08:00:00,0.0,0.0,0.0,0.0,0.0,0.0
16-09 09:00:00,0.0,0.0,0.0,0.0,0.0,0.0
16-09 10:00:00,145.0,144.0,142.0,141.0,124.0,139.2
16-09 11:00:00,375.0,387.0,394.0,394.0,386.0,387.2
16-09 12:00:00,628.0,633.0,638.0,627.0,609.0,627.0
16-09 13:00:00,828.0,816.0,813.0,799.0,793.0,809.8
16-09 14:00:00,945.99,925.99,929.99,919.99,856.0,915.592
16-09 15:00:00,986.99,958.99,975.99,953.99,952.99,965.79
16-09 16:00:00,945.99,906.0,920.99,857.0,803.0,886.5959999999999
16-09 17:00:00,855.0,782.0,808.0,691.0,661.0,759.4
16-09 18:00:00,688.0,554.0,608.0,373.0,378.0,520.2
16-09 19:00:00,465.0,280.0,376.0,242.0,422.0,357.0
16-09 20:00:00,164.0,19.0,0.0,68.0,178.0,85.8
16-09 21:00:00,0.0,0.0,0.0,0.0,0.0,0.0
16-09 22:00:00,0.0,0.0,0.0,0.0,0.0,0.0
16-09 23:00:00,0.0,0.0,0.0,0.0,0.0,0.0
17-09 00:00:00,0.0,0.0,0.0,0.0,0.0,0.0
17-09 01:00:00,0.0,0.0,0.0,0.0,0.0,0.0
17-09 02:00:00,0.0,0.0,0.0,0.0,0.0,0.0
17-09 03:00:00,0.0,0.0,0.0,0.0,0.0,0.0
17-09 04:00:00,0.0,0.0,0.0,0.0,0.0,0.0
17-09 05:00:00,0.0,0.0,0.0,0.0,0.0,0.0
17-09 06:00:00,0.0,0.0,0.0,0.0,0.0,0.0
17-09 07:00:00,0.0,0.0,0.0,0.0,0.0,0.0
17-09 08:00:00,0.0,0.0,0.0,0.0,0.0,0.0
17-09 09:00:00,0.0,0.0,0.0,0.0,0.0,0.0
17-09 10:00:00,147.0,145.0,145.0,144.0,38.0,123.8
17-09 11:00:00,377.0,387.0,398.0,394.0,140.0,339.2
17-09 12:00:00,619.0,625.0,641.0,631.0,166.0,536.4
17-09 13:00:00,816.0,809.0,827.0,805.0,547.0,760.8
17-09 14:00:00,947.99,879.0,949.99,920.99,794.0,898.394
17-09 15:00:00,1004.99,915.0,1000.99,923.0,852.0,939.1959999999999
17-09 16:00:00,973.99,811.0,965.99,921.0,454.0,825.1959999999999
17-09 17:00:00,874.0,729.0,862.0,807.0,79.0,670.2
17-09 18:00:00,691.0,440.0,663.0,607.0,59.0,492.0
17-09 19:00:00,427.0,268.0,423.0,284.0,39.0,288.2
17-09 20:00:00,169.0,20.0,167.0,44.0,18.0,83.6
17-09 21:00:00,0.0,0.0,0.0,0.0,0.0,0.0
17-09 22:00:00,0.0,0.0,0.0,0.0,0.0,0.0
17-09 23:00:00,0.0,0.0,0.0,0.0,0.0,0.0
18-09 00:00:00,0.0,0.0,0.0,0.0,0.0,0.0
18-09 01:00:00,0.0,0.0,0.0,0.0,0.0,0.0
18-09 02:00:00,0.0,0.0,0.0,0.0,0.0,0.0
18-09 03:00:00,0.0,0.0,0.0,0.0,0.0,0.0
18-09 04:00:00,0.0,0.0,0.0,0.0,0.0,0.0
18-09 05:00:00,0.0,0.0,0.0,0.0,0.0,0.0
18-09 06:00:00,0.0,0.0,0.0,0.0,0.0,0.0
18-09 07:00:00,0.0,0.0,0.0,0.0,0.0,0.0
18-09 08:00:00,0.0,0.0,0.0,0.0,0.0,0.0
18-09 09:00:00,0.0,0.0,0.0,0.0,0.0,0.0
18-09 10:00:00,154.0,39.0,150.0,79.0,149.0,114.2
18-09 11:00:00,395.0,76.0,382.0,399.0,398.0,330.0
18-09 12:00:00,634.0,378.0,639.0,635.0,627.0,582.6
18-09 13:00:00,817.0,804.0,836.0,811.0,801.0,813.8
18-09 14:00:00,937.99,873.0,968.99,931.99,929.99,928.392
18-09 15:00:00,992.99,914.0,1030.99,981.99,984.99,980.992
18-09 16:00:00,942.0,900.0,993.99,931.0,909.0,935.198
18-09 17:00:00,769.0,651.0,896.99,748.0,797.0,772.3979999999999
18-09 18:00:00,565.0,414.0,680.0,624.0,616.0,579.8
18-09 19:00:00,413.0,73.0,446.0,315.0,420.0,333.4
18-09 20:00:00,132.0,19.0,187.0,54.0,195.0,117.4
18-09 21:00:00,0.0,0.0,0.0,0.0,0.0,0.0
18-09 22:00:00,0.0,0.0,0.0,0.0,0.0,0.0
18-09 23:00:00,0.0,0.0,0.0,0.0,0.0,0.0
19-09 00:00:00,0.0,0.0,0.0,0.0,0.0,0.0
19-09 01:00:00,0.0,0.0,0.0,0.0,0.0,0.0
19-09 02:00:00,0.0,0.0,0.0,0.0,0.0,0.0
19-09 03:00:00,0.0,0.0,0.0,0.0,0.0,0.0
19-09 04:00:00,0.0,0.0,0.0,0.0,0.0,0.0
19-09 05:00:00,0.0,0.0,0.0,0.0,0.0,0.0
19-09 06:00:00,0.0,0.0,0.0,0.0,0.0,0.0
19-09 07:00:00,0.0,0.0,0.0,0.0,0.0,0.0
19-09 08:00:00,0.0,0.0,0.0,0.0,0.0,0.0
19-09 09:00:00,0.0,0.0,0.0,0.0,0.0,0.0
19-09 10:00:00,146.0,125.0,155.0,28.0,71.0,105.0
19-09 11:00:00,382.0,399.0,398.0,69.0,384.0,326.4
19-09 12:00:00,633.0,637.0,657.0,364.0,620.0,582.2
19-09 13:00:00,818.0,819.0,844.0,676.0,803.0,792.0
19-09 14:00:00,948.99,884.0,972.99,814.0,907.0,905.396
19-09 15:00:00,997.99,888.0,1023.99,973.99,975.99,971.992
19-09 16:00:00,966.99,929.0,991.99,486.0,871.0,848.9959999999999
19-09 17:00:00,858.0,522.0,881.0,783.0,555.0,719.8
19-09 18:00:00,667.0,456.0,685.0,450.0,654.0,582.4
19-09 19:00:00,408.0,202.0,430.0,352.0,365.0,351.4
19-09 20:00:00,147.0,18.0,156.0,104.0,177.0,120.4
19-09 21:00:00,0.0,0.0,0.0,0.0,0.0,0.0
19-09 22:00:00,0.0,0.0,0.0,0.0,0.0,0.0
19-09 23:00:00,0.0,0.0,0.0,0.0,0.0,0.0
20-09 00:00:00,0.0,0.0,0.0,0.0,0.0,0.0
20-09 01:00:00,0.0,0.0,0.0,0.0,0.0,0.0
20-09 02:00:00,0.0,0.0,0.0,0.0,0.0,0.0
20-09 03:00:00,0.0,0.0,0.0,0.0,0.0,0.0
20-09 04:00:00,0.0,0.0,0.0,0.0,0.0,0.0
20-09 05:00:00,0.0,0.0,0.0,0.0,0.0,0.0
20-09 06:00:00,0.0,0.0,0.0,0.0,0.0,0.0
20-09 07:00:00,0.0,0.0,0.0,0.0,0.0,0.0
20-09 08:00:00,0.0,0.0,0.0,0.0,0.0,0.0
20-09 09:00:00,0.0,0.0,0.0,0.0,0.0,0.0
20-09 10:00:00,165.0,162.0,160.0,35.0,159.0,136.2
20-09 11:00:00,421.0,414.0,405.0,233.0,411.0,376.8
20-09 12:00:00,664.0,650.0,649.0,375.0,642.0,596.0
20-09 13:00:00,832.0,825.0,837.0,385.0,821.0,740.0
20-09 14:00:00,954.0,935.0,959.0,726.0,947.0,904.2
20-09 15:00:00,991.99,977.0,1013.99,453.0,969.0,880.9959999999999
20-09 16:00:00,929.0,935.0,961.0,325.0,780.0,786.0
20-09 17:00:00,753.0,789.0,794.0,362.0,822.0,704.0
20-09 18:00:00,555.0,549.0,558.0,214.0,660.0,507.2
20-09 19:00:00,309.0,289.0,384.0,51.0,420.0,290.6
20-09 20:00:00,201.0,18.0,118.0,18.0,28.0,76.6
20-09 21:00:00,0.0,0.0,0.0,0.0,0.0,0.0
20-09 22:00:00,0.0,0.0,0.0,0.0,0.0,0.0
20-09 23:00:00,0.0,0.0,0.0,0.0,0.0,0.0
21-09 00:00:00,0.0,0.0,0.0,0.0,0.0,0.0
21-09 01:00:00,0.0,0.0,0.0,0.0,0.0,0.0
21-09 02:00:00,0.0,0.0,0.0,0.0,0.0,0.0
21-09 03:00:00,0.0,0.0,0.0,0.0,0.0,0.0
21-09 04:00:00,0.0,0.0,0.0,0.0,0.0,0.0
21-09 05:00:00,0.0,0.0,0.0,0.0,0.0,0.0
21-09 06:00:00,0.0,0.0,0.0,0.0,0.0,0.0
21-09 07:00:00,0.0,0.0,0.0,0.0,0.0,0.0
21-09 08:00:00,0.0,0.0,0.0,0.0,0.0,0.0
21-09 09:00:00,0.0,0.0,0.0,0.0,0.0,0.0
21-09 10:00:00,164.0,158.0,164.0,92.0,155.0,146.6
21-09 11:00:00,416.0,415.0,416.0,408.0,417.0,414.4
21-09 12:00:00,654.0,594.0,661.0,645.0,648.0,640.4
21-09 13:00:00,822.0,664.0,835.0,817.0,823.0,792.2
21-09 14:00:00,936.0,561.0,951.0,907.0,953.0,861.6
21-09 15:00:00,968.0,809.0,972.0,782.0,964.0,899.0
21-09 16:00:00,926.0,521.0,604.0,650.0,595.0,659.2
21-09 17:00:00,811.0,305.0,714.0,799.0,752.0,676.2
21-09 18:00:00,603.0,297.0,429.0,415.0,663.0,481.4
21-09 19:00:00,307.0,253.0,251.0,51.0,305.0,233.4
21-09 20:00:00,18.0,18.0,19.0,87.0,116.0,51.6
21-09 21:00:00,0.0,0.0,0.0,0.0,0.0,0.0
21-09 22:00:00,0.0,0.0,0.0,0.0,0.0,0.0
21-09 23:00:00,0.0,0.0,0.0,0.0,0.0,0.0
22-09 00:00:00,0.0,0.0,0.0,0.0,0.0,0.0
22-09 01:00:00,0.0,0.0,0.0,0.0,0.0,0.0
22-09 02:00:00,0.0,0.0,0.0,0.0,0.0,0.0
22-09 03:00:00,0.0,0.0,0.0,0.0,0.0,0.0
22-09 04:00:00,0.0,0.0,0.0,0.0,0.0,0.0
22-09 05:00:00,0.0,0.0,0.0,0.0,0.0,0.0
22-09 06:00:00,0.0,0.0,0.0,0.0,0.0,0.0
22-09 07:00:00,0.0,0.0,0.0,0.0,0.0,0.0
22-09 08:00:00,0.0,0.0,0.0,0.0,0.0,0.0
22-09 09:00:00,0.0,0.0,0.0,0.0,0.0,0.0
22-09 10:00:00,159.0,19.0,168.0,127.0,162.0,127.0
22-09 11:00:00,264.0,36.0,425.0,221.0,365.0,262.2
22-09 12:00:00,570.0,88.0,664.0,310.0,637.0,453.8
22-09 13:00:00,825.0,288.0,841.0,95.0,821.0,574.0
22-09 14:00:00,944.0,196.0,957.0,205.0,935.0,647.4
22-09 15:00:00,981.0,253.0,1000.0,142.0,988.0,672.8
22-09 16:00:00,859.0,175.0,967.0,132.0,692.0,565.0
22-09 17:00:00,620.0,198.0,848.0,123.0,683.0,494.4
22-09 18:00:00,404.0,101.0,661.0,77.0,618.0,372.2
22-09 19:00:00,230.0,39.0,374.0,52.0,396.0,218.2
22-09 20:00:00,18.0,18.0,101.0,18.0,18.0,34.6
22-09 21:00:00,0.0,0.0,0.0,0.0,0.0,0.0
22-09 22:00:00,0.0,0.0,0.0,0.0,0.0,0.0
22-09 23:00:00,0.0,0.0,0.0,0.0,0.0,0.0
23-09 00:00:00,0.0,0.0,0.0,0.0,0.0,0.0
23-09 01:00:00,0.0,0.0,0.0,0.0,0.0,0.0
23-09 02:00:00,0.0,0.0,0.0,0.0,0.0,0.0
23-09 03:00:00,0.0,0.0,0.0,0.0,0.0,0.0
23-09 04:00:00,0.0,0.0,0.0,0.0,0.0,0.0
23-09 05:00:00,0.0,0.0,0.0,0.0,0.0,0.0
23-09 06:00:00,0.0,0.0,0.0,0.0,0.0,0.0
23-09 07:00:00,0.0,0.0,0.0,0.0,0.0,0.0
23-09 08:00:00,0.0,0.0,0.0,0.0,0.0,0.0
23-09 09:00:00,0.0,0.0,0.0,0.0,0.0,0.0
23-09 10:00:00,69.0,73.0,165.0,103.0,166.0,115.2
23-09 11:00:00,71.0,97.0,423.0,71.0,420.0,216.4
23-09 12:00:00,557.0,125.0,665.0,114.0,647.0,421.6
23-09 13:00:00,772.0,259.0,833.0,372.0,824.0,612.0
23-09 14:00:00,653.0,171.0,947.0,321.0,931.0,604.6
23-09 15:00:00,696.0,212.0,994.0,274.0,849.0,605.0
23-09 16:00:00,881.0,215.0,956.0,204.0,746.0,600.4
23-09 17:00:00,807.0,186.0,811.0,261.0,780.0,569.0
23-09 18:00:00,632.0,83.0,622.0,101.0,597.0,407.0
23-09 19:00:00,366.0,51.0,375.0,39.0,404.0,247.0
23-09 20:00:00,110.0,18.0,110.0,18.0,135.0,78.2
23-09 21:00:00,0.0,0.0,0.0,0.0,0.0,0.0
23-09 22:00:00,0.0,0.0,0.0,0.0,0.0,0.0
23-09 23:00:00,0.0,0.0,0.0,0.0,0.0,0.0
24-09 00:00:00,0.0,0.0,0.0,0.0,0.0,0.0
24-09 01:00:00,0.0,0.0,0.0,0.0,0.0,0.0
24-09 02:00:00,0.0,0.0,0.0,0.0,0.0,0.0
24-09 03:00:00,0.0,0.0,0.0,0.0,0.0,0.0
24-09 04:00:00,0.0,0.0,0.0,0.0,0.0,0.0
24-09 05:00:00,0.0,0.0,0.0,0.0,0.0,0.0
24-09 06:00:00,0.0,0.0,0.0,0.0,0.0,0.0
24-09 07:00:00,0.0,0.0,0.0,0.0,0.0,0.0
24-09 08:00:00,0.0,0.0,0.0,0.0,0.0,0.0
24-09 09:00:00,0.0,0.0,0.0,0.0,0.0,0.0
24-09 10:00:00,172.0,177.0,128.0,100.0,172.0,149.8
24-09 11:00:00,413.0,431.0,394.0,273.0,287.0,359.6
24-09 12:00:00,649.0,664.0,640.0,539.0,648.0,628.0
24-09 13:00:00,828.0,851.0,706.0,675.0,829.0,777.8
24-09 14:00:00,951.0,966.0,880.0,592.0,957.0,869.2
24-09 15:00:00,998.0,1003.0,939.0,917.0,947.0,960.8
24-09 16:00:00,965.0,932.0,963.0,768.0,750.0,875.6
24-09 17:00:00,840.0,777.0,848.0,775.0,744.0,796.8
24-09 18:00:00,651.0,587.0,675.0,507.0,203.0,524.6
24-09 19:00:00,388.0,406.0,238.0,365.0,218.0,323.0
24-09 20:00:00,50.0,172.0,41.0,18.0,18.0,59.8
24-09 21:00:00,0.0,0.0,0.0,0.0,0.0,0.0
24-09 22:00:00,0.0,0.0,0.0,0.0,0.0,0.0
24-09 23:00:00,0.0,0.0,0.0,0.0,0.0,0.0
25-09 00:00:00,0.0,0.0,0.0,0.0,0.0,0.0
25-09 01:00:00,0.0,0.0,0.0,0.0,0.0,0.0
25-09 02:00:00,0.0,0.0,0.0,0.0,0.0,0.0
25-09 03:00:00,0.0,0.0,0.0,0.0,0.0,0.0
25-09 04:00:00,0.0,0.0,0.0,0.0,0.0,0.0
25-09 05:00:00,0.0,0.0,0.0,0.0,0.0,0.0
25-09 06:00:00,0.0,0.0,0.0,0.0,0.0,0.0
25-09 07:00:00,0.0,0.0,0.0,0.0,0.0,0.0
25-09 08:00:00,0.0,0.0,0.0,0.0,0.0,0.0
25-09 09:00:00,0.0,0.0,0.0,0.0,0.0,0.0
25-09 10:00:00,159.0,181.0,174.0,103.0,171.0,157.6
25-09 11:00:00,425.0,431.0,425.0,357.0,199.0,367.4
25-09 12:00:00,649.0,670.0,660.0,654.0,654.0,657.4
25-09 13:00:00,796.0,862.0,834.0,795.0,826.0,822.6
25-09 14:00:00,929.0,987.0,953.0,923.0,949.0,948.2
25-09 15:00:00,866.0,1040.0,994.0,968.0,990.0,971.6
25-09 16:00:00,662.0,999.0,955.0,956.0,891.0,892.6
25-09 17:00:00,453.0,870.0,826.0,714.0,775.0,727.6
25-09 18:00:00,244.0,664.0,592.0,489.0,312.0,460.2
25-09 19:00:00,87.0,336.0,369.0,365.0,40.0,239.4
25-09 20:00:00,21.0,221.0,126.0,154.0,170.0,138.4
25-09 21:00:00,0.0,0.0,0.0,0.0,0.0,0.0
25-09 22:00:00,0.0,0.0,0.0,0.0,0.0,0.0
25-09 23:00:00,0.0,0.0,0.0,0.0,0.0,0.0
26-09 00:00:00,0.0,0.0,0.0,0.0,0.0,0.0
26-09 01:00:00,0.0,0.0,0.0,0.0,0.0,0.0
26-09 02:00:00,0.0,0.0,0.0,0.0,0.0,0.0
26-09 03:00:00,0.0,0.0,0.0,0.0,0.0,0.0
26-09 04:00:00,0.0,0.0,0.0,0.0,0.0,0.0
26-09 05:00:00,0.0,0.0,0.0,0.0,0.0,0.0
26-09 06:00:00,0.0,0.0,0.0,0.0,0.0,0.0
26-09 07:00:00,0.0,0.0,0.0,0.0,0.0,0.0
26-09 08:00:00,0.0,0.0,0.0,0.0,0.0,0.0
26-09 09:00:00,0.0,0.0,0.0,0.0,0.0,0.0
26-09 10:00:00,164.0,182.0,45.0,171.0,52.0,122.8
26-09 11:00:00,37.0,431.0,96.0,426.0,76.0,213.2
26-09 12:00:00,365.0,676.0,115.0,663.0,525.0,468.8
26-09 13:00:00,97.0,868.0,153.0,807.0,698.0,524.6
26-09 14:00:00,90.0,988.0,161.0,712.0,943.0,578.8
26-09 15:00:00,113.0,943.0,263.0,844.0,983.0,629.2
26-09 16:00:00,174.0,782.0,161.0,800.0,913.0,566.0
26-09 17:00:00,139.0,810.0,514.0,563.0,682.0,541.6
26-09 18:00:00,76.0,617.0,323.0,418.0,616.0,410.0
26-09 19:00:00,40.0,413.0,294.0,410.0,337.0,298.8
26-09 20:00:00,18.0,172.0,120.0,64.0,124.0,99.6
26-09 21:00:00,0.0,0.0,0.0,0.0,0.0,0.0
26-09 22:00:00,0.0,0.0,0.0,0.0,0.0,0.0
26-09 23:00:00,0.0,0.0,0.0,0.0,0.0,0.0
27-09 00:00:00,0.0,0.0,0.0,0.0,0.0,0.0
27-09 01:00:00,0.0,0.0,0.0,0.0,0.0,0.0
27-09 02:00:00,0.0,0.0,0.0,0.0,0.0,0.0
27-09 03:00:00,0.0,0.0,0.0,0.0,0.0,0.0
27-09 04:00:00,0.0,0.0,0.0,0.0,0.0,0.0
27-09 05:00:00,0.0,0.0,0.0,0.0,0.0,0.0
27-09 06:00:00,0.0,0.0,0.0,0.0,0.0,0.0
27-09 07:00:00,0.0,0.0,0.0,0.0,0.0,0.0
27-09 08:00:00,0.0,0.0,0.0,0.0,0.0,0.0
27-09 09:00:00,0.0,0.0,0.0,0.0,0.0,0.0
27-09 10:00:00,91.0,182.0,181.0,35.0,15.0,100.8
27-09 11:00:00,159.0,443.0,436.0,129.0,82.0,249.8
27-09 12:00:00,413.0,683.0,675.0,334.0,485.0,518.0
27-09 13:00:00,638.0,795.0,856.0,571.0,650.0,702.0
27-09 14:00:00,633.0,763.0,970.0,645.0,565.0,715.2
27-09 15:00:00,926.0,899.0,1022.0,645.0,943.0,887.0
27-09 16:00:00,899.0,801.0,928.0,320.0,611.0,711.8
27-09 17:00:00,857.0,614.0,764.0,178.0,246.0,531.8
27-09 18:00:00,663.0,483.0,539.0,373.0,64.0,424.4
27-09 19:00:00,389.0,197.0,121.0,40.0,43.0,158.0
27-09 20:00:00,121.0,136.0,41.0,18.0,18.0,66.8
27-09 21:00:00,0.0,0.0,0.0,0.0,0.0,0.0
27-09 22:00:00,0.0,0.0,0.0,0.0,0.0,0.0
27-09 23:00:00,0.0,0.0,0.0,0.0,0.0,0.0
28-09 00:00:00,0.0,0.0,0.0,0.0,0.0,0.0
28-09 01:00:00,0.0,0.0,0.0,0.0,0.0,0.0
28-09 02:00:00,0.0,0.0,0.0,0.0,0.0,0.0
28-09 03:00:00,0.0,0.0,0.0,0.0,0.0,0.0
28-09 04:00:00,0.0,0.0,0.0,0.0,0.0,0.0
28-09 05:00:00,0.0,0.0,0.0,0.0,0.0,0.0
28-09 06:00:00,0.0,0.0,0.0,0.0,0.0,0.0
28-09 07:00:00,0.0,0.0,0.0,0.0,0.0,0.0
28-09 08:00:00,0.0,0.0,0.0,0.0,0.0,0.0
28-09 09:00:00,0.0,0.0,0.0,0.0,0.0,0.0
28-09 10:00:00,186.0,189.0,123.0,143.0,111.0,150.4
28-09 11:00:00,440.0,453.0,118.0,324.0,427.0,352.4
28-09 12:00:00,679.0,682.0,158.0,560.0,657.0,547.2
28-09 13:00:00,855.0,869.0,411.0,767.0,827.0,745.8
28-09 14:00:00,947.0,722.0,673.0,309.0,937.0,717.6
28-09 15:00:00,929.0,915.0,1018.0,884.0,823.0,913.8
28-09 16:00:00,941.0,878.0,987.0,698.0,174.0,735.6
28-09 17:00:00,646.0,622.0,845.0,317.0,314.0,548.8
28-09 18:00:00,596.0,547.0,325.0,163.0,75.0,341.2
28-09 19:00:00,320.0,419.0,254.0,339.0,163.0,299.0
28-09 20:00:00,19.0,125.0,42.0,54.0,18.0,51.6
28-09 21:00:00,0.0,0.0,0.0,0.0,0.0,0.0
28-09 22:00:00,0.0,0.0,0.0,0.0,0.0,0.0
28-09 23:00:00,0.0,0.0,0.0,0.0,0.0,0.0
29-09 00:00:00,0.0,0.0,0.0,0.0,0.0,0.0
29-09 01:00:00,0.0,0.0,0.0,0.0,0.0,0.0
29-09 02:00:00,0.0,0.0,0.0,0.0,0.0,0.0
29-09 03:00:00,0.0,0.0,0.0,0.0,0.0,0.0
29-09 04:00:00,0.0,0.0,0.0,0.0,0.0,0.0
29-09 05:00:00,0.0,0.0,0.0,0.0,0.0,0.0
29-09 06:00:00,0.0,0.0,0.0,0.0,0.0,0.0
29-09 07:00:00,0.0,0.0,0.0,0.0,0.0,0.0
29-09 08:00:00,0.0,0.0,0.0,0.0,0.0,0.0
29-09 09:00:00,0.0,0.0,0.0,0.0,0.0,0.0
29-09 10:00:00,134.0,196.0,112.0,170.0,168.0,156.0
29-09 11:00:00,446.0,457.0,351.0,426.0,400.0,416.0
29-09 12:00:00,685.0,694.0,678.0,608.0,659.0,664.8
29-09 13:00:00,861.0,877.0,860.0,554.0,829.0,796.2
29-09 14:00:00,980.0,996.0,973.0,947.0,826.0,944.4
29-09 15:00:00,961.0,1047.0,986.0,908.0,793.0,939.0
29-09 16:00:00,882.0,1004.0,830.0,665.0,730.0,822.2
29-09 17:00:00,855.0,879.0,676.0,385.0,809.0,720.8
29-09 18:00:00,662.0,660.0,461.0,573.0,496.0,570.4
29-09 19:00:00,410.0,422.0,144.0,40.0,77.0,218.6
29-09 20:00:00,173.0,170.0,19.0,49.0,22.0,86.6
29-09 21:00:00,0.0,0.0,0.0,0.0,0.0,0.0
29-09 22:00:00,0.0,0.0,0.0,0.0,0.0,0.0
29-09 23:00:00,0.0,0.0,0.0,0.0,0.0,0.0
30-09 00:00:00,0.0,0.0,0.0,0.0,0.0,0.0
30-09 01:00:00,0.0,0.0,0.0,0.0,0.0,0.0
30-09 02:00:00,0.0,0.0,0.0,0.0,0.0,0.0
30-09 03:00:00,0.0,0.0,0.0,0.0,0.0,0.0
30-09 04:00:00,0.0,0.0,0.0,0.0,0.0,0.0
30-09 05:00:00,0.0,0.0,0.0,0.0,0.0,0.0
30-09 06:00:00,0.0,0.0,0.0,0.0,0.0,0.0
30-09 07:00:00,0.0,0.0,0.0,0.0,0.0,0.0
30-09 08:00:00,0.0,0.0,0.0,0.0,0.0,0.0
30-09 09:00:00,0.0,0.0,0.0,0.0,0.0,0.0
30-09 10:00:00,195.0,205.0,142.0,191.0,150.0,176.6
30-09 11:00:00,452.0,467.0,38.0,444.0,309.0,342.0
30-09 12:00:00,665.0,712.0,664.0,682.0,565.0,657.6
30-09 13:00:00,846.0,891.0,869.0,874.0,780.0,852.0
30-09 14:00:00,988.0,1000.0,956.0,990.0,868.0,960.4
30-09 15:00:00,1033.0,1045.0,1033.0,959.0,851.0,984.2
30-09 16:00:00,996.0,975.0,990.0,851.0,702.0,902.8
30-09 17:00:00,828.0,812.0,861.0,619.0,703.0,764.6
30-09 18:00:00,697.0,486.0,607.0,630.0,644.0,612.8
30-09 19:00:00,448.0,276.0,460.0,469.0,363.0,403.2
30-09 20:00:00,186.0,28.0,170.0,206.0,18.0,121.6
30-09 21:00:00,0.0,1.0,0.0,0.0,0.0,0.2
30-09 22:00:00,0.0,0.0,0.0,0.0,0.0,0.0
30-09 23:00:00,0.0,0.0,0.0,0.0,0.0,0.0
01-10 00:00:00,0.0,0.0,0.0,0.0,0.0,0.0
01-10 01:00:00,0.0,0.0,0.0,0.0,0.0,0.0
01-10 02:00:00,0.0,0.0,0.0,0.0,0.0,0.0
01-10 03:00:00,0.0,0.0,0.0,0.0,0.0,0.0
01-10 04:00:00,0.0,0.0,0.0,0.0,0.0,0.0
01-10 05:00:00,0.0,0.0,0.0,0.0,0.0,0.0
01-10 06:00:00,0.0,0.0,0.0,0.0,0.0,0.0
01-10 07:00:00,0.0,0.0,0.0,0.0,0.0,0.0
01-10 08:00:00,0.0,0.0,0.0,0.0,0.0,0.0
01-10 09:00:00,0.0,0.0,0.0,0.0,0.0,0.0
01-10 10:00:00,64.0,198.0,195.0,195.0,33.0,137.0
01-10 11:00:00,299.0,447.0,458.0,363.0,131.0,339.6
01-10 12:00:00,661.0,673.0,695.0,692.0,406.0,625.4
01-10 13:00:00,623.0,865.0,867.0,762.0,461.0,715.6
01-10 14:00:00,920.0,990.0,983.0,1001.0,561.0,891.0
01-10 15:00:00,881.0,1039.0,978.0,1046.0,989.0,986.6
01-10 16:00:00,828.0,1002.0,705.0,992.0,819.0,869.2
01-10 17:00:00,733.0,867.0,857.0,801.0,684.0,788.4
01-10 18:00:00,560.0,708.0,638.0,539.0,570.0,603.0
01-10 19:00:00,413.0,484.0,41.0,129.0,41.0,221.6
01-10 20:00:00,172.0,165.0,19.0,134.0,19.0,101.8
01-10 21:00:00,1.0,1.0,1.0,1.0,1.0,1.0
01-10 22:00:00,0.0,0.0,0.0,0.0,0.0,0.0
01-10 23:00:00,0.0,0.0,0.0,0.0,0.0,0.0
02-10 00:00:00,0.0,0.0,0.0,0.0,0.0,0.0
02-10 01:00:00,0.0,0.0,0.0,0.0,0.0,0.0
02-10 02:00:00,0.0,0.0,0.0,0.0,0.0,0.0
02-10 03:00:00,0.0,0.0,0.0,0.0,0.0,0.0
02-10 04:00:00,0.0,0.0,0.0,0.0,0.0,0.0
02-10 05:00:00,0.0,0.0,0.0,0.0,0.0,0.0
02-10 06:00:00,0.0,0.0,0.0,0.0,0.0,0.0
02-10 07:00:00,0.0,0.0,0.0,0.0,0.0,0.0
02-10 08:00:00,0.0,0.0,0.0,0.0,0.0,0.0
02-10 09:00:00,0.0,0.0,0.0,0.0,0.0,0.0
02-10 10:00:00,194.0,203.0,186.0,115.0,50.0,149.6
02-10 11:00:00,416.0,454.0,453.0,363.0,81.0,353.4
02-10 12:00:00,651.0,682.0,685.0,655.0,218.0,578.2
02-10 13:00:00,855.0,885.0,863.0,673.0,575.0,770.2
02-10 14:00:00,968.0,1022.0,983.0,736.0,724.0,886.6
02-10 15:00:00,1016.0,1078.0,1027.0,727.0,767.0,923.0
02-10 16:00:00,974.0,1044.0,995.0,857.0,893.0,952.6
02-10 17:00:00,748.0,905.0,894.0,896.0,776.0,843.8
02-10 18:00:00,634.0,739.0,705.0,708.0,343.0,625.8
02-10 19:00:00,460.0,509.0,452.0,355.0,41.0,363.4
02-10 20:00:00,174.0,184.0,188.0,41.0,151.0,147.6
02-10 21:00:00,1.0,1.0,1.0,1.0,1.0,1.0
02-10 22:00:00,0.0,0.0,0.0,0.0,0.0,0.0
02-10 23:00:00,0.0,0.0,0.0,0.0,0.0,0.0
03-10 00:00:00,0.0,0.0,0.0,0.0,0.0,0.0
03-10 01:00:00,0.0,0.0,0.0,0.0,0.0,0.0
03-10 02:00:00,0.0,0.0,0.0,0.0,0.0,0.0
03-10 03:00:00,0.0,0.0,0.0,0.0,0.0,0.0
03-10 04:00:00,0.0,0.0,0.0,0.0,0.0,0.0
03-10 05:00:00,0.0,0.0,0.0,0.0,0.0,0.0
03-10 06:00:00,0.0,0.0,0.0,0.0,0.0,0.0
03-10 07:00:00,0.0,0.0,0.0,0.0,0.0,0.0
03-10 08:00:00,0.0,0.0,0.0,0.0,0.0,0.0
03-10 09:00:00,0.0,0.0,0.0,0.0,0.0,0.0
03-10 10:00:00,169.0,207.0,198.0,88.0,195.0,171.4
03-10 11:00:00,196.0,454.0,461.0,291.0,164.0,313.2
03-10 12:00:00,667.0,689.0,690.0,254.0,454.0,550.8
03-10 13:00:00,730.0,883.0,858.0,785.0,556.0,762.4
03-10 14:00:00,974.0,1019.0,950.0,523.0,313.0,755.8
03-10 15:00:00,910.0,1074.0,876.0,274.0,817.0,790.2
03-10 16:00:00,892.0,1035.0,763.0,440.0,602.0,746.4
03-10 17:00:00,716.0,896.0,108.0,407.0,377.0,500.8
03-10 18:00:00,565.0,724.0,138.0,513.0,631.0,514.2
03-10 19:00:00,411.0,483.0,137.0,85.0,84.0,240.0
03-10 20:00:00,154.0,155.0,220.0,19.0,104.0,130.4
03-10 21:00:00,1.0,1.0,1.0,1.0,1.0,1.0
03-10 22:00:00,0.0,0.0,0.0,0.0,0.0,0.0
03-10 23:00:00,0.0,0.0,0.0,0.0,0.0,0.0
04-10 00:00:00,0.0,0.0,0.0,0.0,0.0,0.0
04-10 01:00:00,0.0,0.0,0.0,0.0,0.0,0.0
04-10 02:00:00,0.0,0.0,0.0,0.0,0.0,0.0
04-10 03:00:00,0.0,0.0,0.0,0.0,0.0,0.0
04-10 04:00:00,0.0,0.0,0.0,0.0,0.0,0.0
04-10 05:00:00,0.0,0.0,0.0,0.0,0.0,0.0
04-10 06:00:00,0.0,0.0,0.0,0.0,0.0,0.0
04-10 07:00:00,0.0,0.0,0.0,0.0,0.0,0.0
04-10 08:00:00,0.0,0.0,0.0,0.0,0.0,0.0
04-10 09:00:00,0.0,0.0,0.0,0.0,0.0,0.0
04-10 10:00:00,199.0,213.0,202.0,210.0,209.0,206.6
04-10 11:00:00,442.0,461.0,466.0,467.0,434.0,454.0
04-10 12:00:00,674.0,699.0,699.0,557.0,689.0,663.6
04-10 13:00:00,873.0,885.0,869.0,878.0,871.0,875.2
04-10 14:00:00,1003.0,1015.0,994.0,961.0,959.0,986.4
04-10 15:00:00,992.0,1064.0,1020.0,1003.0,669.0,949.6
04-10 16:00:00,777.0,1024.0,743.0,950.0,512.0,801.2
04-10 17:00:00,775.0,887.0,805.0,849.0,368.0,736.8
04-10 18:00:00,612.0,717.0,567.0,137.0,303.0,467.2
04-10 19:00:00,407.0,475.0,404.0,167.0,164.0,323.4
04-10 20:00:00,71.0,142.0,214.0,37.0,30.0,98.8
04-10 21:00:00,1.0,1.0,1.0,1.0,1.0,1.0
04-10 22:00:00,0.0,0.0,0.0,0.0,0.0,0.0
04-10 23:00:00,0.0,0.0,0.0,0.0,0.0,0.0
05-10 00:00:00,0.0,0.0,0.0,0.0,0.0,0.0
05-10 01:00:00,0.0,0.0,0.0,0.0,0.0,0.0
05-10 02:00:00,0.0,0.0,0.0,0.0,0.0,0.0
05-10 03:00:00,0.0,0.0,0.0,0.0,0.0,0.0
05-10 04:00:00,0.0,0.0,0.0,0.0,0.0,0.0
05-10 05:00:00,0.0,0.0,0.0,0.0,0.0,0.0
05-10 06:00:00,0.0,0.0,0.0,0.0,0.0,0.0
05-10 07:00:00,0.0,0.0,0.0,0.0,0.0,0.0
05-10 08:00:00,0.0,0.0,0.0,0.0,0.0,0.0
05-10 09:00:00,0.0,0.0,0.0,0.0,0.0,0.0
05-10 10:00:00,201.0,199.0,194.0,212.0,143.0,189.8
05-10 11:00:00,448.0,467.0,414.0,465.0,363.0,431.4
05-10 12:00:00,670.0,701.0,555.0,706.0,621.0,650.6
05-10 13:00:00,869.0,886.0,373.0,893.0,523.0,708.8
05-10 14:00:00,945.0,1016.0,499.0,825.0,579.0,772.8
05-10 15:00:00,1029.0,1065.0,950.0,975.0,756.0,955.0
05-10 16:00:00,952.0,1019.0,924.0,864.0,763.0,904.4
05-10 17:00:00,669.0,867.0,880.0,95.0,102.0,522.6
05-10 18:00:00,553.0,693.0,694.0,594.0,62.0,519.2
05-10 19:00:00,452.0,458.0,440.0,346.0,41.0,347.4
05-10 20:00:00,143.0,133.0,34.0,19.0,19.0,69.6
05-10 21:00:00,1.0,1.0,1.0,1.0,1.0,1.0
05-10 22:00:00,0.0,0.0,0.0,0.0,0.0,0.0
05-10 23:00:00,0.0,0.0,0.0,0.0,0.0,0.0
06-10 00:00:00,0.0,0.0,0.0,0.0,0.0,0.0
06-10 01:00:00,0.0,0.0,0.0,0.0,0.0,0.0
06-10 02:00:00,0.0,0.0,0.0,0.0,0.0,0.0
06-10 03:00:00,0.0,0.0,0.0,0.0,0.0,0.0
06-10 04:00:00,0.0,0.0,0.0,0.0,0.0,0.0
06-10 05:00:00,0.0,0.0,0.0,0.0,0.0,0.0
06-10 06:00:00,0.0,0.0,0.0,0.0,0.0,0.0
06-10 07:00:00,0.0,0.0,0.0,0.0,0.0,0.0
06-10 08:00:00,0.0,0.0,0.0,0.0,0.0,0.0
06-10 09:00:00,0.0,0.0,0.0,0.0,0.0,0.0
06-10 10:00:00,145.0,222.0,218.0,214.0,203.0,200.4
06-10 11:00:00,395.0,482.0,476.0,471.0,444.0,453.6
06-10 12:00:00,258.0,704.0,715.0,708.0,494.0,575.8
06-10 13:00:00,238.0,884.0,883.0,889.0,838.0,746.4
06-10 14:00:00,691.0,1013.0,1008.0,1005.0,746.0,892.6
06-10 15:00:00,672.0,1061.0,1051.0,1047.0,704.0,907.0
06-10 16:00:00,489.0,1004.0,968.0,879.0,763.0,820.6
06-10 17:00:00,639.0,846.0,661.0,575.0,183.0,580.8
06-10 18:00:00,346.0,650.0,585.0,576.0,109.0,453.2
06-10 19:00:00,316.0,400.0,318.0,334.0,41.0,281.8
06-10 20:00:00,19.0,116.0,122.0,124.0,19.0,80.0
06-10 21:00:00,1.0,1.0,1.0,1.0,1.0,1.0
06-10 22:00:00,0.0,0.0,0.0,0.0,0.0,0.0
06-10 23:00:00,0.0,0.0,0.0,0.0,0.0,0.0
07-10 00:00:00,0.0,0.0,0.0,0.0,0.0,0.0
07-10 01:00:00,0.0,0.0,0.0,0.0,0.0,0.0
07-10 02:00:00,0.0,0.0,0.0,0.0,0.0,0.0
07-10 03:00:00,0.0,0.0,0.0,0.0,0.0,0.0
07-10 04:00:00,0.0,0.0,0.0,0.0,0.0,0.0
07-10 05:00:00,0.0,0.0,0.0,0.0,0.0,0.0
07-10 06:00:00,0.0,0.0,0.0,0.0,0.0,0.0
07-10 07:00:00,0.0,0.0,0.0,0.0,0.0,0.0
07-10 08:00:00,0.0,0.0,0.0,0.0,0.0,0.0
07-10 09:00:00,0.0,1.0,0.0,0.0,0.0,0.2
07-10 10:00:00,206.0,224.0,223.0,40.0,137.0,166.0
07-10 11:00:00,444.0,479.0,394.0,162.0,406.0,377.0
07-10 12:00:00,681.0,702.0,709.0,158.0,564.0,562.8
07-10 13:00:00,866.0,885.0,882.0,78.0,696.0,681.4
07-10 14:00:00,906.0,1014.0,1006.0,129.0,956.0,802.2
07-10 15:00:00,1067.0,1061.0,1042.0,165.0,907.0,848.4
07-10 16:00:00,964.0,1021.0,846.0,569.0,354.0,750.8
07-10 17:00:00,672.0,827.0,688.0,220.0,331.0,547.6
07-10 18:00:00,368.0,590.0,524.0,302.0,119.0,380.6
07-10 19:00:00,42.0,387.0,78.0,41.0,41.0,117.8
07-10 20:00:00,23.0,149.0,43.0,19.0,19.0,50.6
07-10 21:00:00,1.0,1.0,1.0,1.0,1.0,1.0
07-10 22:00:00,0.0,0.0,0.0,0.0,0.0,0.0
07-10 23:00:00,0.0,0.0,0.0,0.0,0.0,0.0
08-10 00:00:00,0.0,0.0,0.0,0.0,0.0,0.0
08-10 01:00:00,0.0,0.0,0.0,0.0,0.0,0.0
08-10 02:00:00,0.0,0.0,0.0,0.0,0.0,0.0
08-10 03:00:00,0.0,0.0,0.0,0.0,0.0,0.0
08-10 04:00:00,0.0,0.0,0.0,0.0,0.0,0.0
08-10 05:00:00,0.0,0.0,0.0,0.0,0.0,0.0
08-10 06:00:00,0.0,0.0,0.0,0.0,0.0,0.0
08-10 07:00:00,0.0,0.0,0.0,0.0,0.0,0.0
08-10 08:00:00,0.0,0.0,0.0,0.0,0.0,0.0
08-10 09:00:00,1.0,1.0,1.0,1.0,1.0,1.0
08-10 10:00:00,19.0,228.0,186.0,222.0,203.0,171.6
08-10 11:00:00,119.0,483.0,295.0,478.0,460.0,367.0
08-10 12:00:00,323.0,703.0,0.0,715.0,684.0,485.0
08-10 13:00:00,333.0,881.0,249.0,873.0,766.0,620.4
08-10 14:00:00,656.0,1003.0,586.0,464.0,722.0,686.2
08-10 15:00:00,582.0,1026.0,928.0,828.0,842.0,841.2
08-10 16:00:00,250.0,792.0,750.0,745.0,769.0,661.2
08-10 17:00:00,589.0,695.0,392.0,264.0,620.0,512.0
08-10 18:00:00,212.0,404.0,393.0,198.0,403.0,322.0
08-10 19:00:00,44.0,84.0,50.0,42.0,244.0,92.8
08-10 20:00:00,19.0,20.0,30.0,53.0,56.0,35.6
08-10 21:00:00,1.0,1.0,1.0,1.0,1.0,1.0
08-10 22:00:00,0.0,0.0,0.0,0.0,0.0,0.0
08-10 23:00:00,0.0,0.0,0.0,0.0,0.0,0.0
09-10 00:00:00,0.0,0.0,0.0,0.0,0.0,0.0
09-10 01:00:00,0.0,0.0,0.0,0.0,0.0,0.0
09-10 02:00:00,0.0,0.0,0.0,0.0,0.0,0.0
09-10 03:00:00,0.0,0.0,0.0,0.0,0.0,0.0
09-10 04:00:00,0.0,0.0,0.0,0.0,0.0,0.0
09-10 05:00:00,0.0,0.0,0.0,0.0,0.0,0.0
09-10 06:00:00,0.0,0.0,0.0,0.0,0.0,0.0
09-10 07:00:00,0.0,0.0,0.0,0.0,0.0,0.0
09-10 08:00:00,0.0,0.0,0.0,0.0,0.0,0.0
09-10 09:00:00,1.0,2.0,1.0,2.0,1.0,1.4
09-10 10:00:00,147.0,225.0,33.0,198.0,208.0,162.2
09-10 11:00:00,320.0,481.0,232.0,408.0,223.0,332.8
09-10 12:00:00,634.0,679.0,633.0,716.0,535.0,639.4
09-10 13:00:00,868.0,884.0,320.0,897.0,622.0,718.2
09-10 14:00:00,973.0,1006.0,219.0,1011.0,858.0,813.4
09-10 15:00:00,979.0,1046.0,610.0,791.0,981.0,881.4
09-10 16:00:00,602.0,989.0,951.0,719.0,853.0,822.8
09-10 17:00:00,612.0,786.0,536.0,325.0,690.0,589.8
09-10 18:00:00,613.0,653.0,624.0,503.0,651.0,608.8
09-10 19:00:00,421.0,383.0,383.0,221.0,398.0,361.2
09-10 20:00:00,19.0,64.0,176.0,19.0,181.0,91.8
09-10 21:00:00,1.0,1.0,1.0,1.0,1.0,1.0
09-10 22:00:00,0.0,0.0,0.0,0.0,0.0,0.0
09-10 23:00:00,0.0,0.0,0.0,0.0,0.0,0.0
10-10 00:00:00,0.0,0.0,0.0,0.0,0.0,0.0
10-10 01:00:00,0.0,0.0,0.0,0.0,0.0,0.0
10-10 02:00:00,0.0,0.0,0.0,0.0,0.0,0.0
10-10 03:00:00,0.0,0.0,0.0,0.0,0.0,0.0
10-10 04:00:00,0.0,0.0,0.0,0.0,0.0,0.0
10-10 05:00:00,0.0,0.0,0.0,0.0,0.0,0.0
10-10 06:00:00,0.0,0.0,0.0,0.0,0.0,0.0
10-10 07:00:00,0.0,0.0,0.0,0.0,0.0,0.0
10-10 08:00:00,0.0,0.0,0.0,0.0,0.0,0.0
10-10 09:00:00,1.0,8.0,1.0,1.0,1.0,2.4
10-10 10:00:00,93.0,108.0,82.0,116.0,165.0,112.8
10-10 11:00:00,327.0,156.0,84.0,371.0,385.0,264.6
10-10 12:00:00,648.0,313.0,114.0,570.0,710.0,471.0
10-10 13:00:00,871.0,802.0,282.0,832.0,844.0,726.2
10-10 14:00:00,987.0,731.0,657.0,973.0,966.0,862.8
10-10 15:00:00,612.0,835.0,504.0,847.0,1005.0,760.6
10-10 16:00:00,511.0,881.0,540.0,845.0,977.0,750.8
10-10 17:00:00,542.0,732.0,903.0,873.0,754.0,760.8
10-10 18:00:00,172.0,530.0,62.0,251.0,240.0,251.0
10-10 19:00:00,42.0,288.0,63.0,42.0,349.0,156.8
10-10 20:00:00,20.0,29.0,19.0,111.0,32.0,42.2
10-10 21:00:00,1.0,1.0,1.0,1.0,1.0,1.0
10-10 22:00:00,0.0,0.0,0.0,0.0,0.0,0.0
10-10 23:00:00,0.0,0.0,0.0,0.0,0.0,0.0
11-10 00:00:00,0.0,0.0,0.0,0.0,0.0,0.0
11-10 01:00:00,0.0,0.0,0.0,0.0,0.0,0.0
11-10 02:00:00,0.0,0.0,0.0,0.0,0.0,0.0
11-10 03:00:00,0.0,0.0,0.0,0.0,0.0,0.0
11-10 04:00:00,0.0,0.0,0.0,0.0,0.0,0.0
11-10 05:00:00,0.0,0.0,0.0,0.0,0.0,0.0
11-10 06:00:00,0.0,0.0,0.0,0.0,0.0,0.0
11-10 07:00:00,0.0,0.0,0.0,0.0,0.0,0.0
11-10 08:00:00,0.0,0.0,0.0,0.0,0.0,0.0
11-10 09:00:00,1.0,1.0,2.0,4.0,1.0,1.8
11-10 10:00:00,159.0,80.0,77.0,231.0,230.0,155.4
11-10 11:00:00,279.0,78.0,0.0,0.0,487.0,168.8
11-10 12:00:00,364.0,0.0,636.0,742.0,724.0,493.2
11-10 13:00:00,289.0,479.0,415.0,911.0,856.0,590.0
11-10 14:00:00,437.0,665.0,592.0,1019.0,974.0,737.4
11-10 15:00:00,486.0,488.0,774.0,1097.0,1047.0,778.4
11-10 16:00:00,620.0,592.0,541.0,881.0,973.0,721.4
11-10 17:00:00,493.0,337.0,571.0,480.0,835.0,543.2
11-10 18:00:00,120.0,249.0,645.0,160.0,635.0,361.8
11-10 19:00:00,42.0,106.0,325.0,294.0,304.0,214.2
11-10 20:00:00,37.0,20.0,56.0,25.0,217.0,71.0
11-10 21:00:00,1.0,1.0,1.0,1.0,7.0,2.2
11-10 22:00:00,0.0,0.0,0.0,0.0,0.0,0.0
11-10 23:00:00,0.0,0.0,0.0,0.0,0.0,0.0
12-10 00:00:00,0.0,0.0,0.0,0.0,0.0,0.0
12-10 01:00:00,0.0,0.0,0.0,0.0,0.0,0.0
12-10 02:00:00,0.0,0.0,0.0,0.0,0.0,0.0
12-10 03:00:00,0.0,0.0,0.0,0.0,0.0,0.0
12-10 04:00:00,0.0,0.0,0.0,0.0,0.0,0.0
12-10 05:00:00,0.0,0.0,0.0,0.0,0.0,0.0
12-10 06:00:00,0.0,0.0,0.0,0.0,0.0,0.0
12-10 07:00:00,0.0,0.0,0.0,0.0,0.0,0.0
12-10 08:00:00,0.0,0.0,0.0,0.0,0.0,0.0
12-10 09:00:00,1.0,12.61,1.0,3.0,1.0,3.722
12-10 10:00:00,113.0,227.0,234.0,224.0,217.0,203.0
12-10 11:00:00,231.0,78.0,0.0,0.0,359.0,133.6
12-10 12:00:00,463.0,703.0,471.0,738.0,63.0,487.6
12-10 13:00:00,490.0,869.0,702.0,932.0,537.0,706.0
12-10 14:00:00,777.0,946.0,814.0,1053.0,875.0,893.0
12-10 15:00:00,511.0,988.0,787.0,1083.0,1039.0,881.6
12-10 16:00:00,931.0,830.0,926.0,1046.0,1031.0,952.8
12-10 17:00:00,516.0,724.0,790.0,924.0,895.0,769.8
12-10 18:00:00,391.0,98.0,590.0,699.0,633.0,482.2
12-10 19:00:00,229.0,42.0,390.0,341.0,50.0,210.4
12-10 20:00:00,24.0,20.0,189.0,99.0,20.0,70.4
12-10 21:00:00,1.0,1.0,1.0,1.0,1.0,1.0
12-10 22:00:00,0.0,0.0,0.0,0.0,0.0,0.0
12-10 23:00:00,0.0,0.0,0.0,0.0,0.0,0.0
13-10 00:00:00,0.0,0.0,0.0,0.0,0.0,0.0
13-10 01:00:00,0.0,0.0,0.0,0.0,0.0,0.0
13-10 02:00:00,0.0,0.0,0.0,0.0,0.0,0.0
13-10 03:00:00,0.0,0.0,0.0,0.0,0.0,0.0
13-10 04:00:00,0.0,0.0,0.0,0.0,0.0,0.0
13-10 05:00:00,0.0,0.0,0.0,0.0,0.0,0.0
13-10 06:00:00,0.0,0.0,0.0,0.0,0.0,0.0
13-10 07:00:00,0.0,0.0,0.0,0.0,0.0,0.0
13-10 08:00:00,0.0,0.0,0.0,0.0,0.0,0.0
13-10 09:00:00,7.0,3.0,5.0,2.0,4.0,4.2
13-10 10:00:00,233.0,71.0,232.0,244.0,101.0,176.2
13-10 11:00:00,468.0,417.0,494.0,497.0,42.0,383.6
13-10 12:00:00,718.0,605.0,715.0,708.0,63.0,561.8
13-10 13:00:00,901.0,695.0,884.0,923.0,93.0,699.2
13-10 14:00:00,1060.0,997.0,952.0,949.0,381.0,867.8
13-10 15:00:00,996.0,955.0,1015.0,1003.0,1018.0,997.4
13-10 16:00:00,1004.0,886.0,944.0,743.0,850.0,885.4
13-10 17:00:00,686.0,809.0,838.0,943.0,461.0,747.4
13-10 18:00:00,302.0,666.0,686.0,722.0,243.0,523.8
13-10 19:00:00,382.0,417.0,451.0,322.0,59.0,326.2
13-10 20:00:00,79.0,175.0,161.0,150.0,20.0,117.0
13-10 21:00:00,1.0,1.0,8.0,1.0,1.0,2.4
13-10 22:00:00,0.0,0.0,0.0,0.0,0.0,0.0
13-10 23:00:00,0.0,0.0,0.0,0.0,0.0,0.0
14-10 00:00:00,0.0,0.0,0.0,0.0,0.0,0.0
14-10 01:00:00,0.0,0.0,0.0,0.0,0.0,0.0
14-10 02:00:00,0.0,0.0,0.0,0.0,0.0,0.0
14-10 03:00:00,0.0,0.0,0.0,0.0,0.0,0.0
14-10 04:00:00,0.0,0.0,0.0,0.0,0.0,0.0
14-10 05:00:00,0.0,0.0,0.0,0.0,0.0,0.0
14-10 06:00:00,0.0,0.0,0.0,0.0,0.0,0.0
14-10 07:00:00,0.0,0.0,0.0,0.0,0.0,0.0
14-10 08:00:00,0.0,0.0,0.0,0.0,0.0,0.0
14-10 09:00:00,11.83,6.0,7.0,5.0,1.0,6.1659999999999995
14-10 10:00:00,236.0,171.0,237.0,234.0,183.0,212.2
14-10 11:00:00,483.0,357.0,461.0,510.0,222.0,406.6
14-10 12:00:00,725.0,500.0,656.0,745.0,644.0,654.0
14-10 13:00:00,914.0,718.0,741.0,933.0,872.0,835.6
14-10 14:00:00,1042.0,957.0,868.0,1053.0,974.0,978.8
14-10 15:00:00,954.0,1002.0,746.0,1087.0,889.0,935.6
14-10 16:00:00,911.0,575.0,716.0,1050.0,998.0,850.0
14-10 17:00:00,616.0,291.0,518.0,903.0,890.0,643.6
14-10 18:00:00,748.0,242.0,241.0,702.0,608.0,508.2
14-10 19:00:00,482.0,254.0,446.0,388.0,351.0,384.2
14-10 20:00:00,170.0,20.0,20.0,141.0,225.0,115.2
14-10 21:00:00,1.0,1.0,1.0,9.0,1.0,2.6
14-10 22:00:00,0.0,0.0,0.0,0.0,0.0,0.0
14-10 23:00:00,0.0,0.0,0.0,0.0,0.0,0.0
15-10 00:00:00,0.0,0.0,0.0,0.0,0.0,0.0
15-10 01:00:00,0.0,0.0,0.0,0.0,0.0,0.0
15-10 02:00:00,0.0,0.0,0.0,0.0,0.0,0.0
15-10 03:00:00,0.0,0.0,0.0,0.0,0.0,0.0
15-10 04:00:00,0.0,0.0,0.0,0.0,0.0,0.0
15-10 05:00:00,0.0,0.0,0.0,0.0,0.0,0.0
15-10 06:00:00,0.0,0.0,0.0,0.0,0.0,0.0
15-10 07:00:00,0.0,0.0,0.0,0.0,0.0,0.0
15-10 08:00:00,0.0,0.0,0.0,0.0,0.0,0.0
15-10 09:00:00,10.0,16.38,9.0,7.0,4.0,9.276
15-10 10:00:00,239.0,240.0,171.0,241.0,243.0,226.8
15-10 11:00:00,492.0,411.0,500.0,510.0,501.0,482.8
15-10 12:00:00,730.0,611.0,710.0,747.0,716.0,702.8
15-10 13:00:00,923.0,839.0,886.0,925.0,925.0,899.6
15-10 14:00:00,1024.0,801.0,911.0,1065.0,1024.0,965.0
15-10 15:00:00,1118.0,982.0,667.0,1094.0,1069.0,986.0
15-10 16:00:00,1065.0,932.0,1018.0,1045.0,1041.0,1020.2
15-10 17:00:00,916.0,585.0,855.0,933.0,785.0,814.8
15-10 18:00:00,716.0,159.0,720.0,604.0,663.0,572.4
15-10 19:00:00,443.0,437.0,489.0,439.0,468.0,455.2
15-10 20:00:00,152.0,222.0,183.0,140.0,20.0,143.4
15-10 21:00:00,1.0,4.0,1.0,10.0,1.0,3.4
15-10 22:00:00,0.0,0.0,0.0,0.0,0.0,0.0
15-10 23:00:00,0.0,0.0,0.0,0.0,0.0,0.0
16-10 00:00:00,0.0,0.0,0.0,0.0,0.0,0.0
16-10 01:00:00,0.0,0.0,0.0,0.0,0.0,0.0
16-10 02:00:00,0.0,0.0,0.0,0.0,0.0,0.0
16-10 03:00:00,0.0,0.0,0.0,0.0,0.0,0.0
16-10 04:00:00,0.0,0.0,0.0,0.0,0.0,0.0
16-10 05:00:00,0.0,0.0,0.0,0.0,0.0,0.0
16-10 06:00:00,0.0,0.0,0.0,0.0,0.0,0.0
16-10 07:00:00,0.0,0.0,0.0,0.0,0.0,0.0
16-10 08:00:00,0.0,0.0,0.0,0.0,0.0,0.0
16-10 09:00:00,11.85,4.0,2.0,7.0,7.0,6.37
16-10 10:00:00,242.0,215.0,46.0,247.0,243.0,198.6
16-10 11:00:00,499.0,463.0,221.0,513.0,497.0,438.6
16-10 12:00:00,730.0,504.0,449.0,750.0,539.0,594.4
16-10 13:00:00,922.0,843.0,709.0,937.0,646.0,811.4
16-10 14:00:00,1045.0,997.0,831.0,1072.0,908.0,970.6
16-10 15:00:00,994.0,1034.0,986.0,1095.0,1068.0,1035.4
16-10 16:00:00,933.0,936.0,949.0,1063.0,1042.0,984.6
16-10 17:00:00,724.0,434.0,834.0,944.0,905.0,768.2
16-10 18:00:00,644.0,234.0,654.0,735.0,737.0,600.8
16-10 19:00:00,282.0,42.0,167.0,481.0,435.0,281.4
16-10 20:00:00,44.0,20.0,71.0,205.0,174.0,102.8
16-10 21:00:00,1.0,1.0,3.0,10.0,1.0,3.2
16-10 22:00:00,0.0,0.0,0.0,0.0,0.0,0.0
16-10 23:00:00,0.0,0.0,0.0,0.0,0.0,0.0
17-10 00:00:00,0.0,0.0,0.0,0.0,0.0,0.0
17-10 01:00:00,0.0,0.0,0.0,0.0,0.0,0.0
17-10 02:00:00,0.0,0.0,0.0,0.0,0.0,0.0
17-10 03:00:00,0.0,0.0,0.0,0.0,0.0,0.0
17-10 04:00:00,0.0,0.0,0.0,0.0,0.0,0.0
17-10 05:00:00,0.0,0.0,0.0,0.0,0.0,0.0
17-10 06:00:00,0.0,0.0,0.0,0.0,0.0,0.0
17-10 07:00:00,0.0,0.0,0.0,0.0,0.0,0.0
17-10 08:00:00,0.0,0.0,0.0,0.0,0.0,0.0
17-10 09:00:00,11.85,2.0,2.0,8.0,7.0,6.17
17-10 10:00:00,235.0,44.0,45.0,249.0,252.0,165.0
17-10 11:00:00,493.0,83.0,110.0,513.0,516.0,343.0
17-10 12:00:00,721.0,330.0,134.0,750.0,754.0,537.8
17-10 13:00:00,911.0,643.0,419.0,931.0,927.0,766.2
17-10 14:00:00,1032.0,856.0,1017.0,1055.0,1056.0,1003.2
17-10 15:00:00,1009.0,1056.0,1066.0,1082.0,1019.0,1046.4
17-10 16:00:00,994.0,958.0,985.0,1050.0,1051.0,1007.6
17-10 17:00:00,729.0,591.0,869.0,923.0,837.0,789.8
17-10 18:00:00,568.0,636.0,650.0,718.0,665.0,647.4
17-10 19:00:00,487.0,360.0,155.0,469.0,469.0,388.0
17-10 20:00:00,229.0,224.0,215.0,194.0,178.0,208.0
17-10 21:00:00,9.0,11.0,1.0,11.0,1.0,6.6
17-10 22:00:00,0.0,0.0,0.0,0.0,0.0,0.0
17-10 23:00:00,0.0,0.0,0.0,0.0,0.0,0.0
18-10 00:00:00,0.0,0.0,0.0,0.0,0.0,0.0
18-10 01:00:00,0.0,0.0,0.0,0.0,0.0,0.0
18-10 02:00:00,0.0,0.0,0.0,0.0,0.0,0.0
18-10 03:00:00,0.0,0.0,0.0,0.0,0.0,0.0
18-10 04:00:00,0.0,0.0,0.0,0.0,0.0,0.0
18-10 05:00:00,0.0,0.0,0.0,0.0,0.0,0.0
18-10 06:00:00,0.0,0.0,0.0,0.0,0.0,0.0
18-10 07:00:00,0.0,0.0,0.0,0.0,0.0,0.0
18-10 08:00:00,0.0,0.0,0.0,0.0,0.0,0.0
18-10 09:00:00,14.82,22.79,2.0,9.0,9.0,11.522
18-10 10:00:00,237.0,224.0,44.0,248.0,257.0,202.0
18-10 11:00:00,500.0,283.0,92.0,511.0,521.0,381.4
18-10 12:00:00,727.0,736.0,68.0,742.0,756.0,605.8
18-10 13:00:00,893.0,909.0,100.0,925.0,934.0,752.2
18-10 14:00:00,973.0,1024.0,254.0,1031.0,1052.0,866.8
18-10 15:00:00,950.0,1061.0,281.0,1039.0,1108.0,887.8
18-10 16:00:00,968.0,974.0,604.0,918.0,1052.0,903.2
18-10 17:00:00,805.0,424.0,419.0,621.0,929.0,639.6
18-10 18:00:00,551.0,85.0,144.0,479.0,742.0,400.2
18-10 19:00:00,226.0,87.0,42.0,139.0,481.0,195.0
18-10 20:00:00,24.0,25.0,58.0,21.0,176.0,60.8
18-10 21:00:00,9.0,1.0,1.0,11.0,1.0,4.6
18-10 22:00:00,0.0,0.0,0.0,0.0,0.0,0.0
18-10 23:00:00,0.0,0.0,0.0,0.0,0.0,0.0
19-10 00:00:00,0.0,0.0,0.0,0.0,0.0,0.0
19-10 01:00:00,0.0,0.0,0.0,0.0,0.0,0.0
19-10 02:00:00,0.0,0.0,0.0,0.0,0.0,0.0
19-10 03:00:00,0.0,0.0,0.0,0.0,0.0,0.0
19-10 04:00:00,0.0,0.0,0.0,0.0,0.0,0.0
19-10 05:00:00,0.0,0.0,0.0,0.0,0.0,0.0
19-10 06:00:00,0.0,0.0,0.0,0.0,0.0,0.0
19-10 07:00:00,0.0,0.0,0.0,0.0,0.0,0.0
19-10 08:00:00,0.0,0.0,0.0,0.0,0.0,0.0
19-10 09:00:00,15.82,8.0,4.0,5.0,9.0,8.364
19-10 10:00:00,242.0,111.0,90.0,227.0,50.0,144.0
19-10 11:00:00,502.0,191.0,100.0,509.0,402.0,340.8
19-10 12:00:00,729.0,322.0,143.0,745.0,707.0,529.2
19-10 13:00:00,915.0,490.0,126.0,925.0,927.0,676.6
19-10 14:00:00,1041.0,229.0,550.0,1035.0,1038.0,778.6
19-10 15:00:00,1100.0,304.0,704.0,867.0,987.0,792.4
19-10 16:00:00,1019.0,351.0,763.0,869.0,819.0,764.2
19-10 17:00:00,806.0,159.0,587.0,744.0,639.0,587.0
19-10 18:00:00,699.0,80.0,673.0,386.0,601.0,487.8
19-10 19:00:00,323.0,42.0,83.0,186.0,296.0,186.0
19-10 20:00:00,193.0,20.0,177.0,185.0,121.0,139.2
19-10 21:00:00,3.0,2.0,11.0,11.0,1.0,5.6
19-10 22:00:00,0.0,0.0,0.0,0.0,0.0,0.0
19-10 23:00:00,0.0,0.0,0.0,0.0,0.0,0.0
20-10 00:00:00,0.0,0.0,0.0,0.0,0.0,0.0
20-10 01:00:00,0.0,0.0,0.0,0.0,0.0,0.0
20-10 02:00:00,0.0,0.0,0.0,0.0,0.0,0.0
20-10 03:00:00,0.0,0.0,0.0,0.0,0.0,0.0
20-10 04:00:00,0.0,0.0,0.0,0.0,0.0,0.0
20-10 05:00:00,0.0,0.0,0.0,0.0,0.0,0.0
20-10 06:00:00,0.0,0.0,0.0,0.0,0.0,0.0
20-10 07:00:00,0.0,0.0,0.0,0.0,0.0,0.0
20-10 08:00:00,0.0,0.0,0.0,0.0,0.0,0.0
20-10 09:00:00,10.0,7.0,9.0,9.0,4.0,7.8
20-10 10:00:00,245.0,37.0,256.0,184.0,64.0,157.2
20-10 11:00:00,488.0,99.0,509.0,505.0,320.0,384.2
20-10 12:00:00,715.0,116.0,707.0,697.0,493.0,545.6
20-10 13:00:00,872.0,271.0,707.0,909.0,905.0,732.8
20-10 14:00:00,1003.0,496.0,790.0,838.0,996.0,824.6
20-10 15:00:00,1011.0,763.0,884.0,660.0,538.0,771.2
20-10 16:00:00,735.0,571.0,677.0,691.0,913.0,717.4
20-10 17:00:00,625.0,192.0,326.0,149.0,525.0,363.4
20-10 18:00:00,427.0,145.0,63.0,323.0,533.0,298.2
20-10 19:00:00,89.0,73.0,454.0,109.0,136.0,172.2
20-10 20:00:00,185.0,20.0,37.0,30.0,23.0,59.0
20-10 21:00:00,1.0,1.0,1.0,14.35,1.0,3.6700000000000004
20-10 22:00:00,0.0,0.0,0.0,0.0,0.0,0.0
20-10 23:00:00,0.0,0.0,0.0,0.0,0.0,0.0
21-10 00:00:00,0.0,0.0,0.0,0.0,0.0,0.0
21-10 01:00:00,0.0,0.0,0.0,0.0,0.0,0.0
21-10 02:00:00,0.0,0.0,0.0,0.0,0.0,0.0
21-10 03:00:00,0.0,0.0,0.0,0.0,0.0,0.0
21-10 04:00:00,0.0,0.0,0.0,0.0,0.0,0.0
21-10 05:00:00,0.0,0.0,0.0,0.0,0.0,0.0
21-10 06:00:00,0.0,0.0,0.0,0.0,0.0,0.0
21-10 07:00:00,0.0,0.0,0.0,0.0,0.0,0.0
21-10 08:00:00,0.0,0.0,0.0,0.0,0.0,0.0
21-10 09:00:00,4.0,13.0,26.34,6.0,25.57,14.982
21-10 10:00:00,109.0,106.0,236.0,39.0,258.0,149.6
21-10 11:00:00,289.0,298.0,510.0,97.0,501.0,339.0
21-10 12:00:00,447.0,526.0,753.0,65.0,745.0,507.2
21-10 13:00:00,296.0,748.0,926.0,151.0,919.0,608.0
21-10 14:00:00,262.0,633.0,1009.0,205.0,959.0,613.6
21-10 15:00:00,488.0,564.0,953.0,227.0,994.0,645.2
21-10 16:00:00,614.0,753.0,950.0,137.0,979.0,686.6
21-10 17:00:00,802.0,742.0,885.0,109.0,888.0,685.2
21-10 18:00:00,601.0,524.0,695.0,124.0,678.0,524.4
21-10 19:00:00,293.0,59.0,467.0,43.0,286.0,229.6
21-10 20:00:00,26.0,161.0,116.0,20.0,21.0,68.8
21-10 21:00:00,1.0,1.0,1.0,14.37,1.0,3.6739999999999995
21-10 22:00:00,0.0,0.0,0.0,0.0,0.0,0.0
21-10 23:00:00,0.0,0.0,0.0,0.0,0.0,0.0
22-10 00:00:00,0.0,0.0,0.0,0.0,0.0,0.0
22-10 01:00:00,0.0,0.0,0.0,0.0,0.0,0.0
22-10 02:00:00,0.0,0.0,0.0,0.0,0.0,0.0
22-10 03:00:00,0.0,0.0,0.0,0.0,0.0,0.0
22-10 04:00:00,0.0,0.0,0.0,0.0,0.0,0.0
22-10 05:00:00,0.0,0.0,0.0,0.0,0.0,0.0
22-10 06:00:00,0.0,0.0,0.0,0.0,0.0,0.0
22-10 07:00:00,0.0,0.0,0.0,0.0,0.0,0.0
22-10 08:00:00,0.0,0.0,0.0,0.0,0.0,0.0
22-10 09:00:00,16.83,6.0,17.81,6.0,19.61,13.25
22-10 10:00:00,167.0,84.0,246.0,218.0,253.0,193.6
22-10 11:00:00,319.0,116.0,504.0,423.0,506.0,373.6
22-10 12:00:00,672.0,390.0,747.0,711.0,743.0,652.6
22-10 13:00:00,819.0,337.0,900.0,867.0,926.0,769.8
22-10 14:00:00,806.0,296.0,995.0,1014.0,1035.0,829.2
22-10 15:00:00,613.0,875.0,1015.0,1027.0,978.0,901.6
22-10 16:00:00,572.0,939.0,793.0,963.0,860.0,825.4
22-10 17:00:00,688.0,465.0,625.0,746.0,772.0,659.2
22-10 18:00:00,554.0,706.0,430.0,607.0,669.0,593.2
22-10 19:00:00,249.0,462.0,377.0,277.0,433.0,359.6
22-10 20:00:00,21.0,21.0,104.0,21.0,156.0,64.6
22-10 21:00:00,1.0,1.0,1.0,15.34,1.0,3.868
22-10 22:00:00,0.0,0.0,0.0,0.0,0.0,0.0
22-10 23:00:00,0.0,0.0,0.0,0.0,0.0,0.0
23-10 00:00:00,0.0,0.0,0.0,0.0,0.0,0.0
23-10 01:00:00,0.0,0.0,0.0,0.0,0.0,0.0
23-10 02:00:00,0.0,0.0,0.0,0.0,0.0,0.0
23-10 03:00:00,0.0,0.0,0.0,0.0,0.0,0.0
23-10 04:00:00,0.0,0.0,0.0,0.0,0.0,0.0
23-10 05:00:00,0.0,0.0,0.0,0.0,0.0,0.0
23-10 06:00:00,0.0,0.0,0.0,0.0,0.0,0.0
23-10 07:00:00,0.0,0.0,0.0,0.0,0.0,0.0
23-10 08:00:00,0.0,0.0,0.0,0.0,0.0,0.0
23-10 09:00:00,7.0,14.0,20.6,5.0,24.89,14.298000000000002
23-10 10:00:00,130.0,136.0,238.0,139.0,258.0,180.2
23-10 11:00:00,476.0,519.0,353.0,314.0,511.0,434.6
23-10 12:00:00,729.0,746.0,722.0,590.0,752.0,707.8
23-10 13:00:00,739.0,913.0,903.0,693.0,930.0,835.6
23-10 14:00:00,852.0,972.0,951.0,965.0,1017.0,951.4
23-10 15:00:00,670.0,1006.0,1018.0,888.0,953.0,907.0
23-10 16:00:00,940.0,676.0,1036.0,660.0,877.0,837.8
23-10 17:00:00,820.0,922.0,857.0,619.0,793.0,802.2
23-10 18:00:00,680.0,63.0,708.0,108.0,661.0,444.0
23-10 19:00:00,302.0,43.0,483.0,43.0,418.0,257.8
23-10 20:00:00,21.0,211.0,157.0,21.0,137.0,109.4
23-10 21:00:00,1.0,1.0,2.0,15.36,2.0,4.272
23-10 22:00:00,0.0,0.0,0.0,0.0,0.0,0.0
23-10 23:00:00,0.0,0.0,0.0,0.0,0.0,0.0
24-10 00:00:00,0.0,0.0,0.0,0.0,0.0,0.0
24-10 01:00:00,0.0,0.0,0.0,0.0,0.0,0.0
24-10 02:00:00,0.0,0.0,0.0,0.0,0.0,0.0
24-10 03:00:00,0.0,0.0,0.0,0.0,0.0,0.0
24-10 04:00:00,0.0,0.0,0.0,0.0,0.0,0.0
24-10 05:00:00,0.0,0.0,0.0,0.0,0.0,0.0
24-10 06:00:00,0.0,0.0,0.0,0.0,0.0,0.0
24-10 07:00:00,0.0,0.0,0.0,0.0,0.0,0.0
24-10 08:00:00,0.0,0.0,0.0,0.0,0.0,0.0
24-10 09:00:00,12.0,28.35,29.11,3.0,4.0,15.292000000000002
24-10 10:00:00,137.0,177.0,237.0,198.0,188.0,187.4
24-10 11:00:00,383.0,187.0,429.0,394.0,489.0,376.4
24-10 12:00:00,220.0,367.0,445.0,578.0,690.0,460.0
24-10 13:00:00,454.0,554.0,691.0,780.0,905.0,676.8
24-10 14:00:00,898.0,508.0,553.0,924.0,1039.0,784.4
24-10 15:00:00,1004.0,737.0,556.0,995.0,1047.0,867.8
24-10 16:00:00,1039.0,857.0,180.0,871.0,904.0,770.2
24-10 17:00:00,893.0,326.0,103.0,718.0,901.0,588.2
24-10 18:00:00,701.0,408.0,259.0,585.0,159.0,422.4
24-10 19:00:00,488.0,234.0,62.0,96.0,470.0,270.0
24-10 20:00:00,205.0,153.0,21.0,21.0,21.0,84.2
24-10 21:00:00,2.0,2.0,2.0,16.33,2.0,4.866
24-10 22:00:00,0.0,0.0,0.0,0.0,0.0,0.0
24-10 23:00:00,0.0,0.0,0.0,0.0,0.0,0.0
25-10 00:00:00,0.0,0.0,0.0,0.0,0.0,0.0
25-10 01:00:00,0.0,0.0,0.0,0.0,0.0,0.0
25-10 02:00:00,0.0,0.0,0.0,0.0,0.0,0.0
25-10 03:00:00,0.0,0.0,0.0,0.0,0.0,0.0
25-10 04:00:00,0.0,0.0,0.0,0.0,0.0,0.0
25-10 05:00:00,0.0,0.0,0.0,0.0,0.0,0.0
25-10 06:00:00,0.0,0.0,0.0,0.0,0.0,0.0
25-10 07:00:00,0.0,0.0,0.0,0.0,0.0,0.0
25-10 08:00:00,0.0,0.0,0.0,0.0,0.0,0.0
25-10 09:00:00,17.83,31.76,11.0,24.34,4.0,17.786
25-10 10:00:00,237.0,152.0,254.0,273.0,62.0,195.6
25-10 11:00:00,428.0,428.0,214.0,533.0,422.0,405.0
25-10 12:00:00,688.0,434.0,715.0,760.0,633.0,646.0
25-10 13:00:00,727.0,446.0,894.0,871.0,662.0,720.0
25-10 14:00:00,939.0,590.0,805.0,822.0,916.0,814.4
25-10 15:00:00,1100.0,768.0,610.0,1033.0,1058.0,913.8
25-10 16:00:00,1027.0,747.0,595.0,991.0,959.0,863.8
25-10 17:00:00,794.0,715.0,737.0,880.0,743.0,773.8
25-10 18:00:00,558.0,564.0,600.0,667.0,670.0,611.8
25-10 19:00:00,233.0,117.0,384.0,470.0,61.0,253.0
25-10 20:00:00,37.0,21.0,53.0,230.0,21.0,72.4
25-10 21:00:00,2.0,2.0,10.84,15.4,2.0,6.448
25-10 22:00:00,0.0,0.0,0.0,0.0,0.0,0.0
25-10 23:00:00,0.0,0.0,0.0,0.0,0.0,0.0
26-10 00:00:00,0.0,0.0,0.0,0.0,0.0,0.0
26-10 01:00:00,0.0,0.0,0.0,0.0,0.0,0.0
26-10 02:00:00,0.0,0.0,0.0,0.0,0.0,0.0
26-10 03:00:00,0.0,0.0,0.0,0.0,0.0,0.0
26-10 04:00:00,0.0,0.0,0.0,0.0,0.0,0.0
26-10 05:00:00,0.0,0.0,0.0,0.0,0.0,0.0
26-10 06:00:00,0.0,0.0,0.0,0.0,0.0,0.0
26-10 07:00:00,0.0,0.0,0.0,0.0,0.0,0.0
26-10 08:00:00,0.0,0.0,0.0,0.0,0.0,0.0
26-10 09:00:00,15.0,32.73,3.0,31.82,3.0,17.11
26-10 10:00:00,227.0,178.0,155.0,260.0,23.0,168.6
26-10 11:00:00,298.0,86.0,314.0,523.0,213.0,286.8
26-10 12:00:00,326.0,217.0,732.0,759.0,518.0,510.4
26-10 13:00:00,648.0,245.0,891.0,932.0,802.0,703.6
26-10 14:00:00,628.0,242.0,973.0,1023.0,812.0,735.6
26-10 15:00:00,961.0,393.0,1047.0,992.0,879.0,854.4
26-10 16:00:00,879.0,339.0,160.0,871.0,976.0,645.0
26-10 17:00:00,762.0,130.0,80.0,595.0,871.0,487.6
26-10 18:00:00,132.0,447.0,64.0,702.0,431.0,355.2
26-10 19:00:00,125.0,65.0,158.0,467.0,211.0,205.2
26-10 20:00:00,33.0,21.0,154.0,21.0,100.0,65.8
26-10 21:00:00,2.0,2.0,2.0,6.0,2.0,2.8
26-10 22:00:00,0.0,0.0,0.0,0.0,0.0,0.0
26-10 23:00:00,0.0,0.0,0.0,0.0,0.0,0.0
27-10 00:00:00,0.0,0.0,0.0,0.0,0.0,0.0
27-10 01:00:00,0.0,0.0,0.0,0.0,0.0,0.0
27-10 02:00:00,0.0,0.0,0.0,0.0,0.0,0.0
27-10 03:00:00,0.0,0.0,0.0,0.0,0.0,0.0
27-10 04:00:00,0.0,0.0,0.0,0.0,0.0,0.0
27-10 05:00:00,0.0,0.0,0.0,0.0,0.0,0.0
27-10 06:00:00,0.0,0.0,0.0,0.0,0.0,0.0
27-10 07:00:00,0.0,0.0,0.0,0.0,0.0,0.0
27-10 08:00:00,0.0,0.0,0.0,0.0,0.0,0.0
27-10 09:00:00,33.55,9.0,3.0,3.0,14.0,12.51
27-10 10:00:00,272.0,235.0,193.0,158.0,98.0,191.2
27-10 11:00:00,515.0,505.0,409.0,342.0,308.0,415.8
27-10 12:00:00,742.0,763.0,493.0,620.0,640.0,651.6
27-10 13:00:00,869.0,933.0,845.0,882.0,878.0,881.4
27-10 14:00:00,896.0,1047.0,974.0,778.0,368.0,812.6
27-10 15:00:00,801.0,798.0,1053.0,938.0,756.0,869.2
27-10 16:00:00,1016.0,744.0,988.0,957.0,808.0,902.6
27-10 17:00:00,867.0,606.0,915.0,700.0,525.0,722.6
27-10 18:00:00,709.0,596.0,650.0,320.0,589.0,572.8
27-10 19:00:00,361.0,440.0,475.0,108.0,55.0,287.8
27-10 20:00:00,38.0,125.0,231.0,202.0,25.0,124.2
27-10 21:00:00,2.0,2.0,2.0,17.34,2.0,5.068
27-10 22:00:00,0.0,0.0,0.0,0.0,0.0,0.0
27-10 23:00:00,0.0,0.0,0.0,0.0,0.0,0.0
28-10 00:00:00,0.0,0.0,0.0,0.0,0.0,0.0
28-10 01:00:00,0.0,0.0,0.0,0.0,0.0,0.0
28-10 02:00:00,0.0,0.0,0.0,0.0,0.0,0.0
28-10 03:00:00,0.0,0.0,0.0,0.0,0.0,0.0
28-10 04:00:00,0.0,0.0,0.0,0.0,0.0,0.0
28-10 05:00:00,0.0,0.0,0.0,0.0,0.0,0.0
28-10 06:00:00,0.0,0.0,0.0,0.0,0.0,0.0
28-10 07:00:00,0.0,0.0,0.0,0.0,0.0,0.0
28-10 08:00:00,0.0,0.0,0.0,0.0,0.0,0.0
28-10 09:00:00,7.0,9.0,36.77,34.51,7.0,18.856
28-10 10:00:00,115.0,101.0,236.0,272.0,38.0,152.4
28-10 11:00:00,485.0,140.0,516.0,508.0,51.0,340.0
28-10 12:00:00,652.0,680.0,755.0,756.0,204.0,609.4
28-10 13:00:00,888.0,514.0,917.0,929.0,182.0,686.0
28-10 14:00:00,944.0,835.0,1062.0,1031.0,170.0,808.4
28-10 15:00:00,894.0,760.0,1093.0,1067.0,640.0,890.8
28-10 16:00:00,629.0,823.0,1042.0,296.0,386.0,635.2
28-10 17:00:00,435.0,491.0,920.0,91.0,798.0,547.0
28-10 18:00:00,465.0,365.0,737.0,64.0,435.0,413.2
28-10 19:00:00,456.0,133.0,466.0,260.0,206.0,304.2
28-10 20:00:00,157.0,117.0,185.0,172.0,33.0,132.8
28-10 21:00:00,19.86,2.0,18.94,19.09,2.0,12.378
28-10 22:00:00,0.0,0.0,0.0,0.0,0.0,0.0
28-10 23:00:00,0.0,0.0,0.0,0.0,0.0,0.0
29-10 00:00:00,0.0,0.0,0.0,0.0,0.0,0.0
29-10 01:00:00,0.0,0.0,0.0,0.0,0.0,0.0
29-10 02:00:00,0.0,0.0,0.0,0.0,0.0,0.0
29-10 03:00:00,0.0,0.0,0.0,0.0,0.0,0.0
29-10 04:00:00,0.0,0.0,0.0,0.0,0.0,0.0
29-10 05:00:00,0.0,0.0,0.0,0.0,0.0,0.0
29-10 06:00:00,0.0,0.0,0.0,0.0,0.0,0.0
29-10 07:00:00,0.0,0.0,0.0,0.0,0.0,0.0
29-10 08:00:00,0.0,0.0,0.0,0.0,0.0,0.0
29-10 09:00:00,24.59,4.0,35.33,19.83,29.83,22.716
29-10 10:00:00,226.0,119.0,232.0,102.0,271.0,190.0
29-10 11:00:00,405.0,135.0,531.0,156.0,498.0,345.0
29-10 12:00:00,748.0,628.0,763.0,138.0,721.0,599.6
29-10 13:00:00,892.0,453.0,931.0,507.0,810.0,718.6
29-10 14:00:00,984.0,604.0,1072.0,522.0,1020.0,840.4
29-10 15:00:00,1030.0,657.0,1057.0,681.0,1032.0,891.4
29-10 16:00:00,726.0,693.0,1041.0,762.0,943.0,833.0
29-10 17:00:00,789.0,455.0,875.0,760.0,805.0,736.8
29-10 18:00:00,64.0,208.0,665.0,157.0,135.0,245.8
29-10 19:00:00,44.0,271.0,483.0,252.0,446.0,299.2
29-10 20:00:00,21.0,21.0,235.0,21.0,73.0,74.2
29-10 21:00:00,2.0,2.0,2.0,18.34,2.0,5.268
29-10 22:00:00,0.0,0.0,0.0,0.0,0.0,0.0
29-10 23:00:00,0.0,0.0,0.0,0.0,0.0,0.0
30-10 00:00:00,0.0,0.0,0.0,0.0,0.0,0.0
30-10 01:00:00,0.0,0.0,0.0,0.0,0.0,0.0
30-10 02:00:00,0.0,0.0,0.0,0.0,0.0,0.0
30-10 03:00:00,0.0,0.0,0.0,0.0,0.0,0.0
30-10 04:00:00,0.0,0.0,0.0,0.0,0.0,0.0
30-10 05:00:00,0.0,0.0,0.0,0.0,0.0,0.0
30-10 06:00:00,0.0,0.0,0.0,0.0,0.0,0.0
30-10 07:00:00,0.0,0.0,0.0,0.0,0.0,0.0
30-10 08:00:00,0.0,0.0,0.0,0.0,0.0,0.0
30-10 09:00:00,30.05,37.93,4.0,32.33,26.37,26.136000000000003
30-10 10:00:00,272.0,275.0,43.0,101.0,239.0,186.0
30-10 11:00:00,534.0,511.0,182.0,303.0,487.0,403.4
30-10 12:00:00,739.0,342.0,677.0,226.0,566.0,510.0
30-10 13:00:00,936.0,295.0,693.0,340.0,829.0,618.6
30-10 14:00:00,1055.0,769.0,867.0,398.0,909.0,799.6
30-10 15:00:00,1091.0,845.0,973.0,400.0,923.0,846.4
30-10 16:00:00,1024.0,153.0,724.0,472.0,959.0,666.4
30-10 17:00:00,517.0,111.0,394.0,304.0,828.0,430.8
30-10 18:00:00,397.0,141.0,64.0,478.0,720.0,360.0
30-10 19:00:00,392.0,44.0,44.0,478.0,471.0,285.8
30-10 20:00:00,22.0,21.0,21.0,232.0,179.0,95.0
30-10 21:00:00,2.0,2.0,2.0,2.0,2.0,2.0
30-10 22:00:00,0.0,0.0,0.0,0.0,0.0,0.0
30-10 23:00:00,0.0,0.0,0.0,0.0,0.0,0.0
31-10 00:00:00,0.0,0.0,0.0,0.0,0.0,0.0
31-10 01:00:00,0.0,0.0,0.0,0.0,0.0,0.0
31-10 02:00:00,0.0,0.0,0.0,0.0,0.0,0.0
31-10 03:00:00,0.0,0.0,0.0,0.0,0.0,0.0
31-10 04:00:00,0.0,0.0,0.0,0.0,0.0,0.0
31-10 05:00:00,0.0,0.0,0.0,0.0,0.0,0.0
31-10 06:00:00,0.0,0.0,0.0,0.0,0.0,0.0
31-10 07:00:00,0.0,0.0,0.0,0.0,0.0,0.0
31-10 08:00:00,0.0,0.0,0.0,0.0,0.0,0.0
31-10 09:00:00,4.0,7.0,29.88,37.24,14.0,18.424
31-10 10:00:00,278.0,80.0,24.0,169.0,118.0,133.8
31-10 11:00:00,536.0,95.0,75.0,180.0,429.0,263.0
31-10 12:00:00,747.0,182.0,210.0,239.0,670.0,409.6
31-10 13:00:00,630.0,404.0,148.0,193.0,853.0,445.6
31-10 14:00:00,981.0,136.0,248.0,477.0,973.0,563.0
31-10 15:00:00,1026.0,206.0,672.0,935.0,1044.0,776.6
31-10 16:00:00,891.0,261.0,1033.0,671.0,979.0,767.0
31-10 17:00:00,703.0,265.0,763.0,436.0,838.0,601.0
31-10 18:00:00,305.0,117.0,461.0,139.0,493.0,303.0
31-10 19:00:00,44.0,67.0,67.0,241.0,44.0,92.6
31-10 20:00:00,22.0,21.0,55.0,48.0,22.0,33.6
31-10 21:00:00,2.0,2.0,2.0,2.0,2.0,2.0
31-10 22:00:00,0.0,0.0,0.0,0.0,0.0,0.0
31-10 23:00:00,0.0,0.0,0.0,0.0,0.0,0.0
01-11 00:00:00,0.0,0.0,0.0,0.0,0.0,0.0
01-11 01:00:00,0.0,0.0,0.0,0.0,0.0,0.0
01-11 02:00:00,0.0,0.0,0.0,0.0,0.0,0.0
01-11 03:00:00,0.0,0.0,0.0,0.0,0.0,0.0
01-11 04:00:00,0.0,0.0,0.0,0.0,0.0,0.0
01-11 05:00:00,0.0,0.0,0.0,0.0,0.0,0.0
01-11 06:00:00,0.0,0.0,0.0,0.0,0.0,0.0
01-11 07:00:00,0.0,0.0,0.0,0.0,0.0,0.0
01-11 08:00:00,0.0,0.0,0.0,0.0,0.0,0.0
01-11 09:00:00,32.58,15.0,32.58,35.79,32.58,29.705999999999996
01-11 10:00:00,276.0,51.0,126.0,227.0,269.0,189.8
01-11 11:00:00,517.0,102.0,332.0,321.0,520.0,358.4
01-11 12:00:00,759.0,287.0,420.0,147.0,752.0,473.0
01-11 13:00:00,942.0,397.0,567.0,413.0,914.0,646.6
01-11 14:00:00,1032.0,801.0,984.0,578.0,970.0,873.0
01-11 15:00:00,899.0,960.0,942.0,849.0,596.0,849.2
01-11 16:00:00,932.0,927.0,951.0,720.0,910.0,888.0
01-11 17:00:00,692.0,450.0,711.0,697.0,674.0,644.8
01-11 18:00:00,641.0,663.0,713.0,390.0,382.0,557.8
01-11 19:00:00,460.0,449.0,399.0,300.0,473.0,416.2
01-11 20:00:00,178.0,212.0,165.0,56.0,22.0,126.6
01-11 21:00:00,2.0,2.0,16.62,2.0,2.0,4.924
01-11 22:00:00,0.0,0.0,0.0,0.0,0.0,0.0
01-11 23:00:00,0.0,0.0,0.0,0.0,0.0,0.0
02-11 00:00:00,0.0,0.0,0.0,0.0,0.0,0.0
02-11 01:00:00,0.0,0.0,0.0,0.0,0.0,0.0
02-11 02:00:00,0.0,0.0,0.0,0.0,0.0,0.0
02-11 03:00:00,0.0,0.0,0.0,0.0,0.0,0.0
02-11 04:00:00,0.0,0.0,0.0,0.0,0.0,0.0
02-11 05:00:00,0.0,0.0,0.0,0.0,0.0,0.0
02-11 06:00:00,0.0,0.0,0.0,0.0,0.0,0.0
02-11 07:00:00,0.0,0.0,0.0,0.0,0.0,0.0
02-11 08:00:00,0.0,0.0,0.0,0.0,0.0,0.0
02-11 09:00:00,18.0,28.55,23.81,4.0,30.88,21.048
02-11 10:00:00,127.0,271.0,77.0,45.0,83.0,120.6
02-11 11:00:00,493.0,532.0,59.0,102.0,515.0,340.2
02-11 12:00:00,754.0,761.0,97.0,206.0,740.0,511.6
02-11 13:00:00,936.0,933.0,234.0,259.0,905.0,653.4
02-11 14:00:00,1031.0,1038.0,593.0,438.0,1019.0,823.8
02-11 15:00:00,1084.0,1073.0,641.0,563.0,1013.0,874.8
02-11 16:00:00,1011.0,1018.0,620.0,640.0,983.0,854.4
02-11 17:00:00,820.0,816.0,314.0,632.0,657.0,647.8
02-11 18:00:00,633.0,565.0,180.0,419.0,136.0,386.6
02-11 19:00:00,424.0,349.0,110.0,54.0,44.0,196.2
02-11 20:00:00,209.0,152.0,22.0,22.0,22.0,85.4
02-11 21:00:00,2.0,3.0,2.0,2.0,2.0,2.2
02-11 22:00:00,0.0,0.0,0.0,0.0,0.0,0.0
02-11 23:00:00,0.0,0.0,0.0,0.0,0.0,0.0
03-11 00:00:00,0.0,0.0,0.0,0.0,0.0,0.0
03-11 01:00:00,0.0,0.0,0.0,0.0,0.0,0.0
03-11 02:00:00,0.0,0.0,0.0,0.0,0.0,0.0
03-11 03:00:00,0.0,0.0,0.0,0.0,0.0,0.0
03-11 04:00:00,0.0,0.0,0.0,0.0,0.0,0.0
03-11 05:00:00,0.0,0.0,0.0,0.0,0.0,0.0
03-11 06:00:00,0.0,0.0,0.0,0.0,0.0,0.0
03-11 07:00:00,0.0,0.0,0.0,0.0,0.0,0.0
03-11 08:00:00,0.0,0.0,0.0,0.0,0.0,0.0
03-11 09:00:00,18.0,42.19,36.79,10.0,41.31,29.657999999999998
03-11 10:00:00,284.0,284.0,286.0,53.0,252.0,231.8
03-11 11:00:00,337.0,526.0,481.0,132.0,518.0,398.8
03-11 12:00:00,553.0,677.0,753.0,176.0,748.0,581.4
03-11 13:00:00,897.0,766.0,468.0,248.0,432.0,562.2
03-11 14:00:00,1021.0,917.0,955.0,346.0,807.0,809.2
03-11 15:00:00,1044.0,1021.0,932.0,478.0,812.0,857.4
03-11 16:00:00,785.0,985.0,119.0,733.0,632.0,650.8
03-11 17:00:00,723.0,844.0,152.0,587.0,81.0,477.4
03-11 18:00:00,120.0,630.0,524.0,474.0,145.0,378.6
03-11 19:00:00,45.0,267.0,64.0,231.0,112.0,143.8
03-11 20:00:00,23.0,23.0,22.0,77.0,22.0,33.4
03-11 21:00:00,2.0,3.0,10.0,3.0,2.0,4.0
03-11 22:00:00,0.0,0.0,0.0,0.0,0.0,0.0
03-11 23:00:00,0.0,0.0,0.0,0.0,0.0,0.0
04-11 00:00:00,0.0,0.0,0.0,0.0,0.0,0.0
04-11 01:00:00,0.0,0.0,0.0,0.0,0.0,0.0
04-11 02:00:00,0.0,0.0,0.0,0.0,0.0,0.0
04-11 03:00:00,0.0,0.0,0.0,0.0,0.0,0.0
04-11 04:00:00,0.0,0.0,0.0,0.0,0.0,0.0
04-11 05:00:00,0.0,0.0,0.0,0.0,0.0,0.0
04-11 06:00:00,0.0,0.0,0.0,0.0,0.0,0.0
04-11 07:00:00,0.0,0.0,0.0,0.0,0.0,0.0
04-11 08:00:00,0.0,0.0,0.0,0.0,0.0,0.0
04-11 09:00:00,37.75,36.25,22.82,9.0,16.0,24.363999999999997
04-11 10:00:00,276.0,238.0,161.0,178.0,163.0,203.2
04-11 11:00:00,514.0,487.0,161.0,179.0,322.0,332.6
04-11 12:00:00,753.0,751.0,501.0,479.0,628.0,622.4
04-11 13:00:00,929.0,842.0,623.0,610.0,785.0,757.8
04-11 14:00:00,1028.0,952.0,819.0,954.0,884.0,927.4
04-11 15:00:00,1057.0,1111.0,622.0,940.0,524.0,850.8
04-11 16:00:00,855.0,862.0,1013.0,743.0,529.0,800.4
04-11 17:00:00,804.0,584.0,659.0,575.0,795.0,683.4
04-11 18:00:00,403.0,418.0,184.0,586.0,710.0,460.2
04-11 19:00:00,45.0,195.0,288.0,461.0,306.0,259.0
04-11 20:00:00,51.0,76.0,22.0,259.0,33.0,88.2
04-11 21:00:00,23.84,3.0,3.0,3.0,3.0,7.168000000000001
04-11 22:00:00,0.0,0.0,0.0,0.0,0.0,0.0
04-11 23:00:00,0.0,0.0,0.0,0.0,0.0,0.0
05-11 00:00:00,0.0,0.0,0.0,0.0,0.0,0.0
05-11 01:00:00,0.0,0.0,0.0,0.0,0.0,0.0
05-11 02:00:00,0.0,0.0,0.0,0.0,0.0,0.0
05-11 03:00:00,0.0,0.0,0.0,0.0,0.0,0.0
05-11 04:00:00,0.0,0.0,0.0,0.0,0.0,0.0
05-11 05:00:00,0.0,0.0,0.0,0.0,0.0,0.0
05-11 06:00:00,0.0,0.0,0.0,0.0,0.0,0.0
05-11 07:00:00,0.0,0.0,0.0,0.0,0.0,0.0
05-11 08:00:00,0.0,0.0,0.0,0.0,0.0,0.0
05-11 09:00:00,37.03,45.42,42.44,42.44,36.27,40.72
05-11 10:00:00,278.0,292.0,280.0,290.0,281.0,284.2
05-11 11:00:00,518.0,545.0,536.0,551.0,544.0,538.8
05-11 12:00:00,729.0,776.0,759.0,774.0,769.0,761.4
05-11 13:00:00,437.0,905.0,864.0,953.0,933.0,818.4
05-11 14:00:00,654.0,1032.0,832.0,1066.0,1061.0,929.0
05-11 15:00:00,418.0,1127.0,932.0,763.0,1103.0,868.6
05-11 16:00:00,941.0,1065.0,703.0,880.0,1047.0,927.2
05-11 17:00:00,730.0,870.0,590.0,615.0,874.0,735.8
05-11 18:00:00,72.0,667.0,143.0,509.0,701.0,418.4
05-11 19:00:00,397.0,401.0,406.0,82.0,346.0,326.4
05-11 20:00:00,34.0,208.0,221.0,24.0,23.0,102.0
05-11 21:00:00,14.0,15.83,5.0,3.0,27.74,13.113999999999999
05-11 22:00:00,0.0,0.0,0.0,0.0,0.0,0.0
05-11 23:00:00,0.0,0.0,0.0,0.0,0.0,0.0
06-11 00:00:00,0.0,0.0,0.0,0.0,0.0,0.0
06-11 01:00:00,0.0,0.0,0.0,0.0,0.0,0.0
06-11 02:00:00,0.0,0.0,0.0,0.0,0.0,0.0
06-11 03:00:00,0.0,0.0,0.0,0.0,0.0,0.0
06-11 04:00:00,0.0,0.0,0.0,0.0,0.0,0.0
06-11 05:00:00,0.0,0.0,0.0,0.0,0.0,0.0
06-11 06:00:00,0.0,0.0,0.0,0.0,0.0,0.0
06-11 07:00:00,0.0,0.0,0.0,0.0,0.0,0.0
06-11 08:00:00,0.0,0.0,0.0,0.0,0.0,0.0
06-11 09:00:00,27.59,41.15,22.0,42.48,36.3,33.903999999999996
06-11 10:00:00,152.0,289.0,187.0,288.0,271.0,237.4
06-11 11:00:00,56.0,542.0,265.0,548.0,556.0,393.4
06-11 12:00:00,592.0,773.0,569.0,769.0,769.0,694.4
06-11 13:00:00,300.0,951.0,585.0,951.0,943.0,746.0
06-11 14:00:00,578.0,951.0,816.0,1017.0,956.0,863.6
06-11 15:00:00,570.0,948.0,1017.0,1036.0,830.0,880.2
06-11 16:00:00,790.0,1014.0,971.0,1015.0,910.0,940.0
06-11 17:00:00,798.0,930.0,903.0,905.0,735.0,854.2
06-11 18:00:00,698.0,617.0,752.0,668.0,624.0,671.8
06-11 19:00:00,391.0,430.0,410.0,525.0,433.0,437.8
06-11 20:00:00,199.0,154.0,215.0,226.0,133.0,185.4
06-11 21:00:00,27.92,9.0,3.0,3.0,3.0,9.184000000000001
06-11 22:00:00,0.0,0.0,0.0,0.0,0.0,0.0
06-11 23:00:00,0.0,0.0,0.0,0.0,0.0,0.0
07-11 00:00:00,0.0,0.0,0.0,0.0,0.0,0.0
07-11 01:00:00,0.0,0.0,0.0,0.0,0.0,0.0
07-11 02:00:00,0.0,0.0,0.0,0.0,0.0,0.0
07-11 03:00:00,0.0,0.0,0.0,0.0,0.0,0.0
07-11 04:00:00,0.0,0.0,0.0,0.0,0.0,0.0
07-11 05:00:00,0.0,0.0,0.0,0.0,0.0,0.0
07-11 06:00:00,0.0,0.0,0.0,0.0,0.0,0.0
07-11 07:00:00,0.0,0.0,0.0,0.0,0.0,0.0
07-11 08:00:00,0.0,0.0,0.0,0.0,0.0,0.0
07-11 09:00:00,28.58,47.14,41.02,47.04,23.82,37.519999999999996
07-11 10:00:00,137.0,277.0,234.0,297.0,204.0,229.8
07-11 11:00:00,432.0,526.0,203.0,554.0,532.0,449.4
07-11 12:00:00,729.0,548.0,175.0,777.0,719.0,589.6
07-11 13:00:00,824.0,630.0,854.0,962.0,904.0,834.8
07-11 14:00:00,601.0,748.0,977.0,886.0,942.0,830.8
07-11 15:00:00,1058.0,836.0,827.0,882.0,951.0,910.8
07-11 16:00:00,998.0,792.0,858.0,973.0,967.0,917.6
07-11 17:00:00,650.0,668.0,440.0,814.0,761.0,666.6
07-11 18:00:00,589.0,696.0,66.0,485.0,626.0,492.4
07-11 19:00:00,443.0,508.0,45.0,285.0,483.0,352.8
07-11 20:00:00,203.0,24.0,23.0,196.0,205.0,130.2
07-11 21:00:00,3.0,3.0,3.0,3.0,31.94,8.788
07-11 22:00:00,0.0,0.0,0.0,0.0,0.0,0.0
07-11 23:00:00,0.0,0.0,0.0,0.0,0.0,0.0
08-11 00:00:00,0.0,0.0,0.0,0.0,0.0,0.0
08-11 01:00:00,0.0,0.0,0.0,0.0,0.0,0.0
08-11 02:00:00,0.0,0.0,0.0,0.0,0.0,0.0
08-11 03:00:00,0.0,0.0,0.0,0.0,0.0,0.0
08-11 04:00:00,0.0,0.0,0.0,0.0,0.0,0.0
08-11 05:00:00,0.0,0.0,0.0,0.0,0.0,0.0
08-11 06:00:00,0.0,0.0,0.0,0.0,0.0,0.0
08-11 07:00:00,0.0,0.0,0.0,0.0,0.0,0.0
08-11 08:00:00,0.0,0.0,0.0,0.0,0.0,0.0
08-11 09:00:00,6.0,27.79,47.85,42.13,46.44,34.042
08-11 10:00:00,183.0,145.0,272.0,298.0,292.0,238.0
08-11 11:00:00,189.0,321.0,510.0,551.0,549.0,424.0
08-11 12:00:00,281.0,534.0,713.0,765.0,776.0,613.8
08-11 13:00:00,276.0,769.0,829.0,502.0,941.0,663.4
08-11 14:00:00,457.0,898.0,630.0,872.0,888.0,749.0
08-11 15:00:00,556.0,934.0,811.0,664.0,549.0,702.8
08-11 16:00:00,539.0,887.0,999.0,137.0,866.0,685.6
08-11 17:00:00,506.0,880.0,657.0,398.0,810.0,650.2
08-11 18:00:00,482.0,639.0,124.0,72.0,747.0,412.8
08-11 19:00:00,181.0,76.0,45.0,46.0,315.0,132.6
08-11 20:00:00,45.0,24.0,23.0,24.0,55.0,34.2
08-11 21:00:00,3.0,3.0,3.0,3.0,31.37,8.674000000000001
08-11 22:00:00,0.0,0.0,0.0,0.0,0.0,0.0
08-11 23:00:00,0.0,0.0,0.0,0.0,0.0,0.0
09-11 00:00:00,0.0,0.0,0.0,0.0,0.0,0.0
09-11 01:00:00,0.0,0.0,0.0,0.0,0.0,0.0
09-11 02:00:00,0.0,0.0,0.0,0.0,0.0,0.0
09-11 03:00:00,0.0,0.0,0.0,0.0,0.0,0.0
09-11 04:00:00,0.0,0.0,0.0,0.0,0.0,0.0
09-11 05:00:00,0.0,0.0,0.0,0.0,0.0,0.0
09-11 06:00:00,0.0,0.0,0.0,0.0,0.0,0.0
09-11 07:00:00,0.0,0.0,0.0,0.0,0.0,0.0
09-11 08:00:00,0.0,0.0,0.0,0.0,0.0,0.0
09-11 09:00:00,26.8,16.0,8.0,47.24,50.93,29.794
09-11 10:00:00,252.0,102.0,185.0,292.0,299.0,226.0
09-11 11:00:00,487.0,265.0,227.0,536.0,551.0,413.2
09-11 12:00:00,745.0,404.0,272.0,769.0,755.0,589.0
09-11 13:00:00,933.0,666.0,460.0,947.0,955.0,792.2
09-11 14:00:00,1044.0,562.0,813.0,1053.0,1061.0,906.6
09-11 15:00:00,1012.0,837.0,769.0,1071.0,1103.0,958.4
09-11 16:00:00,997.0,713.0,955.0,964.0,1013.0,928.4
09-11 17:00:00,894.0,204.0,809.0,892.0,881.0,736.0
09-11 18:00:00,520.0,73.0,646.0,648.0,673.0,512.0
09-11 19:00:00,68.0,46.0,80.0,409.0,478.0,216.2
09-11 20:00:00,198.0,24.0,114.0,24.0,175.0,107.0
09-11 21:00:00,3.0,3.0,3.0,3.0,33.74,9.148
09-11 22:00:00,0.0,0.0,0.0,0.0,0.0,0.0
09-11 23:00:00,0.0,0.0,0.0,0.0,0.0,0.0
10-11 00:00:00,0.0,0.0,0.0,0.0,0.0,0.0
10-11 01:00:00,0.0,0.0,0.0,0.0,0.0,0.0
10-11 02:00:00,0.0,0.0,0.0,0.0,0.0,0.0
10-11 03:00:00,0.0,0.0,0.0,0.0,0.0,0.0
10-11 04:00:00,0.0,0.0,0.0,0.0,0.0,0.0
10-11 05:00:00,0.0,0.0,0.0,0.0,0.0,0.0
10-11 06:00:00,0.0,0.0,0.0,0.0,0.0,0.0
10-11 07:00:00,0.0,0.0,0.0,0.0,0.0,0.0
10-11 08:00:00,0.0,0.0,0.0,0.0,0.0,0.0
10-11 09:00:00,35.8,5.0,37.51,46.53,46.65,34.298
10-11 10:00:00,282.0,90.0,250.0,293.0,299.0,242.8
10-11 11:00:00,524.0,147.0,465.0,550.0,562.0,449.6
10-11 12:00:00,752.0,200.0,536.0,763.0,786.0,607.4
10-11 13:00:00,931.0,317.0,794.0,930.0,966.0,787.6
10-11 14:00:00,1036.0,608.0,856.0,964.0,1079.0,908.6
10-11 15:00:00,1065.0,890.0,665.0,327.0,1128.0,815.0
10-11 16:00:00,1012.0,716.0,776.0,180.0,1101.0,757.0
10-11 17:00:00,908.0,640.0,939.0,107.0,952.0,709.2
10-11 18:00:00,66.0,671.0,643.0,67.0,771.0,443.6
10-11 19:00:00,46.0,521.0,234.0,46.0,449.0,259.2
10-11 20:00:00,24.0,254.0,23.0,37.0,200.0,107.6
10-11 21:00:00,27.82,14.0,3.0,3.0,4.0,10.364
10-11 22:00:00,0.0,0.0,0.0,0.0,0.0,0.0
10-11 23:00:00,0.0,0.0,0.0,0.0,0.0,0.0
11-11 00:00:00,0.0,0.0,0.0,0.0,0.0,0.0
11-11 01:00:00,0.0,0.0,0.0,0.0,0.0,0.0
11-11 02:00:00,0.0,0.0,0.0,0.0,0.0,0.0
11-11 03:00:00,0.0,0.0,0.0,0.0,0.0,0.0
11-11 04:00:00,0.0,0.0,0.0,0.0,0.0,0.0
11-11 05:00:00,0.0,0.0,0.0,0.0,0.0,0.0
11-11 06:00:00,0.0,0.0,0.0,0.0,0.0,0.0
11-11 07:00:00,0.0,0.0,0.0,0.0,0.0,0.0
11-11 08:00:00,0.0,0.0,0.0,0.0,0.0,0.0
11-11 09:00:00,40.72,45.35,14.0,37.52,29.58,33.434000000000005
11-11 10:00:00,279.0,289.0,43.0,299.0,264.0,234.8
11-11 11:00:00,523.0,535.0,177.0,492.0,548.0,455.0
11-11 12:00:00,762.0,759.0,218.0,233.0,788.0,552.0
11-11 13:00:00,934.0,929.0,210.0,715.0,959.0,749.4
11-11 14:00:00,0.0,1051.0,170.0,821.0,894.0,587.2
11-11 15:00:00,1057.0,1057.0,164.0,614.0,1054.0,789.2
11-11 16:00:00,909.0,947.0,194.0,297.0,833.0,636.0
11-11 17:00:00,693.0,952.0,188.0,643.0,847.0,664.6
11-11 18:00:00,767.0,233.0,412.0,677.0,753.0,568.4
11-11 19:00:00,439.0,184.0,402.0,364.0,294.0,336.6
11-11 20:00:00,169.0,148.0,23.0,38.0,207.0,117.0
11-11 21:00:00,12.0,25.34,4.0,3.0,6.0,10.068000000000001
11-11 22:00:00,0.0,0.0,0.0,0.0,0.0,0.0
11-11 23:00:00,0.0,0.0,0.0,0.0,0.0,0.0
12-11 00:00:00,0.0,0.0,0.0,0.0,0.0,0.0
12-11 01:00:00,0.0,0.0,0.0,0.0,0.0,0.0
12-11 02:00:00,0.0,0.0,0.0,0.0,0.0,0.0
12-11 03:00:00,0.0,0.0,0.0,0.0,0.0,0.0
12-11 04:00:00,0.0,0.0,0.0,0.0,0.0,0.0
12-11 05:00:00,0.0,0.0,0.0,0.0,0.0,0.0
12-11 06:00:00,0.0,0.0,0.0,0.0,0.0,0.0
12-11 07:00:00,0.0,0.0,0.0,0.0,0.0,0.0
12-11 08:00:00,0.0,0.0,0.0,0.0,0.0,0.0
12-11 09:00:00,30.57,28.6,29.59,23.0,43.89,31.130000000000003
12-11 10:00:00,202.0,161.0,252.0,94.0,154.0,172.6
12-11 11:00:00,497.0,95.0,377.0,79.0,466.0,302.8
12-11 12:00:00,756.0,479.0,605.0,363.0,746.0,589.8
12-11 13:00:00,936.0,427.0,617.0,903.0,944.0,765.4
12-11 14:00:00,1042.0,451.0,626.0,968.0,1044.0,826.2
12-11 15:00:00,1089.0,483.0,929.0,912.0,828.0,848.2
12-11 16:00:00,1063.0,656.0,590.0,769.0,845.0,784.6
12-11 17:00:00,528.0,799.0,496.0,218.0,858.0,579.8
12-11 18:00:00,707.0,377.0,636.0,156.0,632.0,501.6
12-11 19:00:00,396.0,51.0,279.0,93.0,90.0,181.8
12-11 20:00:00,92.0,34.0,24.0,83.0,209.0,88.4
12-11 21:00:00,4.0,4.0,3.0,4.0,12.0,5.4
12-11 22:00:00,0.0,0.0,0.0,0.0,0.0,0.0
12-11 23:00:00,0.0,0.0,0.0,0.0,0.0,0.0
13-11 00:00:00,0.0,0.0,0.0,0.0,0.0,0.0
13-11 01:00:00,0.0,0.0,0.0,0.0,0.0,0.0
13-11 02:00:00,0.0,0.0,0.0,0.0,0.0,0.0
13-11 03:00:00,0.0,0.0,0.0,0.0,0.0,0.0
13-11 04:00:00,0.0,0.0,0.0,0.0,0.0,0.0
13-11 05:00:00,0.0,0.0,0.0,0.0,0.0,0.0
13-11 06:00:00,0.0,0.0,0.0,0.0,0.0,0.0
13-11 07:00:00,0.0,0.0,0.0,0.0,0.0,0.0
13-11 08:00:00,0.0,0.0,0.0,0.0,0.0,0.0
13-11 09:00:00,41.68,14.0,7.0,14.0,46.3,24.596
13-11 10:00:00,288.0,107.0,128.0,172.0,279.0,194.8
13-11 11:00:00,526.0,371.0,183.0,432.0,529.0,408.2
13-11 12:00:00,761.0,661.0,319.0,655.0,766.0,632.4
13-11 13:00:00,937.0,810.0,478.0,892.0,942.0,811.8
13-11 14:00:00,781.0,927.0,493.0,1043.0,1048.0,858.4
13-11 15:00:00,1090.0,893.0,846.0,1091.0,937.0,971.4
13-11 16:00:00,1076.0,513.0,723.0,1026.0,311.0,729.8
13-11 17:00:00,940.0,399.0,326.0,825.0,689.0,635.8
13-11 18:00:00,757.0,271.0,148.0,713.0,547.0,487.2
13-11 19:00:00,438.0,46.0,46.0,533.0,51.0,222.8
13-11 20:00:00,24.0,233.0,24.0,207.0,163.0,130.2
13-11 21:00:00,4.0,7.0,7.0,4.0,21.81,8.762
13-11 22:00:00,0.0,0.0,0.0,0.0,0.0,0.0
13-11 23:00:00,0.0,0.0,0.0,0.0,0.0,0.0
14-11 00:00:00,0.0,0.0,0.0,0.0,0.0,0.0
14-11 01:00:00,0.0,0.0,0.0,0.0,0.0,0.0
14-11 02:00:00,0.0,0.0,0.0,0.0,0.0,0.0
14-11 03:00:00,0.0,0.0,0.0,0.0,0.0,0.0
14-11 04:00:00,0.0,0.0,0.0,0.0,0.0,0.0
14-11 05:00:00,0.0,0.0,0.0,0.0,0.0,0.0
14-11 06:00:00,0.0,0.0,0.0,0.0,0.0,0.0
14-11 07:00:00,0.0,0.0,0.0,0.0,0.0,0.0
14-11 08:00:00,0.0,0.0,0.0,0.0,0.0,0.0
14-11 09:00:00,9.0,20.0,19.0,16.0,48.4,22.48
14-11 10:00:00,247.0,35.0,154.0,99.0,295.0,166.0
14-11 11:00:00,475.0,118.0,367.0,242.0,553.0,351.0
14-11 12:00:00,735.0,152.0,547.0,670.0,774.0,575.6
14-11 13:00:00,800.0,169.0,645.0,811.0,947.0,674.4
14-11 14:00:00,911.0,236.0,651.0,741.0,1053.0,718.4
14-11 15:00:00,848.0,865.0,635.0,473.0,1095.0,783.2
14-11 16:00:00,965.0,619.0,578.0,609.0,1059.0,766.0
14-11 17:00:00,524.0,277.0,358.0,238.0,905.0,460.4
14-11 18:00:00,729.0,645.0,540.0,191.0,516.0,524.2
14-11 19:00:00,63.0,473.0,264.0,46.0,268.0,222.8
14-11 20:00:00,24.0,24.0,24.0,24.0,188.0,56.8
14-11 21:00:00,4.0,11.0,4.0,4.0,11.0,6.8
14-11 22:00:00,0.0,0.0,0.0,0.0,0.0,0.0
14-11 23:00:00,0.0,0.0,0.0,0.0,0.0,0.0
15-11 00:00:00,0.0,0.0,0.0,0.0,0.0,0.0
15-11 01:00:00,0.0,0.0,0.0,0.0,0.0,0.0
15-11 02:00:00,0.0,0.0,0.0,0.0,0.0,0.0
15-11 03:00:00,0.0,0.0,0.0,0.0,0.0,0.0
15-11 04:00:00,0.0,0.0,0.0,0.0,0.0,0.0
15-11 05:00:00,0.0,0.0,0.0,0.0,0.0,0.0
15-11 06:00:00,0.0,0.0,0.0,0.0,0.0,0.0
15-11 07:00:00,0.0,0.0,0.0,0.0,0.0,0.0
15-11 08:00:00,0.0,0.0,0.0,0.0,0.0,0.0
15-11 09:00:00,35.07,30.58,32.35,40.02,47.81,37.166000000000004
15-11 10:00:00,274.0,53.0,125.0,224.0,290.0,193.2
15-11 11:00:00,517.0,178.0,336.0,351.0,545.0,385.4
15-11 12:00:00,753.0,124.0,581.0,524.0,759.0,548.2
15-11 13:00:00,875.0,336.0,419.0,674.0,904.0,641.6
15-11 14:00:00,630.0,602.0,715.0,931.0,930.0,761.6
15-11 15:00:00,579.0,845.0,868.0,930.0,1081.0,860.6
15-11 16:00:00,498.0,1014.0,797.0,953.0,1000.0,852.4
15-11 17:00:00,343.0,774.0,590.0,582.0,486.0,555.0
15-11 18:00:00,172.0,224.0,468.0,85.0,98.0,209.4
15-11 19:00:00,46.0,537.0,190.0,46.0,47.0,173.2
15-11 20:00:00,24.0,195.0,141.0,24.0,145.0,105.8
15-11 21:00:00,4.0,16.0,4.0,4.0,30.83,11.766
15-11 22:00:00,0.0,0.0,0.0,0.0,0.0,0.0
15-11 23:00:00,0.0,0.0,0.0,0.0,0.0,0.0
16-11 00:00:00,0.0,0.0,0.0,0.0,0.0,0.0
16-11 01:00:00,0.0,0.0,0.0,0.0,0.0,0.0
16-11 02:00:00,0.0,0.0,0.0,0.0,0.0,0.0
16-11 03:00:00,0.0,0.0,0.0,0.0,0.0,0.0
16-11 04:00:00,0.0,0.0,0.0,0.0,0.0,0.0
16-11 05:00:00,0.0,0.0,0.0,0.0,0.0,0.0
16-11 06:00:00,0.0,0.0,0.0,0.0,0.0,0.0
16-11 07:00:00,0.0,0.0,0.0,0.0,0.0,0.0
16-11 08:00:00,0.0,0.0,0.0,0.0,0.0,0.0
16-11 09:00:00,13.0,52.85,5.0,52.09,21.0,28.788
16-11 10:00:00,147.0,260.0,49.0,299.0,179.0,186.8
16-11 11:00:00,267.0,517.0,115.0,557.0,537.0,398.6
16-11 12:00:00,269.0,732.0,381.0,759.0,761.0,580.4
16-11 13:00:00,173.0,831.0,285.0,903.0,936.0,625.6
16-11 14:00:00,309.0,892.0,653.0,979.0,961.0,758.8
16-11 15:00:00,468.0,990.0,604.0,1075.0,1084.0,844.2
16-11 16:00:00,445.0,1039.0,629.0,1074.0,1032.0,843.8
16-11 17:00:00,442.0,833.0,582.0,940.0,693.0,698.0
16-11 18:00:00,609.0,669.0,390.0,767.0,193.0,525.6
16-11 19:00:00,425.0,250.0,175.0,492.0,336.0,335.6
16-11 20:00:00,269.0,25.0,24.0,146.0,25.0,97.8
16-11 21:00:00,4.0,4.0,4.0,4.0,4.0,4.0
16-11 22:00:00,0.0,0.0,0.0,0.0,0.0,0.0
16-11 23:00:00,0.0,0.0,0.0,0.0,0.0,0.0
17-11 00:00:00,0.0,0.0,0.0,0.0,0.0,0.0
17-11 01:00:00,0.0,0.0,0.0,0.0,0.0,0.0
17-11 02:00:00,0.0,0.0,0.0,0.0,0.0,0.0
17-11 03:00:00,0.0,0.0,0.0,0.0,0.0,0.0
17-11 04:00:00,0.0,0.0,0.0,0.0,0.0,0.0
17-11 05:00:00,0.0,0.0,0.0,0.0,0.0,0.0
17-11 06:00:00,0.0,0.0,0.0,0.0,0.0,0.0
17-11 07:00:00,0.0,0.0,0.0,0.0,0.0,0.0
17-11 08:00:00,0.0,0.0,0.0,0.0,0.0,0.0
17-11 09:00:00,40.98,20.0,38.53,45.07,5.0,29.915999999999997
17-11 10:00:00,297.0,145.0,168.0,298.0,106.0,202.8
17-11 11:00:00,555.0,379.0,137.0,558.0,481.0,422.0
17-11 12:00:00,738.0,615.0,496.0,783.0,748.0,676.0
17-11 13:00:00,588.0,609.0,559.0,973.0,916.0,729.0
17-11 14:00:00,797.0,494.0,673.0,1082.0,940.0,797.2
17-11 15:00:00,909.0,473.0,747.0,1126.0,784.0,807.8
17-11 16:00:00,746.0,519.0,475.0,1101.0,642.0,696.6
17-11 17:00:00,578.0,323.0,125.0,944.0,104.0,414.8
17-11 18:00:00,689.0,641.0,67.0,776.0,112.0,457.0
17-11 19:00:00,517.0,177.0,46.0,544.0,429.0,342.6
17-11 20:00:00,25.0,55.0,24.0,263.0,237.0,120.8
17-11 21:00:00,4.0,4.0,4.0,45.73,42.69,20.083999999999996
17-11 22:00:00,0.0,0.0,0.0,0.0,0.0,0.0
17-11 23:00:00,0.0,0.0,0.0,0.0,0.0,0.0
18-11 00:00:00,0.0,0.0,0.0,0.0,0.0,0.0
18-11 01:00:00,0.0,0.0,0.0,0.0,0.0,0.0
18-11 02:00:00,0.0,0.0,0.0,0.0,0.0,0.0
18-11 03:00:00,0.0,0.0,0.0,0.0,0.0,0.0
18-11 04:00:00,0.0,0.0,0.0,0.0,0.0,0.0
18-11 05:00:00,0.0,0.0,0.0,0.0,0.0,0.0
18-11 06:00:00,0.0,0.0,0.0,0.0,0.0,0.0
18-11 07:00:00,0.0,0.0,0.0,0.0,0.0,0.0
18-11 08:00:00,0.0,0.0,0.0,0.0,0.0,0.0
18-11 09:00:00,52.13,38.53,27.81,46.54,48.47,42.696
18-11 10:00:00,169.0,255.0,84.0,297.0,289.0,218.8
18-11 11:00:00,259.0,517.0,265.0,551.0,545.0,427.4
18-11 12:00:00,452.0,717.0,368.0,778.0,751.0,613.2
18-11 13:00:00,838.0,447.0,520.0,957.0,900.0,732.4
18-11 14:00:00,681.0,881.0,346.0,1030.0,1035.0,794.6
18-11 15:00:00,683.0,957.0,206.0,918.0,1090.0,770.8
18-11 16:00:00,992.0,900.0,158.0,801.0,1060.0,782.2
18-11 17:00:00,713.0,849.0,109.0,984.0,893.0,709.6
18-11 18:00:00,76.0,748.0,179.0,752.0,610.0,473.0
18-11 19:00:00,47.0,147.0,47.0,366.0,468.0,215.0
18-11 20:00:00,25.0,124.0,25.0,122.0,272.0,113.6
18-11 21:00:00,4.0,5.0,6.0,5.0,4.0,4.8
18-11 22:00:00,0.0,0.0,0.0,0.0,0.0,0.0
18-11 23:00:00,0.0,0.0,0.0,0.0,0.0,0.0
19-11 00:00:00,0.0,0.0,0.0,0.0,0.0,0.0
19-11 01:00:00,0.0,0.0,0.0,0.0,0.0,0.0
19-11 02:00:00,0.0,0.0,0.0,0.0,0.0,0.0
19-11 03:00:00,0.0,0.0,0.0,0.0,0.0,0.0
19-11 04:00:00,0.0,0.0,0.0,0.0,0.0,0.0
19-11 05:00:00,0.0,0.0,0.0,0.0,0.0,0.0
19-11 06:00:00,0.0,0.0,0.0,0.0,0.0,0.0
19-11 07:00:00,0.0,0.0,0.0,0.0,0.0,0.0
19-11 08:00:00,0.0,0.0,0.0,0.0,0.0,0.0
19-11 09:00:00,24.83,14.0,17.0,39.49,51.39,29.341999999999995
19-11 10:00:00,183.0,65.0,77.0,200.0,248.0,154.6
19-11 11:00:00,443.0,200.0,293.0,284.0,536.0,351.2
19-11 12:00:00,756.0,326.0,686.0,661.0,751.0,636.0
19-11 13:00:00,706.0,425.0,841.0,707.0,934.0,722.6
19-11 14:00:00,360.0,567.0,856.0,851.0,1034.0,733.6
19-11 15:00:00,239.0,802.0,787.0,1048.0,1010.0,777.2
19-11 16:00:00,404.0,799.0,990.0,1021.0,832.0,809.2
19-11 17:00:00,397.0,522.0,258.0,861.0,875.0,582.6
19-11 18:00:00,421.0,594.0,396.0,704.0,401.0,503.2
19-11 19:00:00,47.0,481.0,47.0,99.0,466.0,228.0
19-11 20:00:00,25.0,79.0,71.0,25.0,267.0,93.4
19-11 21:00:00,5.0,33.82,4.0,5.0,17.0,12.963999999999999
19-11 22:00:00,0.0,0.0,0.0,0.0,0.0,0.0
19-11 23:00:00,0.0,0.0,0.0,0.0,0.0,0.0
20-11 00:00:00,0.0,0.0,0.0,0.0,0.0,0.0
20-11 01:00:00,0.0,0.0,0.0,0.0,0.0,0.0
20-11 02:00:00,0.0,0.0,0.0,0.0,0.0,0.0
20-11 03:00:00,0.0,0.0,0.0,0.0,0.0,0.0
20-11 04:00:00,0.0,0.0,0.0,0.0,0.0,0.0
20-11 05:00:00,0.0,0.0,0.0,0.0,0.0,0.0
20-11 06:00:00,0.0,0.0,0.0,0.0,0.0,0.0
20-11 07:00:00,0.0,0.0,0.0,0.0,0.0,0.0
20-11 08:00:00,0.0,0.0,0.0,0.0,0.0,0.0
20-11 09:00:00,9.0,27.81,20.0,50.84,15.0,24.53
20-11 10:00:00,273.0,175.0,239.0,220.0,74.0,196.2
20-11 11:00:00,458.0,302.0,448.0,374.0,163.0,349.0
20-11 12:00:00,641.0,521.0,678.0,659.0,276.0,555.0
20-11 13:00:00,800.0,647.0,911.0,807.0,408.0,714.6
20-11 14:00:00,746.0,671.0,983.0,698.0,325.0,684.6
20-11 15:00:00,589.0,873.0,776.0,734.0,572.0,708.8
20-11 16:00:00,117.0,995.0,726.0,907.0,546.0,658.2
20-11 17:00:00,83.0,788.0,807.0,784.0,329.0,558.2
20-11 18:00:00,67.0,713.0,542.0,486.0,726.0,506.8
20-11 19:00:00,47.0,416.0,47.0,73.0,424.0,201.4
20-11 20:00:00,25.0,96.0,25.0,281.0,191.0,123.6
20-11 21:00:00,5.0,5.0,5.0,5.0,31.33,10.266
20-11 22:00:00,0.0,0.0,0.0,0.0,0.0,0.0
20-11 23:00:00,0.0,0.0,0.0,0.0,0.0,0.0
21-11 00:00:00,0.0,0.0,0.0,0.0,0.0,0.0
21-11 01:00:00,0.0,0.0,0.0,0.0,0.0,0.0
21-11 02:00:00,0.0,0.0,0.0,0.0,0.0,0.0
21-11 03:00:00,0.0,0.0,0.0,0.0,0.0,0.0
21-11 04:00:00,0.0,0.0,0.0,0.0,0.0,0.0
21-11 05:00:00,0.0,0.0,0.0,0.0,0.0,0.0
21-11 06:00:00,0.0,0.0,0.0,0.0,0.0,0.0
21-11 07:00:00,0.0,0.0,0.0,0.0,0.0,0.0
21-11 08:00:00,0.0,0.0,0.0,0.0,0.0,0.0
21-11 09:00:00,16.0,55.91,25.82,30.58,52.91,36.244
21-11 10:00:00,239.0,214.0,133.0,268.0,176.0,206.0
21-11 11:00:00,463.0,543.0,274.0,512.0,337.0,425.8
21-11 12:00:00,742.0,773.0,565.0,739.0,598.0,683.4
21-11 13:00:00,750.0,946.0,506.0,882.0,660.0,748.8
21-11 14:00:00,785.0,1082.0,871.0,949.0,889.0,915.2
21-11 15:00:00,808.0,1143.0,941.0,944.0,1071.0,981.4
21-11 16:00:00,605.0,986.0,678.0,834.0,1060.0,832.6
21-11 17:00:00,482.0,983.0,119.0,497.0,909.0,598.0
21-11 18:00:00,96.0,797.0,111.0,500.0,652.0,431.2
21-11 19:00:00,160.0,549.0,47.0,152.0,425.0,266.6
21-11 20:00:00,152.0,282.0,25.0,26.0,44.0,105.8
21-11 21:00:00,30.56,39.21,5.0,31.35,5.0,22.224
21-11 22:00:00,0.0,0.0,0.0,0.0,0.0,0.0
21-11 23:00:00,0.0,0.0,0.0,0.0,0.0,0.0
22-11 00:00:00,0.0,0.0,0.0,0.0,0.0,0.0
22-11 01:00:00,0.0,0.0,0.0,0.0,0.0,0.0
22-11 02:00:00,0.0,0.0,0.0,0.0,0.0,0.0
22-11 03:00:00,0.0,0.0,0.0,0.0,0.0,0.0
22-11 04:00:00,0.0,0.0,0.0,0.0,0.0,0.0
22-11 05:00:00,0.0,0.0,0.0,0.0,0.0,0.0
22-11 06:00:00,0.0,0.0,0.0,0.0,0.0,0.0
22-11 07:00:00,0.0,0.0,0.0,0.0,0.0,0.0
22-11 08:00:00,0.0,0.0,0.0,0.0,0.0,0.0
22-11 09:00:00,19.0,52.98,28.8,34.31,24.0,31.817999999999994
22-11 10:00:00,245.0,294.0,226.0,247.0,209.0,244.2
22-11 11:00:00,462.0,542.0,456.0,515.0,452.0,485.4
22-11 12:00:00,682.0,762.0,677.0,680.0,561.0,672.4
22-11 13:00:00,835.0,706.0,891.0,914.0,468.0,762.8
22-11 14:00:00,893.0,1038.0,919.0,717.0,545.0,822.4
22-11 15:00:00,747.0,979.0,863.0,403.0,847.0,767.8
22-11 16:00:00,967.0,956.0,966.0,135.0,518.0,708.4
22-11 17:00:00,795.0,863.0,732.0,143.0,137.0,534.0
22-11 18:00:00,664.0,735.0,381.0,224.0,67.0,414.2
22-11 19:00:00,358.0,520.0,67.0,115.0,50.0,222.0
22-11 20:00:00,164.0,283.0,25.0,26.0,25.0,104.6
22-11 21:00:00,5.0,45.55,5.0,5.0,6.0,13.309999999999999
22-11 22:00:00,0.0,0.0,0.0,0.0,0.0,0.0
22-11 23:00:00,0.0,0.0,0.0,0.0,0.0,0.0
23-11 00:00:00,0.0,0.0,0.0,0.0,0.0,0.0
23-11 01:00:00,0.0,0.0,0.0,0.0,0.0,0.0
23-11 02:00:00,0.0,0.0,0.0,0.0,0.0,0.0
23-11 03:00:00,0.0,0.0,0.0,0.0,0.0,0.0
23-11 04:00:00,0.0,0.0,0.0,0.0,0.0,0.0
23-11 05:00:00,0.0,0.0,0.0,0.0,0.0,0.0
23-11 06:00:00,0.0,0.0,0.0,0.0,0.0,0.0
23-11 07:00:00,0.0,0.0,0.0,0.0,0.0,0.0
23-11 08:00:00,0.0,0.0,0.0,0.0,0.0,0.0
23-11 09:00:00,49.98,55.22,32.35,22.0,11.0,34.11
23-11 10:00:00,292.0,165.0,154.0,133.0,59.0,160.6
23-11 11:00:00,530.0,322.0,386.0,378.0,171.0,357.4
23-11 12:00:00,607.0,554.0,636.0,571.0,292.0,532.0
23-11 13:00:00,705.0,668.0,722.0,765.0,516.0,675.2
23-11 14:00:00,737.0,602.0,900.0,922.0,594.0,751.0
23-11 15:00:00,830.0,781.0,950.0,834.0,676.0,814.2
23-11 16:00:00,768.0,575.0,969.0,1051.0,870.0,846.6
23-11 17:00:00,465.0,465.0,860.0,887.0,83.0,552.0
23-11 18:00:00,420.0,413.0,678.0,369.0,67.0,389.4
23-11 19:00:00,61.0,48.0,418.0,131.0,500.0,231.6
23-11 20:00:00,26.0,63.0,221.0,26.0,219.0,111.0
23-11 21:00:00,5.0,5.0,5.0,5.0,52.12,14.424000000000001
23-11 22:00:00,0.0,0.0,0.0,0.0,0.0,0.0
23-11 23:00:00,0.0,0.0,0.0,0.0,0.0,0.0
24-11 00:00:00,0.0,0.0,0.0,0.0,0.0,0.0
24-11 01:00:00,0.0,0.0,0.0,0.0,0.0,0.0
24-11 02:00:00,0.0,0.0,0.0,0.0,0.0,0.0
24-11 03:00:00,0.0,0.0,0.0,0.0,0.0,0.0
24-11 04:00:00,0.0,0.0,0.0,0.0,0.0,0.0
24-11 05:00:00,0.0,0.0,0.0,0.0,0.0,0.0
24-11 06:00:00,0.0,0.0,0.0,0.0,0.0,0.0
24-11 07:00:00,0.0,0.0,0.0,0.0,0.0,0.0
24-11 08:00:00,0.0,0.0,0.0,0.0,0.0,0.0
24-11 09:00:00,41.74,18.0,29.79,36.81,14.0,28.068
24-11 10:00:00,276.0,240.0,217.0,237.0,174.0,228.8
24-11 11:00:00,521.0,538.0,293.0,509.0,169.0,406.0
24-11 12:00:00,755.0,765.0,419.0,506.0,727.0,634.4
24-11 13:00:00,905.0,933.0,896.0,676.0,844.0,850.8
24-11 14:00:00,779.0,1034.0,795.0,844.0,1010.0,892.4
24-11 15:00:00,775.0,1042.0,919.0,953.0,870.0,911.8
24-11 16:00:00,892.0,1046.0,822.0,844.0,764.0,873.6
24-11 17:00:00,863.0,886.0,676.0,610.0,725.0,752.0
24-11 18:00:00,343.0,772.0,643.0,526.0,92.0,475.2
24-11 19:00:00,48.0,515.0,227.0,253.0,382.0,285.0
24-11 20:00:00,55.0,105.0,250.0,46.0,26.0,96.4
24-11 21:00:00,5.0,43.0,59.0,46.0,5.0,31.6
24-11 22:00:00,0.0,0.0,0.0,0.0,0.0,0.0
24-11 23:00:00,0.0,0.0,0.0,0.0,0.0,0.0
25-11 00:00:00,0.0,0.0,0.0,0.0,0.0,0.0
25-11 01:00:00,0.0,0.0,0.0,0.0,0.0,0.0
25-11 02:00:00,0.0,0.0,0.0,0.0,0.0,0.0
25-11 03:00:00,0.0,0.0,0.0,0.0,0.0,0.0
25-11 04:00:00,0.0,0.0,0.0,0.0,0.0,0.0
25-11 05:00:00,0.0,0.0,0.0,0.0,0.0,0.0
25-11 06:00:00,0.0,0.0,0.0,0.0,0.0,0.0
25-11 07:00:00,0.0,0.0,0.0,0.0,0.0,0.0
25-11 08:00:00,0.0,0.0,0.0,0.0,0.0,0.0
25-11 09:00:00,15.0,52.12,36.05,33.33,49.96,37.292
25-11 10:00:00,197.0,293.0,239.0,287.0,293.0,261.8
25-11 11:00:00,287.0,539.0,536.0,498.0,543.0,480.6
25-11 12:00:00,596.0,763.0,767.0,706.0,757.0,717.8
25-11 13:00:00,906.0,935.0,976.0,938.0,893.0,929.6
25-11 14:00:00,947.0,1013.0,916.0,1057.0,1012.0,989.0
25-11 15:00:00,971.0,1087.0,1018.0,1067.0,1017.0,1032.0
25-11 16:00:00,798.0,1050.0,950.0,1018.0,938.0,950.8
25-11 17:00:00,703.0,913.0,815.0,441.0,780.0,730.4
25-11 18:00:00,256.0,751.0,603.0,724.0,446.0,556.0
25-11 19:00:00,48.0,386.0,415.0,66.0,537.0,290.4
25-11 20:00:00,26.0,82.0,161.0,26.0,26.0,64.2
25-11 21:00:00,7.0,28.0,6.0,6.0,5.0,10.4
25-11 22:00:00,0.0,0.0,0.0,0.0,0.0,0.0
25-11 23:00:00,0.0,0.0,0.0,0.0,0.0,0.0
26-11 00:00:00,0.0,0.0,0.0,0.0,0.0,0.0
26-11 01:00:00,0.0,0.0,0.0,0.0,0.0,0.0
26-11 02:00:00,0.0,0.0,0.0,0.0,0.0,0.0
26-11 03:00:00,0.0,0.0,0.0,0.0,0.0,0.0
26-11 04:00:00,0.0,0.0,0.0,0.0,0.0,0.0
26-11 05:00:00,0.0,0.0,0.0,0.0,0.0,0.0
26-11 06:00:00,0.0,0.0,0.0,0.0,0.0,0.0
26-11 07:00:00,0.0,0.0,0.0,0.0,0.0,0.0
26-11 08:00:00,0.0,0.0,0.0,0.0,0.0,0.0
26-11 09:00:00,41.72,52.86,13.0,16.0,47.84,34.284000000000006
26-11 10:00:00,155.0,297.0,105.0,204.0,280.0,208.2
26-11 11:00:00,364.0,544.0,253.0,377.0,534.0,414.4
26-11 12:00:00,732.0,763.0,657.0,127.0,408.0,537.4
26-11 13:00:00,565.0,920.0,489.0,334.0,919.0,645.4
26-11 14:00:00,960.0,989.0,549.0,695.0,1048.0,848.2
26-11 15:00:00,880.0,1015.0,993.0,817.0,1082.0,957.4
26-11 16:00:00,683.0,926.0,792.0,1074.0,1033.0,901.6
26-11 17:00:00,730.0,813.0,410.0,945.0,836.0,746.8
26-11 18:00:00,99.0,795.0,622.0,781.0,606.0,580.6
26-11 19:00:00,260.0,564.0,366.0,518.0,537.0,449.0
26-11 20:00:00,259.0,225.0,207.0,294.0,217.0,240.4
26-11 21:00:00,6.0,12.0,6.0,63.0,6.0,18.6
26-11 22:00:00,0.0,0.0,0.0,0.0,0.0,0.0
26-11 23:00:00,0.0,0.0,0.0,0.0,0.0,0.0
27-11 00:00:00,0.0,0.0,0.0,0.0,0.0,0.0
27-11 01:00:00,0.0,0.0,0.0,0.0,0.0,0.0
27-11 02:00:00,0.0,0.0,0.0,0.0,0.0,0.0
27-11 03:00:00,0.0,0.0,0.0,0.0,0.0,0.0
27-11 04:00:00,0.0,0.0,0.0,0.0,0.0,0.0
27-11 05:00:00,0.0,0.0,0.0,0.0,0.0,0.0
27-11 06:00:00,0.0,0.0,0.0,0.0,0.0,0.0
27-11 07:00:00,0.0,0.0,0.0,0.0,0.0,0.0
27-11 08:00:00,0.0,0.0,0.0,0.0,0.0,0.0
27-11 09:00:00,44.7,52.84,50.58,20.0,25.82,38.788
27-11 10:00:00,242.0,298.0,297.0,149.0,60.0,209.2
27-11 11:00:00,350.0,547.0,518.0,229.0,59.0,340.6
27-11 12:00:00,317.0,775.0,561.0,120.0,84.0,371.4
27-11 13:00:00,233.0,944.0,658.0,202.0,195.0,446.4
27-11 14:00:00,969.0,1088.0,991.0,282.0,583.0,782.6
27-11 15:00:00,769.0,1030.0,1091.0,461.0,760.0,822.2
27-11 16:00:00,403.0,1112.0,1025.0,585.0,755.0,776.0
27-11 17:00:00,172.0,941.0,845.0,304.0,713.0,595.0
27-11 18:00:00,78.0,771.0,729.0,363.0,421.0,472.4
27-11 19:00:00,48.0,529.0,553.0,187.0,408.0,345.0
27-11 20:00:00,26.0,155.0,26.0,27.0,172.0,81.2
27-11 21:00:00,6.0,61.0,6.0,6.0,24.0,20.6
27-11 22:00:00,0.0,0.0,0.0,0.0,0.0,0.0
27-11 23:00:00,0.0,0.0,0.0,0.0,0.0,0.0
28-11 00:00:00,0.0,0.0,0.0,0.0,0.0,0.0
28-11 01:00:00,0.0,0.0,0.0,0.0,0.0,0.0
28-11 02:00:00,0.0,0.0,0.0,0.0,0.0,0.0
28-11 03:00:00,0.0,0.0,0.0,0.0,0.0,0.0
28-11 04:00:00,0.0,0.0,0.0,0.0,0.0,0.0
28-11 05:00:00,0.0,0.0,0.0,0.0,0.0,0.0
28-11 06:00:00,0.0,0.0,0.0,0.0,0.0,0.0
28-11 07:00:00,0.0,0.0,0.0,0.0,0.0,0.0
28-11 08:00:00,0.0,0.0,0.0,0.0,0.0,0.0
28-11 09:00:00,20.0,51.39,5.0,29.59,36.8,28.556
28-11 10:00:00,186.0,291.0,272.0,274.0,184.0,241.4
28-11 11:00:00,416.0,542.0,505.0,532.0,532.0,505.4
28-11 12:00:00,698.0,764.0,260.0,426.0,751.0,579.8
28-11 13:00:00,692.0,932.0,657.0,632.0,927.0,768.0
28-11 14:00:00,719.0,1069.0,763.0,714.0,1040.0,861.0
28-11 15:00:00,900.0,1116.0,178.0,966.0,1086.0,849.2
28-11 16:00:00,1073.0,1079.0,750.0,369.0,1021.0,858.4
28-11 17:00:00,436.0,886.0,666.0,889.0,934.0,762.2
28-11 18:00:00,175.0,731.0,165.0,119.0,563.0,350.6
28-11 19:00:00,48.0,415.0,163.0,561.0,146.0,266.6
28-11 20:00:00,26.0,312.0,53.0,292.0,27.0,142.0
28-11 21:00:00,6.0,68.0,54.0,6.0,6.0,28.0
28-11 22:00:00,0.0,0.0,0.0,0.0,0.0,0.0
28-11 23:00:00,0.0,0.0,0.0,0.0,0.0,0.0
29-11 00:00:00,0.0,0.0,0.0,0.0,0.0,0.0
29-11 01:00:00,0.0,0.0,0.0,0.0,0.0,0.0
29-11 02:00:00,0.0,0.0,0.0,0.0,0.0,0.0
29-11 03:00:00,0.0,0.0,0.0,0.0,0.0,0.0
29-11 04:00:00,0.0,0.0,0.0,0.0,0.0,0.0
29-11 05:00:00,0.0,0.0,0.0,0.0,0.0,0.0
29-11 06:00:00,0.0,0.0,0.0,0.0,0.0,0.0
29-11 07:00:00,0.0,0.0,0.0,0.0,0.0,0.0
29-11 08:00:00,0.0,0.0,0.0,0.0,0.0,0.0
29-11 09:00:00,11.0,51.27,30.58,43.92,48.39,37.032
29-11 10:00:00,171.0,291.0,232.0,165.0,237.0,219.2
29-11 11:00:00,356.0,536.0,453.0,283.0,322.0,390.0
29-11 12:00:00,438.0,763.0,735.0,452.0,753.0,628.2
29-11 13:00:00,588.0,932.0,467.0,659.0,496.0,628.4
29-11 14:00:00,745.0,1057.0,583.0,127.0,605.0,623.4
29-11 15:00:00,873.0,1074.0,949.0,148.0,831.0,775.0
29-11 16:00:00,1013.0,1045.0,864.0,984.0,911.0,963.4
29-11 17:00:00,702.0,921.0,281.0,296.0,787.0,597.4
29-11 18:00:00,138.0,743.0,415.0,511.0,701.0,501.6
29-11 19:00:00,48.0,531.0,293.0,441.0,251.0,312.8
29-11 20:00:00,27.0,285.0,27.0,256.0,27.0,124.4
29-11 21:00:00,6.0,64.0,6.0,8.0,6.0,18.0
29-11 22:00:00,0.0,0.0,0.0,0.0,0.0,0.0
29-11 23:00:00,0.0,0.0,0.0,0.0,0.0,0.0
30-11 00:00:00,0.0,0.0,0.0,0.0,0.0,0.0
30-11 01:00:00,0.0,0.0,0.0,0.0,0.0,0.0
30-11 02:00:00,0.0,0.0,0.0,0.0,0.0,0.0
30-11 03:00:00,0.0,0.0,0.0,0.0,0.0,0.0
30-11 04:00:00,0.0,0.0,0.0,0.0,0.0,0.0
30-11 05:00:00,0.0,0.0,0.0,0.0,0.0,0.0
30-11 06:00:00,0.0,0.0,0.0,0.0,0.0,0.0
30-11 07:00:00,0.0,0.0,0.0,0.0,0.0,0.0
30-11 08:00:00,0.0,0.0,0.0,0.0,0.0,0.0
30-11 09:00:00,31.56,51.24,24.82,12.0,49.84,33.892
30-11 10:00:00,184.0,292.0,73.0,65.0,288.0,180.4
30-11 11:00:00,413.0,538.0,141.0,152.0,499.0,348.6
30-11 12:00:00,671.0,767.0,393.0,175.0,693.0,539.8
30-11 13:00:00,875.0,941.0,462.0,438.0,888.0,720.8
30-11 14:00:00,1016.0,1062.0,631.0,777.0,945.0,886.2
30-11 15:00:00,814.0,1062.0,915.0,808.0,483.0,816.4
30-11 16:00:00,712.0,1069.0,365.0,890.0,272.0,661.6
30-11 17:00:00,331.0,813.0,850.0,768.0,85.0,569.4
30-11 18:00:00,68.0,661.0,396.0,622.0,69.0,363.2
30-11 19:00:00,49.0,496.0,49.0,407.0,49.0,210.0
30-11 20:00:00,27.0,325.0,27.0,273.0,27.0,135.8
30-11 21:00:00,6.0,77.0,6.0,6.0,6.0,20.2
30-11 22:00:00,0.0,0.0,0.0,0.0,0.0,0.0
30-11 23:00:00,0.0,0.0,0.0,0.0,0.0,0.0
01-12 00:00:00,0.0,0.0,0.0,0.0,0.0,0.0
01-12 01:00:00,0.0,0.0,0.0,0.0,0.0,0.0
01-12 02:00:00,0.0,0.0,0.0,0.0,0.0,0.0
01-12 03:00:00,0.0,0.0,0.0,0.0,0.0,0.0
01-12 04:00:00,0.0,0.0,0.0,0.0,0.0,0.0
01-12 05:00:00,0.0,0.0,0.0,0.0,0.0,0.0
01-12 06:00:00,0.0,0.0,0.0,0.0,0.0,0.0
01-12 07:00:00,0.0,0.0,0.0,0.0,0.0,0.0
01-12 08:00:00,0.0,0.0,0.0,0.0,0.0,0.0
01-12 09:00:00,38.29,54.12,49.62,31.56,10.0,36.718
01-12 10:00:00,168.0,295.0,257.0,202.0,123.0,209.0
01-12 11:00:00,523.0,552.0,481.0,321.0,238.0,423.0
01-12 12:00:00,708.0,778.0,556.0,343.0,342.0,545.4
01-12 13:00:00,751.0,954.0,890.0,331.0,393.0,663.8
01-12 14:00:00,482.0,1054.0,659.0,641.0,354.0,638.0
01-12 15:00:00,695.0,918.0,1086.0,940.0,476.0,823.0
01-12 16:00:00,570.0,850.0,760.0,742.0,789.0,742.2
01-12 17:00:00,727.0,808.0,932.0,486.0,654.0,721.4
01-12 18:00:00,704.0,710.0,615.0,699.0,207.0,587.0
01-12 19:00:00,78.0,413.0,555.0,508.0,569.0,424.6
01-12 20:00:00,27.0,258.0,27.0,276.0,316.0,180.8
01-12 21:00:00,17.0,72.0,21.0,7.0,55.0,34.4
01-12 22:00:00,0.0,0.0,0.0,0.0,0.0,0.0
01-12 23:00:00,0.0,0.0,0.0,0.0,0.0,0.0
02-12 00:00:00,0.0,0.0,0.0,0.0,0.0,0.0
02-12 01:00:00,0.0,0.0,0.0,0.0,0.0,0.0
02-12 02:00:00,0.0,0.0,0.0,0.0,0.0,0.0
02-12 03:00:00,0.0,0.0,0.0,0.0,0.0,0.0
02-12 04:00:00,0.0,0.0,0.0,0.0,0.0,0.0
02-12 05:00:00,0.0,0.0,0.0,0.0,0.0,0.0
02-12 06:00:00,0.0,0.0,0.0,0.0,0.0,0.0
02-12 07:00:00,0.0,0.0,0.0,0.0,0.0,0.0
02-12 08:00:00,0.0,0.0,0.0,0.0,0.0,0.0
02-12 09:00:00,26.81,39.97,5.0,39.22,17.0,25.6
02-12 10:00:00,146.0,291.0,139.0,167.0,128.0,174.2
02-12 11:00:00,449.0,470.0,370.0,417.0,349.0,411.0
02-12 12:00:00,737.0,745.0,662.0,635.0,705.0,696.8
02-12 13:00:00,921.0,930.0,615.0,769.0,898.0,826.6
02-12 14:00:00,1012.0,1068.0,1036.0,741.0,1037.0,978.8
02-12 15:00:00,1093.0,985.0,999.0,356.0,983.0,883.2
02-12 16:00:00,485.0,970.0,972.0,795.0,914.0,827.2
02-12 17:00:00,478.0,837.0,692.0,568.0,491.0,613.2
02-12 18:00:00,430.0,694.0,300.0,182.0,87.0,338.6
02-12 19:00:00,504.0,547.0,79.0,463.0,69.0,332.4
02-12 20:00:00,213.0,247.0,28.0,203.0,28.0,143.8
02-12 21:00:00,7.0,82.0,9.0,7.0,7.0,22.4
02-12 22:00:00,0.0,0.0,0.0,0.0,0.0,0.0
02-12 23:00:00,0.0,0.0,0.0,0.0,0.0,0.0
03-12 00:00:00,0.0,0.0,0.0,0.0,0.0,0.0
03-12 01:00:00,0.0,0.0,0.0,0.0,0.0,0.0
03-12 02:00:00,0.0,0.0,0.0,0.0,0.0,0.0
03-12 03:00:00,0.0,0.0,0.0,0.0,0.0,0.0
03-12 04:00:00,0.0,0.0,0.0,0.0,0.0,0.0
03-12 05:00:00,0.0,0.0,0.0,0.0,0.0,0.0
03-12 06:00:00,0.0,0.0,0.0,0.0,0.0,0.0
03-12 07:00:00,0.0,0.0,0.0,0.0,0.0,0.0
03-12 08:00:00,0.0,0.0,0.0,0.0,0.0,0.0
03-12 09:00:00,15.0,39.95,50.21,7.0,21.0,26.631999999999998
03-12 10:00:00,88.0,271.0,199.0,250.0,226.0,206.8
03-12 11:00:00,238.0,538.0,517.0,511.0,442.0,449.2
03-12 12:00:00,265.0,764.0,751.0,661.0,644.0,617.0
03-12 13:00:00,0.0,933.0,917.0,742.0,440.0,606.4
03-12 14:00:00,109.0,1077.0,1008.0,364.0,526.0,616.8
03-12 15:00:00,144.0,1133.0,1113.0,695.0,964.0,809.8
03-12 16:00:00,172.0,975.0,1010.0,749.0,1064.0,794.0
03-12 17:00:00,338.0,826.0,849.0,532.0,961.0,701.2
03-12 18:00:00,155.0,714.0,620.0,133.0,769.0,478.2
03-12 19:00:00,81.0,493.0,327.0,49.0,545.0,299.0
03-12 20:00:00,28.0,273.0,198.0,28.0,312.0,167.8
03-12 21:00:00,7.0,68.0,7.0,7.0,7.0,19.2
03-12 22:00:00,0.0,0.0,0.0,0.0,0.0,0.0
03-12 23:00:00,0.0,0.0,0.0,0.0,0.0,0.0
04-12 00:00:00,0.0,0.0,0.0,0.0,0.0,0.0
04-12 01:00:00,0.0,0.0,0.0,0.0,0.0,0.0
04-12 02:00:00,0.0,0.0,0.0,0.0,0.0,0.0
04-12 03:00:00,0.0,0.0,0.0,0.0,0.0,0.0
04-12 04:00:00,0.0,0.0,0.0,0.0,0.0,0.0
04-12 05:00:00,0.0,0.0,0.0,0.0,0.0,0.0
04-12 06:00:00,0.0,0.0,0.0,0.0,0.0,0.0
04-12 07:00:00,0.0,0.0,0.0,0.0,0.0,0.0
04-12 08:00:00,0.0,0.0,0.0,0.0,0.0,0.0
04-12 09:00:00,34.82,46.61,36.75,10.0,5.0,26.636000000000003
04-12 10:00:00,139.0,291.0,191.0,96.0,144.0,172.2
04-12 11:00:00,150.0,549.0,336.0,274.0,433.0,348.4
04-12 12:00:00,369.0,726.0,752.0,454.0,470.0,554.2
04-12 13:00:00,556.0,843.0,925.0,424.0,762.0,702.0
04-12 14:00:00,784.0,882.0,851.0,445.0,493.0,691.0
04-12 15:00:00,976.0,992.0,902.0,268.0,519.0,731.4
04-12 16:00:00,1020.0,1074.0,847.0,259.0,939.0,827.8
04-12 17:00:00,883.0,987.0,927.0,268.0,966.0,806.2
04-12 18:00:00,432.0,821.0,672.0,96.0,429.0,490.0
04-12 19:00:00,83.0,584.0,488.0,57.0,50.0,252.4
04-12 20:00:00,28.0,265.0,183.0,37.0,28.0,108.2
04-12 21:00:00,7.0,15.0,7.0,7.0,7.0,8.6
04-12 22:00:00,0.0,0.0,0.0,0.0,0.0,0.0
04-12 23:00:00,0.0,0.0,0.0,0.0,0.0,0.0
05-12 00:00:00,0.0,0.0,0.0,0.0,0.0,0.0
05-12 01:00:00,0.0,0.0,0.0,0.0,0.0,0.0
05-12 02:00:00,0.0,0.0,0.0,0.0,0.0,0.0
05-12 03:00:00,0.0,0.0,0.0,0.0,0.0,0.0
05-12 04:00:00,0.0,0.0,0.0,0.0,0.0,0.0
05-12 05:00:00,0.0,0.0,0.0,0.0,0.0,0.0
05-12 06:00:00,0.0,0.0,0.0,0.0,0.0,0.0
05-12 07:00:00,0.0,0.0,0.0,0.0,0.0,0.0
05-12 08:00:00,0.0,0.0,0.0,0.0,0.0,0.0
05-12 09:00:00,5.0,41.21,47.93,39.72,27.79,32.33
05-12 10:00:00,90.0,265.0,287.0,258.0,204.0,220.8
05-12 11:00:00,264.0,511.0,520.0,521.0,461.0,455.4
05-12 12:00:00,433.0,736.0,756.0,588.0,712.0,645.0
05-12 13:00:00,667.0,916.0,642.0,391.0,730.0,669.2
05-12 14:00:00,549.0,1042.0,760.0,738.0,751.0,768.0
05-12 15:00:00,881.0,984.0,993.0,497.0,788.0,828.6
05-12 16:00:00,833.0,209.0,1033.0,105.0,845.0,605.0
05-12 17:00:00,849.0,85.0,826.0,104.0,556.0,484.0
05-12 18:00:00,712.0,90.0,590.0,83.0,83.0,311.6
05-12 19:00:00,463.0,138.0,453.0,53.0,50.0,231.4
05-12 20:00:00,272.0,47.0,316.0,28.0,28.0,138.2
05-12 21:00:00,39.0,7.0,9.0,7.0,7.0,13.8
05-12 22:00:00,0.0,0.0,0.0,0.0,0.0,0.0
05-12 23:00:00,0.0,0.0,0.0,0.0,0.0,0.0
06-12 00:00:00,0.0,0.0,0.0,0.0,0.0,0.0
06-12 01:00:00,0.0,0.0,0.0,0.0,0.0,0.0
06-12 02:00:00,0.0,0.0,0.0,0.0,0.0,0.0
06-12 03:00:00,0.0,0.0,0.0,0.0,0.0,0.0
06-12 04:00:00,0.0,0.0,0.0,0.0,0.0,0.0
06-12 05:00:00,0.0,0.0,0.0,0.0,0.0,0.0
06-12 06:00:00,0.0,0.0,0.0,0.0,0.0,0.0
06-12 07:00:00,0.0,0.0,0.0,0.0,0.0,0.0
06-12 08:00:00,0.0,0.0,0.0,0.0,0.0,0.0
06-12 09:00:00,32.3,33.07,38.95,27.79,26.8,31.782000000000004
06-12 10:00:00,152.0,64.0,91.0,145.0,271.0,144.6
06-12 11:00:00,338.0,229.0,293.0,312.0,535.0,341.4
06-12 12:00:00,667.0,574.0,686.0,285.0,754.0,593.2
06-12 13:00:00,921.0,815.0,801.0,763.0,938.0,847.6
06-12 14:00:00,946.0,609.0,949.0,790.0,1049.0,868.6
06-12 15:00:00,930.0,812.0,984.0,873.0,1076.0,935.0
06-12 16:00:00,315.0,1030.0,624.0,497.0,951.0,683.4
06-12 17:00:00,917.0,767.0,649.0,115.0,802.0,650.0
06-12 18:00:00,535.0,594.0,281.0,69.0,662.0,428.2
06-12 19:00:00,238.0,248.0,151.0,50.0,552.0,247.8
06-12 20:00:00,28.0,215.0,238.0,28.0,210.0,143.8
06-12 21:00:00,7.0,8.0,42.0,7.0,79.0,28.6
06-12 22:00:00,0.0,0.0,0.0,0.0,0.0,0.0
06-12 23:00:00,0.0,0.0,0.0,0.0,0.0,0.0
07-12 00:00:00,0.0,0.0,0.0,0.0,0.0,0.0
07-12 01:00:00,0.0,0.0,0.0,0.0,0.0,0.0
07-12 02:00:00,0.0,0.0,0.0,0.0,0.0,0.0
07-12 03:00:00,0.0,0.0,0.0,0.0,0.0,0.0
07-12 04:00:00,0.0,0.0,0.0,0.0,0.0,0.0
07-12 05:00:00,0.0,0.0,0.0,0.0,0.0,0.0
07-12 06:00:00,0.0,0.0,0.0,0.0,0.0,0.0
07-12 07:00:00,0.0,0.0,0.0,0.0,0.0,0.0
07-12 08:00:00,0.0,0.0,0.0,0.0,0.0,0.0
07-12 09:00:00,23.82,23.82,33.82,18.0,46.23,29.137999999999998
07-12 10:00:00,90.0,70.0,268.0,124.0,283.0,167.0
07-12 11:00:00,225.0,93.0,286.0,312.0,537.0,290.6
07-12 12:00:00,375.0,172.0,558.0,480.0,756.0,468.2
07-12 13:00:00,544.0,337.0,810.0,637.0,940.0,653.6
07-12 14:00:00,814.0,374.0,1042.0,567.0,1052.0,769.8
07-12 15:00:00,1058.0,746.0,917.0,1002.0,1085.0,961.6
07-12 16:00:00,845.0,940.0,319.0,913.0,1070.0,817.4
07-12 17:00:00,929.0,560.0,165.0,923.0,979.0,711.2
07-12 18:00:00,604.0,293.0,464.0,687.0,762.0,562.0
07-12 19:00:00,449.0,450.0,245.0,90.0,556.0,358.0
07-12 20:00:00,28.0,96.0,309.0,28.0,332.0,158.6
07-12 21:00:00,7.0,8.0,64.0,8.0,75.0,32.4
07-12 22:00:00,0.0,0.0,0.0,0.0,0.0,0.0
07-12 23:00:00,0.0,0.0,0.0,0.0,0.0,0.0
08-12 00:00:00,0.0,0.0,0.0,0.0,0.0,0.0
08-12 01:00:00,0.0,0.0,0.0,0.0,0.0,0.0
08-12 02:00:00,0.0,0.0,0.0,0.0,0.0,0.0
08-12 03:00:00,0.0,0.0,0.0,0.0,0.0,0.0
08-12 04:00:00,0.0,0.0,0.0,0.0,0.0,0.0
08-12 05:00:00,0.0,0.0,0.0,0.0,0.0,0.0
08-12 06:00:00,0.0,0.0,0.0,0.0,0.0,0.0
08-12 07:00:00,0.0,0.0,0.0,0.0,0.0,0.0
08-12 08:00:00,0.0,0.0,0.0,0.0,0.0,0.0
08-12 09:00:00,17.0,36.28,49.81,24.81,49.81,35.542
08-12 10:00:00,64.0,168.0,284.0,183.0,297.0,199.2
08-12 11:00:00,148.0,401.0,522.0,482.0,525.0,415.6
08-12 12:00:00,590.0,721.0,681.0,412.0,755.0,631.8
08-12 13:00:00,788.0,837.0,876.0,510.0,939.0,790.0
08-12 14:00:00,628.0,938.0,839.0,976.0,952.0,866.6
08-12 15:00:00,749.0,945.0,1034.0,655.0,667.0,810.0
08-12 16:00:00,952.0,864.0,617.0,804.0,675.0,782.4
08-12 17:00:00,818.0,505.0,531.0,402.0,799.0,611.0
08-12 18:00:00,463.0,70.0,429.0,531.0,744.0,447.4
08-12 19:00:00,84.0,51.0,51.0,444.0,549.0,235.8
08-12 20:00:00,29.0,29.0,52.0,312.0,270.0,138.4
08-12 21:00:00,8.0,8.0,8.0,85.0,77.0,37.2
08-12 22:00:00,0.0,0.0,0.0,0.0,0.0,0.0
08-12 23:00:00,0.0,0.0,0.0,0.0,0.0,0.0
09-12 00:00:00,0.0,0.0,0.0,0.0,0.0,0.0
09-12 01:00:00,0.0,0.0,0.0,0.0,0.0,0.0
09-12 02:00:00,0.0,0.0,0.0,0.0,0.0,0.0
09-12 03:00:00,0.0,0.0,0.0,0.0,0.0,0.0
09-12 04:00:00,0.0,0.0,0.0,0.0,0.0,0.0
09-12 05:00:00,0.0,0.0,0.0,0.0,0.0,0.0
09-12 06:00:00,0.0,0.0,0.0,0.0,0.0,0.0
09-12 07:00:00,0.0,0.0,0.0,0.0,0.0,0.0
09-12 08:00:00,0.0,0.0,0.0,0.0,0.0,0.0
09-12 09:00:00,18.0,41.38,9.0,5.0,33.79,21.433999999999997
09-12 10:00:00,98.0,126.0,56.0,41.0,233.0,110.8
09-12 11:00:00,285.0,247.0,339.0,177.0,511.0,311.8
09-12 12:00:00,450.0,437.0,534.0,480.0,745.0,529.2
09-12 13:00:00,675.0,680.0,671.0,786.0,875.0,737.4
09-12 14:00:00,877.0,847.0,1093.0,901.0,1023.0,948.2
09-12 15:00:00,1030.0,1001.0,1077.0,901.0,529.0,907.6
09-12 16:00:00,798.0,881.0,1058.0,854.0,972.0,912.6
09-12 17:00:00,124.0,525.0,859.0,853.0,438.0,559.8
09-12 18:00:00,115.0,533.0,752.0,641.0,624.0,533.0
09-12 19:00:00,315.0,92.0,394.0,385.0,410.0,319.2
09-12 20:00:00,29.0,29.0,217.0,29.0,39.0,68.6
09-12 21:00:00,8.0,8.0,26.0,12.0,8.0,12.4
09-12 22:00:00,0.0,0.0,0.0,0.0,0.0,0.0
09-12 23:00:00,0.0,0.0,0.0,0.0,0.0,0.0
10-12 00:00:00,0.0,0.0,0.0,0.0,0.0,0.0
10-12 01:00:00,0.0,0.0,0.0,0.0,0.0,0.0
10-12 02:00:00,0.0,0.0,0.0,0.0,0.0,0.0
10-12 03:00:00,0.0,0.0,0.0,0.0,0.0,0.0
10-12 04:00:00,0.0,0.0,0.0,0.0,0.0,0.0
10-12 05:00:00,0.0,0.0,0.0,0.0,0.0,0.0
10-12 06:00:00,0.0,0.0,0.0,0.0,0.0,0.0
10-12 07:00:00,0.0,0.0,0.0,0.0,0.0,0.0
10-12 08:00:00,0.0,0.0,0.0,0.0,0.0,0.0
10-12 09:00:00,42.84,12.0,42.96,22.82,37.73,31.669999999999998
10-12 10:00:00,245.0,225.0,266.0,248.0,273.0,251.4
10-12 11:00:00,504.0,362.0,515.0,332.0,526.0,447.8
10-12 12:00:00,709.0,253.0,740.0,474.0,743.0,583.8
10-12 13:00:00,731.0,234.0,869.0,791.0,831.0,691.2
10-12 14:00:00,544.0,527.0,1062.0,823.0,1039.0,799.0
10-12 15:00:00,413.0,662.0,1103.0,926.0,1073.0,835.4
10-12 16:00:00,288.0,459.0,1089.0,873.0,994.0,740.6
10-12 17:00:00,326.0,444.0,967.0,959.0,793.0,697.8
10-12 18:00:00,119.0,284.0,821.0,785.0,762.0,554.2
10-12 19:00:00,51.0,91.0,494.0,460.0,523.0,323.8
10-12 20:00:00,29.0,29.0,285.0,207.0,316.0,173.2
10-12 21:00:00,8.0,8.0,77.0,10.0,90.0,38.6
10-12 22:00:00,0.0,0.0,0.0,0.0,0.0,0.0
10-12 23:00:00,0.0,0.0,0.0,0.0,0.0,0.0
11-12 00:00:00,0.0,0.0,0.0,0.0,0.0,0.0
11-12 01:00:00,0.0,0.0,0.0,0.0,0.0,0.0
11-12 02:00:00,0.0,0.0,0.0,0.0,0.0,0.0
11-12 03:00:00,0.0,0.0,0.0,0.0,0.0,0.0
11-12 04:00:00,0.0,0.0,0.0,0.0,0.0,0.0
11-12 05:00:00,0.0,0.0,0.0,0.0,0.0,0.0
11-12 06:00:00,0.0,0.0,0.0,0.0,0.0,0.0
11-12 07:00:00,0.0,0.0,0.0,0.0,0.0,0.0
11-12 08:00:00,0.0,0.0,0.0,0.0,0.0,0.0
11-12 09:00:00,9.0,32.04,6.0,10.0,8.0,13.008
11-12 10:00:00,72.0,130.0,172.0,54.0,35.0,92.6
11-12 11:00:00,370.0,256.0,161.0,123.0,153.0,212.6
11-12 12:00:00,317.0,363.0,528.0,730.0,264.0,440.4
11-12 13:00:00,677.0,307.0,703.0,936.0,413.0,607.2
11-12 14:00:00,971.0,530.0,1002.0,867.0,706.0,815.2
11-12 15:00:00,981.0,827.0,1064.0,973.0,793.0,927.6
11-12 16:00:00,478.0,593.0,575.0,571.0,950.0,633.4
11-12 17:00:00,797.0,702.0,485.0,687.0,832.0,700.6
11-12 18:00:00,287.0,71.0,392.0,425.0,432.0,321.4
11-12 19:00:00,51.0,55.0,51.0,68.0,480.0,141.0
11-12 20:00:00,29.0,34.0,225.0,29.0,256.0,114.6
11-12 21:00:00,8.0,88.0,8.0,12.0,26.0,28.4
11-12 22:00:00,0.0,0.0,0.0,0.0,0.0,0.0
11-12 23:00:00,0.0,0.0,0.0,0.0,0.0,0.0
12-12 00:00:00,0.0,0.0,0.0,0.0,0.0,0.0
12-12 01:00:00,0.0,0.0,0.0,0.0,0.0,0.0
12-12 02:00:00,0.0,0.0,0.0,0.0,0.0,0.0
12-12 03:00:00,0.0,0.0,0.0,0.0,0.0,0.0
12-12 04:00:00,0.0,0.0,0.0,0.0,0.0,0.0
12-12 05:00:00,0.0,0.0,0.0,0.0,0.0,0.0
12-12 06:00:00,0.0,0.0,0.0,0.0,0.0,0.0
12-12 07:00:00,0.0,0.0,0.0,0.0,0.0,0.0
12-12 08:00:00,0.0,0.0,0.0,0.0,0.0,0.0
12-12 09:00:00,34.3,31.06,29.32,28.35,16.0,27.806
12-12 10:00:00,189.0,233.0,267.0,239.0,54.0,196.4
12-12 11:00:00,400.0,391.0,427.0,488.0,301.0,401.4
12-12 12:00:00,513.0,512.0,676.0,566.0,736.0,600.6
12-12 13:00:00,576.0,627.0,793.0,755.0,630.0,676.2
12-12 14:00:00,613.0,703.0,1028.0,746.0,877.0,793.4
12-12 15:00:00,885.0,890.0,624.0,835.0,626.0,772.0
12-12 16:00:00,999.0,489.0,786.0,883.0,734.0,778.2
12-12 17:00:00,953.0,307.0,446.0,890.0,702.0,659.6
12-12 18:00:00,685.0,70.0,637.0,734.0,716.0,568.4
12-12 19:00:00,459.0,51.0,500.0,320.0,412.0,348.4
12-12 20:00:00,54.0,33.0,199.0,235.0,300.0,164.2
12-12 21:00:00,8.0,11.0,14.0,24.0,8.0,13.0
12-12 22:00:00,0.0,0.0,0.0,0.0,0.0,0.0
12-12 23:00:00,0.0,0.0,0.0,0.0,0.0,0.0
13-12 00:00:00,0.0,0.0,0.0,0.0,0.0,0.0
13-12 01:00:00,0.0,0.0,0.0,0.0,0.0,0.0
13-12 02:00:00,0.0,0.0,0.0,0.0,0.0,0.0
13-12 03:00:00,0.0,0.0,0.0,0.0,0.0,0.0
13-12 04:00:00,0.0,0.0,0.0,0.0,0.0,0.0
13-12 05:00:00,0.0,0.0,0.0,0.0,0.0,0.0
13-12 06:00:00,0.0,0.0,0.0,0.0,0.0,0.0
13-12 07:00:00,0.0,0.0,0.0,0.0,0.0,0.0
13-12 08:00:00,0.0,0.0,0.0,0.0,0.0,0.0
13-12 09:00:00,12.0,30.08,27.56,12.0,40.18,24.363999999999997
13-12 10:00:00,46.0,138.0,136.0,141.0,275.0,147.2
13-12 11:00:00,310.0,378.0,152.0,260.0,519.0,323.8
13-12 12:00:00,339.0,531.0,522.0,448.0,744.0,516.8
13-12 13:00:00,176.0,921.0,621.0,411.0,925.0,610.8
13-12 14:00:00,262.0,1001.0,717.0,138.0,931.0,609.8
13-12 15:00:00,122.0,1026.0,822.0,303.0,945.0,643.6
13-12 16:00:00,138.0,826.0,687.0,1011.0,708.0,674.0
13-12 17:00:00,179.0,453.0,363.0,960.0,758.0,542.6
13-12 18:00:00,254.0,276.0,70.0,792.0,735.0,425.4
13-12 19:00:00,333.0,52.0,60.0,570.0,358.0,274.6
13-12 20:00:00,277.0,143.0,30.0,266.0,328.0,208.8
13-12 21:00:00,59.0,10.0,9.0,9.0,70.0,31.4
13-12 22:00:00,0.0,0.0,0.0,0.0,0.0,0.0
13-12 23:00:00,0.0,0.0,0.0,0.0,0.0,0.0
14-12 00:00:00,0.0,0.0,0.0,0.0,0.0,0.0
14-12 01:00:00,0.0,0.0,0.0,0.0,0.0,0.0
14-12 02:00:00,0.0,0.0,0.0,0.0,0.0,0.0
14-12 03:00:00,0.0,0.0,0.0,0.0,0.0,0.0
14-12 04:00:00,0.0,0.0,0.0,0.0,0.0,0.0
14-12 05:00:00,0.0,0.0,0.0,0.0,0.0,0.0
14-12 06:00:00,0.0,0.0,0.0,0.0,0.0,0.0
14-12 07:00:00,0.0,0.0,0.0,0.0,0.0,0.0
14-12 08:00:00,0.0,0.0,0.0,0.0,0.0,0.0
14-12 09:00:00,7.0,40.11,24.6,24.6,41.55,27.572000000000003
14-12 10:00:00,44.0,277.0,79.0,45.0,274.0,143.8
14-12 11:00:00,97.0,530.0,242.0,237.0,451.0,311.4
14-12 12:00:00,270.0,757.0,362.0,182.0,730.0,460.2
14-12 13:00:00,193.0,931.0,418.0,424.0,928.0,578.8
14-12 14:00:00,363.0,1036.0,652.0,707.0,1037.0,759.0
14-12 15:00:00,704.0,1048.0,715.0,872.0,1078.0,883.4
14-12 16:00:00,1078.0,1073.0,524.0,521.0,1050.0,849.2
14-12 17:00:00,772.0,821.0,358.0,307.0,929.0,637.4
14-12 18:00:00,670.0,609.0,165.0,220.0,772.0,487.2
14-12 19:00:00,558.0,80.0,60.0,157.0,543.0,279.6
14-12 20:00:00,303.0,242.0,51.0,169.0,263.0,205.6
14-12 21:00:00,71.0,9.0,9.0,9.0,53.0,30.2
14-12 22:00:00,0.0,0.0,0.0,0.0,0.0,0.0
14-12 23:00:00,0.0,0.0,0.0,0.0,0.0,0.0
15-12 00:00:00,0.0,0.0,0.0,0.0,0.0,0.0
15-12 01:00:00,0.0,0.0,0.0,0.0,0.0,0.0
15-12 02:00:00,0.0,0.0,0.0,0.0,0.0,0.0
15-12 03:00:00,0.0,0.0,0.0,0.0,0.0,0.0
15-12 04:00:00,0.0,0.0,0.0,0.0,0.0,0.0
15-12 05:00:00,0.0,0.0,0.0,0.0,0.0,0.0
15-12 06:00:00,0.0,0.0,0.0,0.0,0.0,0.0
15-12 07:00:00,0.0,0.0,0.0,0.0,0.0,0.0
15-12 08:00:00,0.0,0.0,0.0,0.0,0.0,0.0
15-12 09:00:00,27.34,31.57,5.0,4.0,18.0,17.182
15-12 10:00:00,247.0,229.0,100.0,94.0,261.0,186.2
15-12 11:00:00,514.0,440.0,319.0,231.0,521.0,405.0
15-12 12:00:00,757.0,720.0,418.0,483.0,751.0,625.8
15-12 13:00:00,936.0,886.0,442.0,511.0,944.0,743.8
15-12 14:00:00,1058.0,1036.0,457.0,893.0,1054.0,899.6
15-12 15:00:00,1142.0,943.0,727.0,940.0,1103.0,971.0
15-12 16:00:00,1067.0,925.0,612.0,682.0,1099.0,877.0
15-12 17:00:00,997.0,773.0,548.0,607.0,1005.0,786.0
15-12 18:00:00,666.0,690.0,421.0,502.0,832.0,622.2
15-12 19:00:00,560.0,504.0,106.0,62.0,593.0,365.0
15-12 20:00:00,337.0,175.0,30.0,260.0,274.0,215.2
15-12 21:00:00,87.0,9.0,9.0,12.0,27.0,28.8
15-12 22:00:00,0.0,0.0,0.0,0.0,0.0,0.0
15-12 23:00:00,0.0,0.0,0.0,0.0,0.0,0.0
16-12 00:00:00,0.0,0.0,0.0,0.0,0.0,0.0
16-12 01:00:00,0.0,0.0,0.0,0.0,0.0,0.0
16-12 02:00:00,0.0,0.0,0.0,0.0,0.0,0.0
16-12 03:00:00,0.0,0.0,0.0,0.0,0.0,0.0
16-12 04:00:00,0.0,0.0,0.0,0.0,0.0,0.0
16-12 05:00:00,0.0,0.0,0.0,0.0,0.0,0.0
16-12 06:00:00,0.0,0.0,0.0,0.0,0.0,0.0
16-12 07:00:00,0.0,0.0,0.0,0.0,0.0,0.0
16-12 08:00:00,0.0,0.0,0.0,0.0,0.0,0.0
16-12 09:00:00,40.62,16.0,12.0,4.0,33.98,21.32
16-12 10:00:00,263.0,144.0,39.0,31.0,272.0,149.8
16-12 11:00:00,526.0,284.0,112.0,94.0,520.0,307.2
16-12 12:00:00,752.0,570.0,209.0,177.0,750.0,491.6
16-12 13:00:00,926.0,662.0,494.0,280.0,943.0,661.0
16-12 14:00:00,1052.0,1014.0,844.0,361.0,1054.0,865.0
16-12 15:00:00,1084.0,984.0,1055.0,568.0,1097.0,957.6
16-12 16:00:00,968.0,926.0,1052.0,770.0,1003.0,943.8
16-12 17:00:00,935.0,950.0,824.0,751.0,948.0,881.6
16-12 18:00:00,779.0,792.0,585.0,573.0,790.0,703.8
16-12 19:00:00,531.0,553.0,362.0,112.0,585.0,428.6
16-12 20:00:00,339.0,168.0,207.0,107.0,281.0,220.4
16-12 21:00:00,106.0,10.0,9.0,29.0,73.0,45.4
16-12 22:00:00,0.0,0.0,0.0,0.0,0.0,0.0
16-12 23:00:00,0.0,0.0,0.0,0.0,0.0,0.0
17-12 00:00:00,0.0,0.0,0.0,0.0,0.0,0.0
17-12 01:00:00,0.0,0.0,0.0,0.0,0.0,0.0
17-12 02:00:00,0.0,0.0,0.0,0.0,0.0,0.0
17-12 03:00:00,0.0,0.0,0.0,0.0,0.0,0.0
17-12 04:00:00,0.0,0.0,0.0,0.0,0.0,0.0
17-12 05:00:00,0.0,0.0,0.0,0.0,0.0,0.0
17-12 06:00:00,0.0,0.0,0.0,0.0,0.0,0.0
17-12 07:00:00,0.0,0.0,0.0,0.0,0.0,0.0
17-12 08:00:00,0.0,0.0,0.0,0.0,0.0,0.0
17-12 09:00:00,16.0,29.04,12.0,13.0,31.51,20.31
17-12 10:00:00,161.0,213.0,99.0,24.0,274.0,154.2
17-12 11:00:00,523.0,501.0,276.0,99.0,516.0,383.0
17-12 12:00:00,694.0,711.0,357.0,397.0,742.0,580.2
17-12 13:00:00,782.0,925.0,459.0,884.0,939.0,797.8
17-12 14:00:00,972.0,1052.0,874.0,842.0,1050.0,958.0
17-12 15:00:00,1068.0,1144.0,1059.0,904.0,1100.0,1055.0
17-12 16:00:00,1095.0,1041.0,968.0,648.0,983.0,947.0
17-12 17:00:00,744.0,889.0,769.0,926.0,946.0,854.8
17-12 18:00:00,805.0,717.0,637.0,767.0,718.0,728.8
17-12 19:00:00,567.0,440.0,365.0,573.0,502.0,489.4
17-12 20:00:00,63.0,290.0,45.0,300.0,251.0,189.8
17-12 21:00:00,86.0,10.0,9.0,16.0,64.0,37.0
17-12 22:00:00,0.0,0.0,0.0,0.0,0.0,0.0
17-12 23:00:00,0.0,0.0,0.0,0.0,0.0,0.0
18-12 00:00:00,0.0,0.0,0.0,0.0,0.0,0.0
18-12 01:00:00,0.0,0.0,0.0,0.0,0.0,0.0
18-12 02:00:00,0.0,0.0,0.0,0.0,0.0,0.0
18-12 03:00:00,0.0,0.0,0.0,0.0,0.0,0.0
18-12 04:00:00,0.0,0.0,0.0,0.0,0.0,0.0
18-12 05:00:00,0.0,0.0,0.0,0.0,0.0,0.0
18-12 06:00:00,0.0,0.0,0.0,0.0,0.0,0.0
18-12 07:00:00,0.0,0.0,0.0,0.0,0.0,0.0
18-12 08:00:00,0.0,0.0,0.0,0.0,0.0,0.0
18-12 09:00:00,20.81,33.56,12.0,25.35,21.8,22.704
18-12 10:00:00,227.0,245.0,172.0,273.0,232.0,229.8
18-12 11:00:00,502.0,505.0,353.0,480.0,394.0,446.8
18-12 12:00:00,748.0,683.0,588.0,704.0,640.0,672.6
18-12 13:00:00,918.0,884.0,862.0,495.0,928.0,817.4
18-12 14:00:00,1034.0,993.0,1027.0,709.0,1039.0,960.4
18-12 15:00:00,1089.0,984.0,893.0,1060.0,1095.0,1024.2
18-12 16:00:00,925.0,895.0,672.0,774.0,1046.0,862.4
18-12 17:00:00,854.0,701.0,570.0,559.0,996.0,736.0
18-12 18:00:00,817.0,428.0,452.0,159.0,787.0,528.6
18-12 19:00:00,64.0,372.0,289.0,52.0,586.0,272.6
18-12 20:00:00,43.0,311.0,65.0,40.0,278.0,147.4
18-12 21:00:00,10.0,105.0,9.0,9.0,10.0,28.6
18-12 22:00:00,0.0,0.0,0.0,0.0,0.0,0.0
18-12 23:00:00,0.0,0.0,0.0,0.0,0.0,0.0
19-12 00:00:00,0.0,0.0,0.0,0.0,0.0,0.0
19-12 01:00:00,0.0,0.0,0.0,0.0,0.0,0.0
19-12 02:00:00,0.0,0.0,0.0,0.0,0.0,0.0
19-12 03:00:00,0.0,0.0,0.0,0.0,0.0,0.0
19-12 04:00:00,0.0,0.0,0.0,0.0,0.0,0.0
19-12 05:00:00,0.0,0.0,0.0,0.0,0.0,0.0
19-12 06:00:00,0.0,0.0,0.0,0.0,0.0,0.0
19-12 07:00:00,0.0,0.0,0.0,0.0,0.0,0.0
19-12 08:00:00,0.0,0.0,0.0,0.0,0.0,0.0
19-12 09:00:00,37.16,6.0,13.0,34.12,28.8,23.816
19-12 10:00:00,177.0,36.0,48.0,139.0,185.0,117.0
19-12 11:00:00,258.0,402.0,328.0,347.0,313.0,329.6
19-12 12:00:00,523.0,251.0,467.0,561.0,614.0,483.2
19-12 13:00:00,531.0,910.0,598.0,645.0,908.0,718.4
19-12 14:00:00,671.0,883.0,260.0,710.0,1012.0,707.2
19-12 15:00:00,782.0,1048.0,926.0,960.0,1073.0,957.8
19-12 16:00:00,595.0,889.0,369.0,1040.0,928.0,764.2
19-12 17:00:00,589.0,422.0,165.0,723.0,496.0,479.0
19-12 18:00:00,292.0,118.0,111.0,526.0,91.0,227.6
19-12 19:00:00,247.0,53.0,104.0,392.0,485.0,256.2
19-12 20:00:00,53.0,31.0,31.0,31.0,250.0,79.2
19-12 21:00:00,40.0,10.0,9.0,9.0,49.0,23.4
19-12 22:00:00,0.0,0.0,0.0,0.0,0.0,0.0
19-12 23:00:00,0.0,0.0,0.0,0.0,0.0,0.0
20-12 00:00:00,0.0,0.0,0.0,0.0,0.0,0.0
20-12 01:00:00,0.0,0.0,0.0,0.0,0.0,0.0
20-12 02:00:00,0.0,0.0,0.0,0.0,0.0,0.0
20-12 03:00:00,0.0,0.0,0.0,0.0,0.0,0.0
20-12 04:00:00,0.0,0.0,0.0,0.0,0.0,0.0
20-12 05:00:00,0.0,0.0,0.0,0.0,0.0,0.0
20-12 06:00:00,0.0,0.0,0.0,0.0,0.0,0.0
20-12 07:00:00,0.0,0.0,0.0,0.0,0.0,0.0
20-12 08:00:00,0.0,0.0,0.0,0.0,0.0,0.0
20-12 09:00:00,23.57,22.59,3.0,29.35,10.0,17.701999999999998
20-12 10:00:00,90.0,96.0,32.0,134.0,23.0,75.0
20-12 11:00:00,179.0,255.0,114.0,240.0,45.0,166.6
20-12 12:00:00,236.0,649.0,420.0,336.0,326.0,393.4
20-12 13:00:00,400.0,738.0,670.0,467.0,497.0,554.4
20-12 14:00:00,756.0,705.0,945.0,514.0,817.0,747.4
20-12 15:00:00,849.0,1068.0,1028.0,594.0,896.0,887.0
20-12 16:00:00,916.0,979.0,893.0,358.0,925.0,814.2
20-12 17:00:00,910.0,697.0,785.0,488.0,947.0,765.4
20-12 18:00:00,674.0,714.0,660.0,295.0,746.0,617.8
20-12 19:00:00,362.0,461.0,431.0,67.0,325.0,329.2
20-12 20:00:00,31.0,106.0,158.0,31.0,148.0,94.8
20-12 21:00:00,10.0,10.0,10.0,10.0,10.0,10.0
20-12 22:00:00,0.0,0.0,0.0,0.0,0.0,0.0
20-12 23:00:00,0.0,0.0,0.0,0.0,0.0,0.0
21-12 00:00:00,0.0,0.0,0.0,0.0,0.0,0.0
21-12 01:00:00,0.0,0.0,0.0,0.0,0.0,0.0
21-12 02:00:00,0.0,0.0,0.0,0.0,0.0,0.0
21-12 03:00:00,0.0,0.0,0.0,0.0,0.0,0.0
21-12 04:00:00,0.0,0.0,0.0,0.0,0.0,0.0
21-12 05:00:00,0.0,0.0,0.0,0.0,0.0,0.0
21-12 06:00:00,0.0,0.0,0.0,0.0,0.0,0.0
21-12 07:00:00,0.0,0.0,0.0,0.0,0.0,0.0
21-12 08:00:00,0.0,0.0,0.0,0.0,0.0,0.0
21-12 09:00:00,28.55,9.0,27.79,10.0,5.0,16.068
21-12 10:00:00,259.0,134.0,249.0,156.0,35.0,166.6
21-12 11:00:00,490.0,216.0,459.0,225.0,45.0,287.0
21-12 12:00:00,715.0,620.0,582.0,187.0,84.0,437.6
21-12 13:00:00,894.0,726.0,794.0,157.0,228.0,559.8
21-12 14:00:00,998.0,825.0,1072.0,208.0,181.0,656.8
21-12 15:00:00,977.0,673.0,1013.0,652.0,516.0,766.2
21-12 16:00:00,1008.0,267.0,1028.0,844.0,408.0,711.0
21-12 17:00:00,773.0,279.0,922.0,495.0,329.0,559.6
21-12 18:00:00,72.0,189.0,661.0,148.0,147.0,243.4
21-12 19:00:00,68.0,53.0,118.0,145.0,166.0,110.0
21-12 20:00:00,40.0,107.0,31.0,358.0,39.0,115.0
21-12 21:00:00,10.0,84.0,10.0,108.0,10.0,44.4
21-12 22:00:00,0.0,0.0,0.0,0.0,0.0,0.0
21-12 23:00:00,0.0,0.0,0.0,0.0,0.0,0.0
22-12 00:00:00,0.0,0.0,0.0,0.0,0.0,0.0
22-12 01:00:00,0.0,0.0,0.0,0.0,0.0,0.0
22-12 02:00:00,0.0,0.0,0.0,0.0,0.0,0.0
22-12 03:00:00,0.0,0.0,0.0,0.0,0.0,0.0
22-12 04:00:00,0.0,0.0,0.0,0.0,0.0,0.0
22-12 05:00:00,0.0,0.0,0.0,0.0,0.0,0.0
22-12 06:00:00,0.0,0.0,0.0,0.0,0.0,0.0
22-12 07:00:00,0.0,0.0,0.0,0.0,0.0,0.0
22-12 08:00:00,0.0,0.0,0.0,0.0,0.0,0.0
22-12 09:00:00,26.81,29.73,19.8,27.57,9.0,22.582
22-12 10:00:00,143.0,43.0,243.0,221.0,97.0,149.4
22-12 11:00:00,459.0,247.0,300.0,500.0,155.0,332.2
22-12 12:00:00,677.0,356.0,709.0,733.0,317.0,558.4
22-12 13:00:00,894.0,636.0,887.0,878.0,508.0,760.6
22-12 14:00:00,1027.0,686.0,1030.0,1008.0,671.0,884.4
22-12 15:00:00,1090.0,970.0,964.0,1077.0,810.0,982.2
22-12 16:00:00,1026.0,987.0,1041.0,860.0,782.0,939.2
22-12 17:00:00,927.0,863.0,762.0,822.0,798.0,834.4
22-12 18:00:00,229.0,755.0,609.0,696.0,533.0,564.4
22-12 19:00:00,60.0,444.0,418.0,390.0,278.0,318.0
22-12 20:00:00,31.0,98.0,31.0,68.0,97.0,65.0
22-12 21:00:00,10.0,10.0,10.0,10.0,10.0,10.0
22-12 22:00:00,0.0,0.0,0.0,0.0,0.0,0.0
22-12 23:00:00,0.0,0.0,0.0,0.0,0.0,0.0
23-12 00:00:00,0.0,0.0,0.0,0.0,0.0,0.0
23-12 01:00:00,0.0,0.0,0.0,0.0,0.0,0.0
23-12 02:00:00,0.0,0.0,0.0,0.0,0.0,0.0
23-12 03:00:00,0.0,0.0,0.0,0.0,0.0,0.0
23-12 04:00:00,0.0,0.0,0.0,0.0,0.0,0.0
23-12 05:00:00,0.0,0.0,0.0,0.0,0.0,0.0
23-12 06:00:00,0.0,0.0,0.0,0.0,0.0,0.0
23-12 07:00:00,0.0,0.0,0.0,0.0,0.0,0.0
23-12 08:00:00,0.0,0.0,0.0,0.0,0.0,0.0
23-12 09:00:00,9.0,6.0,3.0,32.83,7.0,11.565999999999999
23-12 10:00:00,96.0,45.0,232.0,267.0,70.0,142.0
23-12 11:00:00,377.0,130.0,319.0,523.0,142.0,298.2
23-12 12:00:00,599.0,255.0,316.0,558.0,343.0,414.2
23-12 13:00:00,789.0,330.0,306.0,822.0,523.0,554.0
23-12 14:00:00,923.0,628.0,650.0,1008.0,806.0,803.0
23-12 15:00:00,1035.0,583.0,937.0,1089.0,920.0,912.8
23-12 16:00:00,868.0,410.0,961.0,1055.0,944.0,847.6
23-12 17:00:00,744.0,628.0,514.0,914.0,680.0,696.0
23-12 18:00:00,599.0,634.0,72.0,711.0,652.0,533.6
23-12 19:00:00,438.0,340.0,53.0,404.0,172.0,281.4
23-12 20:00:00,74.0,35.0,79.0,195.0,186.0,113.8
23-12 21:00:00,10.0,10.0,10.0,10.0,10.0,10.0
23-12 22:00:00,0.0,0.0,0.0,0.0,0.0,0.0
23-12 23:00:00,0.0,0.0,0.0,0.0,0.0,0.0
24-12 00:00:00,0.0,0.0,0.0,0.0,0.0,0.0
24-12 01:00:00,0.0,0.0,0.0,0.0,0.0,0.0
24-12 02:00:00,0.0,0.0,0.0,0.0,0.0,0.0
24-12 03:00:00,0.0,0.0,0.0,0.0,0.0,0.0
24-12 04:00:00,0.0,0.0,0.0,0.0,0.0,0.0
24-12 05:00:00,0.0,0.0,0.0,0.0,0.0,0.0
24-12 06:00:00,0.0,0.0,0.0,0.0,0.0,0.0
24-12 07:00:00,0.0,0.0,0.0,0.0,0.0,0.0
24-12 08:00:00,0.0,0.0,0.0,0.0,0.0,0.0
24-12 09:00:00,6.0,11.0,6.0,28.08,16.0,13.416
24-12 10:00:00,34.0,94.0,23.0,251.0,118.0,104.0
24-12 11:00:00,346.0,310.0,214.0,513.0,263.0,329.2
24-12 12:00:00,627.0,559.0,240.0,734.0,675.0,567.0
24-12 13:00:00,898.0,739.0,223.0,871.0,708.0,687.8
24-12 14:00:00,1022.0,603.0,471.0,971.0,752.0,763.8
24-12 15:00:00,1116.0,652.0,540.0,982.0,686.0,795.2
24-12 16:00:00,1102.0,1063.0,336.0,764.0,644.0,781.8
24-12 17:00:00,1003.0,695.0,164.0,303.0,700.0,573.0
24-12 18:00:00,767.0,785.0,159.0,152.0,810.0,534.6
24-12 19:00:00,536.0,516.0,152.0,67.0,182.0,290.6
24-12 20:00:00,272.0,275.0,104.0,32.0,32.0,143.0
24-12 21:00:00,19.0,19.0,10.0,10.0,10.0,13.6
24-12 22:00:00,0.0,0.0,0.0,0.0,0.0,0.0
24-12 23:00:00,0.0,0.0,0.0,0.0,0.0,0.0
25-12 00:00:00,0.0,0.0,0.0,0.0,0.0,0.0
25-12 01:00:00,0.0,0.0,0.0,0.0,0.0,0.0
25-12 02:00:00,0.0,0.0,0.0,0.0,0.0,0.0
25-12 03:00:00,0.0,0.0,0.0,0.0,0.0,0.0
25-12 04:00:00,0.0,0.0,0.0,0.0,0.0,0.0
25-12 05:00:00,0.0,0.0,0.0,0.0,0.0,0.0
25-12 06:00:00,0.0,0.0,0.0,0.0,0.0,0.0
25-12 07:00:00,0.0,0.0,0.0,0.0,0.0,0.0
25-12 08:00:00,0.0,0.0,0.0,0.0,0.0,0.0
25-12 09:00:00,6.0,4.0,27.11,23.1,10.0,14.042000000000002
25-12 10:00:00,146.0,112.0,263.0,248.0,138.0,181.4
25-12 11:00:00,494.0,228.0,510.0,442.0,437.0,422.2
25-12 12:00:00,720.0,440.0,737.0,482.0,719.0,619.6
25-12 13:00:00,874.0,622.0,814.0,694.0,908.0,782.4
25-12 14:00:00,608.0,798.0,926.0,958.0,1022.0,862.4
25-12 15:00:00,690.0,690.0,1058.0,947.0,975.0,872.0
25-12 16:00:00,1005.0,976.0,1123.0,961.0,1048.0,1022.6
25-12 17:00:00,645.0,691.0,971.0,433.0,771.0,702.2
25-12 18:00:00,538.0,477.0,819.0,72.0,72.0,395.6
25-12 19:00:00,354.0,75.0,593.0,53.0,53.0,225.6
25-12 20:00:00,32.0,37.0,346.0,32.0,77.0,104.8
25-12 21:00:00,74.0,11.0,120.0,10.0,10.0,45.0
25-12 22:00:00,0.0,0.0,0.0,0.0,0.0,0.0
25-12 23:00:00,0.0,0.0,0.0,0.0,0.0,0.0
26-12 00:00:00,0.0,0.0,0.0,0.0,0.0,0.0
26-12 01:00:00,0.0,0.0,0.0,0.0,0.0,0.0
26-12 02:00:00,0.0,0.0,0.0,0.0,0.0,0.0
26-12 03:00:00,0.0,0.0,0.0,0.0,0.0,0.0
26-12 04:00:00,0.0,0.0,0.0,0.0,0.0,0.0
26-12 05:00:00,0.0,0.0,0.0,0.0,0.0,0.0
26-12 06:00:00,0.0,0.0,0.0,0.0,0.0,0.0
26-12 07:00:00,0.0,0.0,0.0,0.0,0.0,0.0
26-12 08:00:00,0.0,0.0,0.0,0.0,0.0,0.0
26-12 09:00:00,8.0,6.0,23.84,17.8,18.61,14.85
26-12 10:00:00,226.0,45.0,259.0,90.0,91.0,142.2
26-12 11:00:00,475.0,179.0,501.0,215.0,402.0,354.4
26-12 12:00:00,725.0,406.0,738.0,262.0,708.0,567.8
26-12 13:00:00,891.0,709.0,901.0,463.0,885.0,769.8
26-12 14:00:00,614.0,734.0,922.0,465.0,997.0,746.4
26-12 15:00:00,781.0,846.0,1149.0,500.0,1018.0,858.8
26-12 16:00:00,265.0,933.0,1082.0,217.0,1047.0,708.8
26-12 17:00:00,225.0,938.0,969.0,138.0,824.0,618.8
26-12 18:00:00,116.0,602.0,832.0,90.0,696.0,467.2
26-12 19:00:00,59.0,199.0,568.0,86.0,79.0,198.2
26-12 20:00:00,32.0,32.0,366.0,43.0,32.0,101.0
26-12 21:00:00,109.0,11.0,108.0,11.0,11.0,50.0
26-12 22:00:00,0.0,0.0,0.0,0.0,0.0,0.0
26-12 23:00:00,0.0,0.0,0.0,0.0,0.0,0.0
27-12 00:00:00,0.0,0.0,0.0,0.0,0.0,0.0
27-12 01:00:00,0.0,0.0,0.0,0.0,0.0,0.0
27-12 02:00:00,0.0,0.0,0.0,0.0,0.0,0.0
27-12 03:00:00,0.0,0.0,0.0,0.0,0.0,0.0
27-12 04:00:00,0.0,0.0,0.0,0.0,0.0,0.0
27-12 05:00:00,0.0,0.0,0.0,0.0,0.0,0.0
27-12 06:00:00,0.0,0.0,0.0,0.0,0.0,0.0
27-12 07:00:00,0.0,0.0,0.0,0.0,0.0,0.0
27-12 08:00:00,0.0,0.0,0.0,0.0,0.0,0.0
27-12 09:00:00,23.63,25.18,23.63,15.82,25.18,22.688
27-12 10:00:00,258.0,234.0,249.0,136.0,238.0,223.0
27-12 11:00:00,497.0,399.0,501.0,171.0,488.0,411.2
27-12 12:00:00,707.0,710.0,735.0,335.0,680.0,633.4
27-12 13:00:00,899.0,719.0,957.0,440.0,929.0,788.8
27-12 14:00:00,848.0,751.0,1068.0,538.0,1008.0,842.6
27-12 15:00:00,983.0,1020.0,1095.0,639.0,1013.0,950.0
27-12 16:00:00,1029.0,957.0,1069.0,659.0,623.0,867.4
27-12 17:00:00,969.0,619.0,974.0,936.0,127.0,725.0
27-12 18:00:00,796.0,196.0,837.0,736.0,112.0,535.4
27-12 19:00:00,599.0,54.0,559.0,493.0,71.0,355.2
27-12 20:00:00,374.0,32.0,375.0,229.0,34.0,208.8
27-12 21:00:00,89.0,11.0,118.0,11.0,104.0,66.6
27-12 22:00:00,0.0,0.0,0.0,0.0,0.0,0.0
27-12 23:00:00,0.0,0.0,0.0,0.0,0.0,0.0
28-12 00:00:00,0.0,0.0,0.0,0.0,0.0,0.0
28-12 01:00:00,0.0,0.0,0.0,0.0,0.0,0.0
28-12 02:00:00,0.0,0.0,0.0,0.0,0.0,0.0
28-12 03:00:00,0.0,0.0,0.0,0.0,0.0,0.0
28-12 04:00:00,0.0,0.0,0.0,0.0,0.0,0.0
28-12 05:00:00,0.0,0.0,0.0,0.0,0.0,0.0
28-12 06:00:00,0.0,0.0,0.0,0.0,0.0,0.0
28-12 07:00:00,0.0,0.0,0.0,0.0,0.0,0.0
28-12 08:00:00,0.0,0.0,0.0,0.0,0.0,0.0
28-12 09:00:00,19.55,7.0,20.33,12.0,24.35,16.645999999999997
28-12 10:00:00,238.0,50.0,164.0,95.0,229.0,155.2
28-12 11:00:00,500.0,96.0,346.0,265.0,437.0,328.8
28-12 12:00:00,722.0,208.0,306.0,527.0,691.0,490.8
28-12 13:00:00,909.0,223.0,670.0,836.0,889.0,705.4
28-12 14:00:00,852.0,343.0,972.0,1005.0,991.0,832.6
28-12 15:00:00,994.0,333.0,1093.0,1065.0,1007.0,898.4
28-12 16:00:00,942.0,478.0,1044.0,1063.0,1000.0,905.4
28-12 17:00:00,1004.0,330.0,509.0,969.0,901.0,742.6
28-12 18:00:00,826.0,245.0,607.0,823.0,795.0,659.2
28-12 19:00:00,626.0,403.0,54.0,619.0,585.0,457.4
28-12 20:00:00,353.0,250.0,33.0,358.0,268.0,252.4
28-12 21:00:00,99.0,11.0,48.0,14.0,69.0,48.2
28-12 22:00:00,0.0,0.0,0.0,0.0,0.0,0.0
28-12 23:00:00,0.0,0.0,0.0,0.0,0.0,0.0
29-12 00:00:00,0.0,0.0,0.0,0.0,0.0,0.0
29-12 01:00:00,0.0,0.0,0.0,0.0,0.0,0.0
29-12 02:00:00,0.0,0.0,0.0,0.0,0.0,0.0
29-12 03:00:00,0.0,0.0,0.0,0.0,0.0,0.0
29-12 04:00:00,0.0,0.0,0.0,0.0,0.0,0.0
29-12 05:00:00,0.0,0.0,0.0,0.0,0.0,0.0
29-12 06:00:00,0.0,0.0,0.0,0.0,0.0,0.0
29-12 07:00:00,0.0,0.0,0.0,0.0,0.0,0.0
29-12 08:00:00,0.0,0.0,0.0,0.0,0.0,0.0
29-12 09:00:00,20.91,21.69,21.84,20.13,18.56,20.625999999999998
29-12 10:00:00,174.0,241.0,155.0,56.0,238.0,172.8
29-12 11:00:00,488.0,474.0,388.0,152.0,478.0,396.0
29-12 12:00:00,726.0,735.0,471.0,277.0,714.0,584.6
29-12 13:00:00,909.0,878.0,598.0,588.0,880.0,770.6
29-12 14:00:00,928.0,891.0,867.0,786.0,1016.0,897.6
29-12 15:00:00,1051.0,777.0,942.0,741.0,871.0,876.4
29-12 16:00:00,1017.0,1057.0,1040.0,738.0,833.0,937.0
29-12 17:00:00,938.0,894.0,834.0,559.0,267.0,698.4
29-12 18:00:00,842.0,803.0,210.0,505.0,164.0,504.8
29-12 19:00:00,638.0,606.0,400.0,430.0,295.0,473.8
29-12 20:00:00,353.0,364.0,196.0,271.0,95.0,255.8
29-12 21:00:00,98.0,11.0,16.0,11.0,11.0,29.4
29-12 22:00:00,0.0,0.0,0.0,0.0,0.0,0.0
29-12 23:00:00,0.0,0.0,0.0,0.0,0.0,0.0
30-12 00:00:00,0.0,0.0,0.0,0.0,0.0,0.0
30-12 01:00:00,0.0,0.0,0.0,0.0,0.0,0.0
30-12 02:00:00,0.0,0.0,0.0,0.0,0.0,0.0
30-12 03:00:00,0.0,0.0,0.0,0.0,0.0,0.0
30-12 04:00:00,0.0,0.0,0.0,0.0,0.0,0.0
30-12 05:00:00,0.0,0.0,0.0,0.0,0.0,0.0
30-12 06:00:00,0.0,0.0,0.0,0.0,0.0,0.0
30-12 07:00:00,0.0,0.0,0.0,0.0,0.0,0.0
30-12 08:00:00,0.0,0.0,0.0,0.0,0.0,0.0
30-12 09:00:00,3.0,23.18,22.41,4.0,20.86,14.690000000000001
30-12 10:00:00,140.0,243.0,121.0,42.0,244.0,158.0
30-12 11:00:00,483.0,473.0,279.0,96.0,332.0,332.6
30-12 12:00:00,680.0,731.0,410.0,125.0,670.0,523.2
30-12 13:00:00,899.0,912.0,476.0,260.0,864.0,682.2
30-12 14:00:00,875.0,1048.0,331.0,358.0,1009.0,724.2
30-12 15:00:00,980.0,1100.0,618.0,390.0,1053.0,828.2
30-12 16:00:00,846.0,1052.0,678.0,487.0,1029.0,818.4
30-12 17:00:00,824.0,901.0,282.0,494.0,776.0,655.4
30-12 18:00:00,660.0,682.0,209.0,297.0,525.0,474.6
30-12 19:00:00,424.0,599.0,152.0,99.0,503.0,355.4
30-12 20:00:00,355.0,294.0,33.0,95.0,99.0,175.2
30-12 21:00:00,124.0,12.0,11.0,30.0,11.0,37.6
30-12 22:00:00,0.0,0.0,0.0,0.0,0.0,0.0
30-12 23:00:00,0.0,0.0,0.0,0.0,0.0,0.0
31-12 00:00:00,0.0,0.0,0.0,0.0,0.0,0.0
31-12 01:00:00,0.0,0.0,0.0,0.0,0.0,0.0
31-12 02:00:00,0.0,0.0,0.0,0.0,0.0,0.0
31-12 03:00:00,0.0,0.0,0.0,0.0,0.0,0.0
31-12 04:00:00,0.0,0.0,0.0,0.0,0.0,0.0
31-12 05:00:00,0.0,0.0,0.0,0.0,0.0,0.0
31-12 06:00:00,0.0,0.0,0.0,0.0,0.0,0.0
31-12 07:00:00,0.0,0.0,0.0,0.0,0.0,0.0
31-12 08:00:00,0.0,0.0,0.0,0.0,0.0,0.0
31-12 09:00:00,8.0,2.0,17.37,4.0,7.0,7.674000000000001
31-12 10:00:00,202.0,140.0,122.0,68.0,34.0,113.2
31-12 11:00:00,424.0,427.0,356.0,389.0,49.0,329.0
31-12 12:00:00,445.0,459.0,484.0,540.0,114.0,408.4
31-12 13:00:00,562.0,523.0,468.0,609.0,236.0,479.6
31-12 14:00:00,912.0,940.0,577.0,801.0,369.0,719.8
31-12 15:00:00,1008.0,1083.0,631.0,1056.0,534.0,862.4
31-12 16:00:00,612.0,1004.0,675.0,788.0,878.0,791.4
31-12 17:00:00,594.0,877.0,532.0,319.0,772.0,618.8
31-12 18:00:00,229.0,761.0,495.0,80.0,662.0,445.4
31-12 19:00:00,54.0,528.0,169.0,54.0,473.0,255.6
31-12 20:00:00,33.0,242.0,52.0,33.0,250.0,122.0
31-12 21:00:00,17.0,12.0,11.0,11.0,83.0,26.8
31-12 22:00:00,0.0,0.0,0.0,0.0,0.0,0.0
31-12 23:00:00,0.0,0.0,0.0,0.0,0.0,0.0
